Feed_Flow_kgph,Feed_Ethanol_Fraction,Reflux_Ratio,Reboiler_Duty_MJph,Condenser_Duty_MJph,Column_Efficiency,Product_Purity_percent,Ethanol_Production_kgph,Energy_Consumption_MJpkg
81.0,0.103,2.53,47.1,31.9,0.92,90.03,7.44,6.33
73.3,0.1,2.04,37.0,23.0,0.908,89.3,6.52,5.68
82.8,0.141,1.51,47.6,33.4,0.96,87.71,10.96,4.35
93.3,0.118,1.6,48.6,32.4,0.951,87.45,10.22,4.76
72.2,0.126,1.94,41.3,27.3,0.903,89.08,8.01,5.16
72.2,0.09,2.42,38.8,25.1,0.979,88.89,6.22,6.24
94.0,0.135,2.15,60.8,43.5,0.951,89.43,11.79,5.16
84.2,0.119,2.61,53.2,37.0,0.917,89.28,8.97,5.93
69.4,0.087,2.93,38.0,25.0,0.967,89.91,5.71,6.65
81.5,0.128,2.54,55.6,39.9,0.971,89.28,9.88,5.62
69.4,0.109,1.31,33.4,19.1,0.946,87.61,7.0,4.76
69.4,0.116,1.96,39.9,26.3,0.971,88.31,7.64,5.22
77.9,0.097,2.54,41.8,27.1,0.902,89.19,6.64,6.28
52.0,0.117,2.04,30.8,20.5,0.976,89.4,5.81,5.3
54.3,0.085,1.29,22.8,12.0,0.905,87.87,4.07,5.6
68.3,0.092,1.82,32.4,19.4,0.951,87.99,5.8,5.58
62.8,0.142,1.2,33.0,20.9,0.928,87.62,8.08,4.08
78.8,0.109,1.96,41.7,27.5,0.903,89.28,7.57,5.51
64.1,0.103,1.76,32.7,20.2,0.974,89.16,6.26,5.21
58.1,0.117,1.92,32.7,21.3,0.911,88.83,6.01,5.44
92.6,0.124,2.69,63.7,46.3,0.968,89.17,10.82,5.88
72.3,0.111,1.43,35.9,22.1,0.926,87.3,7.27,4.94
75.8,0.163,1.74,51.2,37.4,0.959,88.38,11.57,4.42
57.9,0.12,1.53,31.3,20.5,0.92,88.32,6.26,5.01
68.5,0.11,2.64,41.8,28.8,0.947,89.34,6.93,6.03
76.3,0.083,2.67,38.8,25.0,0.964,89.87,5.98,6.5
61.2,0.097,2.28,32.9,21.0,0.945,89.38,5.49,5.99
79.5,0.111,2.25,44.6,30.2,0.925,89.05,7.92,5.63
67.8,0.085,1.5,28.1,14.8,0.919,88.05,5.19,5.42
71.5,0.123,2.2,44.0,30.3,0.914,89.7,7.86,5.6
67.8,0.09,1.54,31.4,18.2,0.967,88.39,5.76,5.46
97.2,0.105,2.12,52.3,34.8,0.949,88.74,9.49,5.51
74.8,0.11,1.93,40.8,26.7,0.941,88.79,7.54,5.41
62.3,0.15,1.8,40.7,28.4,0.92,89.33,8.36,4.87
84.9,0.167,2.11,62.8,47.0,0.935,89.54,12.88,4.87
60.3,0.132,2.44,41.3,29.3,0.95,89.64,7.38,5.59
77.5,0.099,2.99,46.6,32.5,0.906,89.85,6.8,6.85
51.5,0.109,2.38,31.4,20.8,0.929,89.56,5.09,6.17
59.1,0.102,3.2,37.0,25.8,0.919,89.51,5.39,6.87
77.4,0.105,2.2,44.5,29.3,0.952,89.04,7.54,5.91
83.9,0.104,2.99,52.7,37.2,0.949,89.7,8.1,6.51
77.1,0.097,2.32,41.4,26.7,0.924,88.54,6.72,6.17
73.6,0.124,2.22,43.7,30.1,0.903,89.25,8.07,5.41
71.4,0.13,2.02,42.9,29.5,0.915,88.93,8.27,5.19
57.3,0.098,2.25,30.0,19.0,0.913,90.06,4.99,6.02
66.4,0.099,2.32,36.9,25.0,0.945,89.27,6.06,6.09
69.5,0.138,1.39,35.2,23.2,0.914,88.69,8.53,4.13
87.7,0.097,2.45,47.0,31.1,0.939,89.08,7.77,6.06
79.1,0.123,1.36,39.0,25.1,0.949,87.85,8.99,4.33
53.8,0.142,2.45,40.1,29.3,0.97,90.03,7.24,5.53
78.9,0.093,2.4,40.7,26.2,0.92,88.97,6.57,6.2
70.4,0.1,2.81,38.8,26.6,0.915,89.49,6.25,6.2
66.9,0.101,1.67,32.1,19.6,0.914,88.15,6.02,5.33
82.3,0.106,1.61,40.6,25.4,0.929,88.08,7.93,5.12
87.4,0.114,2.65,56.9,40.4,0.952,88.78,9.28,6.13
86.2,0.101,1.56,40.1,24.5,0.954,87.93,8.11,4.95
64.9,0.12,1.51,32.8,21.1,0.917,87.89,6.98,4.7
71.3,0.125,2.2,41.8,29.1,0.91,89.4,7.93,5.27
79.0,0.173,2.08,60.0,45.5,0.936,89.8,12.48,4.8
86.7,0.138,2.18,55.4,39.9,0.911,89.76,10.65,5.2
69.2,0.123,2.37,44.3,31.4,0.965,89.64,8.03,5.53
72.8,0.111,2.37,42.0,28.3,0.907,89.23,7.12,5.9
61.7,0.107,2.06,35.0,22.9,0.96,88.91,6.16,5.68
60.6,0.135,2.12,39.0,27.1,0.903,89.82,7.23,5.4
84.8,0.105,2.07,45.6,30.3,0.965,88.74,8.35,5.46
91.3,0.105,2.12,51.1,34.2,0.95,88.47,8.9,5.74
74.1,0.097,1.41,32.8,19.5,0.926,87.68,6.48,5.05
87.0,0.107,2.48,51.1,35.1,0.932,88.5,8.43,6.06
79.3,0.094,2.62,44.2,29.5,0.954,89.24,6.96,6.35
67.3,0.112,2.42,39.5,26.7,0.915,89.19,6.69,5.91
79.3,0.105,2.38,45.9,31.7,0.971,89.06,7.92,5.8
93.5,0.113,1.6,46.4,29.9,0.939,88.7,9.71,4.78
74.6,0.111,1.39,37.4,23.2,0.961,87.58,7.75,4.83
93.8,0.126,2.52,60.8,44.0,0.941,89.58,10.81,5.63
50.0,0.113,2.11,29.3,19.1,0.936,89.81,5.15,5.69
84.9,0.12,2.18,49.1,33.7,0.938,89.39,9.34,5.25
76.0,0.121,2.21,46.8,31.5,0.929,89.38,8.3,5.64
71.4,0.117,2.23,43.6,30.3,0.959,88.91,7.8,5.59
76.1,0.119,2.42,49.9,35.2,0.968,89.19,8.53,5.85
51.1,0.107,2.05,29.4,18.3,0.968,88.87,5.17,5.69
72.4,0.146,1.2,38.3,24.2,0.91,87.49,9.35,4.09
79.3,0.118,2.44,50.6,36.0,0.961,89.25,8.74,5.79
92.7,0.088,2.39,46.8,30.0,0.916,88.45,7.27,6.43
68.8,0.096,1.45,28.5,16.8,0.901,88.0,5.78,4.92
65.3,0.117,1.52,31.0,19.5,0.922,88.11,6.9,4.5
69.0,0.108,2.54,40.3,27.3,0.923,89.35,6.71,6.01
86.0,0.113,2.66,54.9,39.4,0.965,88.81,9.12,6.02
78.9,0.087,1.2,30.4,16.2,0.959,86.83,6.4,4.74
68.6,0.12,2.32,41.9,28.9,0.907,89.43,7.3,5.74
81.2,0.089,1.99,37.5,22.7,0.926,88.33,6.53,5.74
76.2,0.142,2.14,49.5,35.8,0.92,89.57,9.73,5.09
86.6,0.101,2.17,47.1,30.8,0.948,88.85,8.06,5.84
66.6,0.117,1.72,35.3,23.1,0.943,88.87,7.13,4.94
71.1,0.096,2.43,40.4,26.8,0.954,89.45,6.37,6.35
70.3,0.084,1.76,32.4,19.1,0.973,88.53,5.57,5.81
57.4,0.095,2.47,31.2,19.5,0.934,90.03,4.97,6.29
78.6,0.106,2.58,47.4,33.0,0.952,89.39,7.76,6.11
78.1,0.087,1.66,34.5,20.6,0.973,87.7,6.43,5.38
75.1,0.159,1.68,49.3,35.5,0.943,88.82,11.0,4.48
72.2,0.111,2.16,40.8,27.3,0.925,89.0,7.23,5.64
58.0,0.099,2.85,35.0,23.3,0.932,89.39,5.21,6.71
70.0,0.132,1.8,42.8,29.3,0.96,88.07,8.67,4.93
70.9,0.106,1.9,37.1,23.9,0.958,88.85,7.03,5.28
65.4,0.124,2.26,41.1,28.7,0.96,89.52,7.61,5.41
73.1,0.093,2.43,39.5,25.5,0.959,89.83,6.38,6.18
79.8,0.134,2.36,55.0,39.8,0.974,90.14,10.13,5.43
97.6,0.096,2.12,50.9,33.1,0.961,88.77,8.78,5.8
77.1,0.11,1.95,42.1,27.7,0.968,89.0,8.04,5.24
78.1,0.11,2.27,44.0,29.4,0.946,88.86,7.93,5.55
74.1,0.139,1.2,39.1,25.2,0.952,87.58,9.59,4.08
52.0,0.115,3.03,37.4,26.9,0.977,90.03,5.69,6.56
74.7,0.117,2.01,43.0,29.4,0.97,89.05,8.27,5.2
75.7,0.13,2.19,48.0,34.5,0.962,89.08,9.22,5.21
100.0,0.094,3.15,61.0,43.4,0.955,89.29,8.77,6.96
72.7,0.105,1.73,36.2,22.8,0.929,87.98,6.93,5.22
78.6,0.132,3.2,61.6,46.7,0.944,91.0,9.57,6.43
74.6,0.121,2.47,45.0,31.2,0.904,90.01,7.98,5.64
61.0,0.107,2.32,34.8,22.9,0.933,89.88,5.93,5.86
88.7,0.127,2.42,56.5,40.3,0.909,88.88,9.99,5.66
84.0,0.101,1.68,42.1,26.4,0.958,87.57,7.91,5.32
84.5,0.101,1.28,37.4,22.1,0.971,87.24,8.08,4.63
64.1,0.098,1.51,28.3,16.4,0.914,87.94,5.59,5.06
91.8,0.119,2.64,57.4,41.3,0.92,89.99,9.83,5.84
58.2,0.1,1.63,29.2,17.7,0.969,88.65,5.5,5.31
82.0,0.141,1.27,42.6,28.7,0.947,87.64,10.67,4.0
100.0,0.172,2.06,74.3,56.2,0.947,89.86,15.86,4.68
63.1,0.097,2.39,35.5,23.0,0.945,89.39,5.65,6.28
68.2,0.107,2.12,37.1,24.2,0.917,89.19,6.54,5.67
76.2,0.126,2.4,48.4,34.1,0.919,89.85,8.6,5.63
69.0,0.119,2.68,45.9,33.0,0.976,89.46,7.83,5.86
56.4,0.104,2.39,33.1,22.0,0.958,89.86,5.49,6.03
75.8,0.119,2.02,43.0,29.0,0.907,89.22,8.0,5.38
62.3,0.124,1.83,34.9,22.6,0.918,88.69,6.93,5.03
80.7,0.126,2.49,53.2,38.4,0.95,90.17,9.42,5.65
64.0,0.144,2.24,43.2,31.4,0.923,89.58,8.3,5.2
93.6,0.128,1.67,50.9,33.8,0.92,87.73,10.73,4.74
65.6,0.106,2.75,39.7,27.2,0.916,89.37,6.23,6.36
71.1,0.098,2.23,36.7,23.6,0.915,88.7,6.19,5.94
84.8,0.106,2.43,48.7,32.9,0.949,89.21,8.34,5.83
60.2,0.118,1.9,35.6,23.2,0.972,89.64,6.71,5.3
77.7,0.089,2.67,41.1,26.5,0.929,89.28,6.25,6.58
90.7,0.11,1.31,40.8,24.0,0.91,87.81,8.84,4.62
55.7,0.154,2.94,45.9,34.9,0.91,90.82,7.6,6.04
77.2,0.175,1.2,48.7,33.8,0.975,86.96,12.81,3.8
78.1,0.117,1.41,38.8,24.0,0.942,88.14,8.4,4.61
84.4,0.089,2.23,41.5,26.2,0.937,88.56,6.86,6.04
60.2,0.122,1.83,34.7,22.8,0.971,89.21,6.97,4.97
59.2,0.088,1.94,27.9,16.3,0.941,88.76,4.78,5.84
81.3,0.104,1.83,40.6,25.7,0.938,89.47,7.74,5.24
78.6,0.118,1.71,43.3,28.3,0.974,88.64,8.82,4.92
78.0,0.125,2.26,48.3,34.4,0.938,89.52,8.91,5.43
79.2,0.144,2.08,52.5,37.7,0.931,89.72,10.38,5.06
66.8,0.088,2.54,36.1,23.6,0.947,88.76,5.46,6.62
77.8,0.112,2.14,43.4,29.6,0.978,89.42,8.27,5.25
78.5,0.102,1.89,41.3,26.7,0.977,88.52,7.62,5.42
66.4,0.127,2.49,44.5,32.1,0.962,89.46,7.88,5.65
97.4,0.093,1.2,39.8,22.5,0.94,86.9,8.31,4.79
80.7,0.091,1.2,33.2,18.7,0.971,86.31,6.92,4.8
60.7,0.114,1.31,29.4,16.9,0.934,88.07,6.27,4.69
82.9,0.085,1.93,38.0,23.7,0.951,88.33,6.55,5.8
63.3,0.135,2.3,41.1,29.8,0.914,89.66,7.6,5.4
84.4,0.123,1.2,41.7,26.0,0.953,86.37,9.62,4.33
88.9,0.11,2.09,49.9,33.5,0.922,89.12,8.83,5.65
65.2,0.103,1.92,32.9,21.1,0.962,88.94,6.27,5.25
86.6,0.112,2.17,48.7,33.1,0.933,88.78,8.84,5.52
80.0,0.111,1.2,36.9,21.8,0.932,86.76,8.07,4.57
84.9,0.143,3.2,70.3,54.8,0.96,90.24,11.35,6.19
97.8,0.144,2.12,64.4,46.5,0.934,89.22,12.78,5.04
72.1,0.142,1.49,42.4,28.9,0.957,88.41,9.55,4.44
66.0,0.147,2.16,46.0,33.7,0.968,89.32,9.13,5.04
64.3,0.122,2.85,43.4,31.7,0.911,89.99,6.95,6.25
65.2,0.101,1.46,29.6,17.2,0.938,88.02,6.0,4.94
74.1,0.137,1.35,41.9,28.3,0.976,88.43,9.68,4.32
79.1,0.146,2.04,52.6,37.5,0.965,88.89,10.84,4.85
78.3,0.132,2.08,51.5,36.5,0.978,88.97,9.88,5.21
84.9,0.133,2.45,58.6,43.1,0.969,90.16,10.68,5.49
75.2,0.104,2.84,44.7,30.7,0.925,89.57,7.03,6.36
92.4,0.134,2.49,61.7,45.1,0.914,89.49,11.04,5.59
71.8,0.097,1.41,30.0,16.7,0.917,88.0,6.22,4.82
100.0,0.141,1.56,56.2,38.6,0.917,88.79,12.65,4.44
82.5,0.105,1.7,39.7,24.5,0.906,87.85,7.69,5.16
64.7,0.09,2.49,33.6,21.3,0.973,90.06,5.53,6.07
62.1,0.151,2.4,46.7,34.2,0.94,89.98,8.58,5.44
80.8,0.134,2.73,56.6,41.8,0.908,89.82,9.56,5.92
72.3,0.124,2.38,49.1,34.6,0.961,89.52,8.41,5.84
83.6,0.12,1.79,46.4,30.3,0.926,89.1,9.07,5.11
80.7,0.105,2.0,39.6,25.0,0.906,89.09,7.48,5.3
74.1,0.129,1.37,37.7,23.9,0.915,87.86,8.55,4.41
64.8,0.097,2.41,36.0,24.2,0.953,88.92,5.84,6.16
56.8,0.092,1.79,26.2,15.3,0.964,88.55,4.92,5.33
69.6,0.141,2.71,51.2,37.9,0.92,89.5,8.81,5.81
85.3,0.132,2.4,57.1,41.4,0.946,89.73,10.41,5.49
77.6,0.14,3.07,59.2,45.1,0.9,89.76,9.54,6.2
60.1,0.155,2.31,44.9,33.3,0.922,89.96,8.37,5.36
77.1,0.095,2.3,40.1,25.5,0.915,89.43,6.56,6.11
79.6,0.124,2.01,45.5,30.8,0.906,89.28,8.7,5.23
64.4,0.11,1.91,34.6,21.7,0.939,89.07,6.5,5.32
76.8,0.127,1.97,45.5,31.2,0.95,88.76,9.08,5.01
75.7,0.105,2.6,43.2,29.7,0.904,89.55,7.02,6.15
61.3,0.137,1.43,32.7,21.6,0.911,88.07,7.47,4.38
79.3,0.133,2.13,50.7,36.2,0.975,89.44,10.04,5.05
81.7,0.122,1.27,39.2,24.6,0.918,86.95,8.94,4.39
88.0,0.085,2.29,42.6,27.1,0.961,89.14,7.0,6.08
87.6,0.108,1.87,45.8,29.9,0.96,88.57,8.84,5.18
58.5,0.154,2.35,44.1,32.4,0.926,90.04,8.1,5.44
63.7,0.127,1.73,35.4,23.4,0.916,88.99,7.26,4.87
81.2,0.143,1.97,51.3,36.2,0.92,89.12,10.37,4.95
81.2,0.086,2.42,42.1,26.6,0.945,88.96,6.42,6.56
81.2,0.085,2.16,38.5,23.3,0.93,89.15,6.29,6.12
100.0,0.11,2.87,63.2,45.6,0.94,89.6,10.1,6.26
81.9,0.123,1.86,46.4,31.3,0.965,89.0,9.49,4.89
88.6,0.128,1.82,50.6,34.6,0.94,88.72,10.37,4.88
86.4,0.106,2.72,55.0,38.9,0.98,89.19,8.76,6.27
82.8,0.113,1.92,44.9,29.6,0.953,89.07,8.67,5.18
71.2,0.09,1.89,32.1,18.8,0.917,88.24,5.7,5.63
84.1,0.118,2.29,51.0,35.6,0.94,89.8,9.08,5.62
65.7,0.094,2.02,33.7,21.3,0.965,89.12,5.82,5.79
72.2,0.132,1.94,42.7,29.8,0.917,89.54,8.52,5.01
69.2,0.112,1.75,36.0,23.7,0.958,88.8,7.26,4.96
76.0,0.131,2.78,53.5,39.0,0.903,89.75,8.76,6.11
100.0,0.102,2.02,52.1,33.6,0.975,88.78,9.67,5.39
52.6,0.116,1.82,29.1,18.7,0.953,88.55,5.69,5.13
83.2,0.102,1.95,42.5,26.8,0.913,88.4,7.54,5.64
55.6,0.098,2.28,31.6,20.1,0.97,89.28,5.15,6.14
69.3,0.107,2.83,43.0,30.1,0.907,89.14,6.54,6.57
88.1,0.098,2.02,44.7,28.9,0.932,88.8,7.85,5.7
75.8,0.134,1.67,43.6,29.2,0.959,89.09,9.52,4.58
62.1,0.113,3.06,44.5,32.0,0.975,89.3,6.64,6.7
66.4,0.107,2.17,36.1,23.8,0.928,89.04,6.4,5.64
83.2,0.115,2.05,48.0,32.1,0.966,88.83,9.0,5.34
66.2,0.105,2.14,36.8,24.3,0.916,89.24,6.19,5.94
77.6,0.11,1.48,35.6,21.1,0.903,88.2,7.48,4.76
75.5,0.128,2.08,44.6,30.6,0.902,89.1,8.48,5.26
67.2,0.111,2.48,40.8,28.0,0.953,89.83,6.92,5.9
100.0,0.109,2.71,60.1,42.5,0.912,89.16,9.72,6.18
82.6,0.136,1.92,48.7,33.0,0.904,88.77,9.9,4.91
50.7,0.093,2.19,25.7,16.3,0.978,89.36,4.49,5.73
77.2,0.102,2.72,45.2,31.2,0.919,88.96,7.09,6.37
67.1,0.106,2.12,36.4,23.1,0.937,89.02,6.51,5.58
85.2,0.149,2.46,64.6,48.1,0.949,89.6,11.71,5.52
65.5,0.115,2.31,38.6,26.3,0.912,89.22,6.67,5.79
73.6,0.108,1.77,36.9,22.5,0.929,89.43,7.21,5.12
81.1,0.09,1.64,36.5,21.0,0.952,88.43,6.74,5.41
85.4,0.101,2.63,50.0,34.2,0.951,89.27,7.96,6.28
60.6,0.127,1.2,29.8,18.3,0.967,87.72,7.27,4.1
71.0,0.097,1.77,33.5,19.6,0.935,88.63,6.27,5.34
69.3,0.121,1.4,35.1,22.1,0.971,88.19,7.92,4.43
67.2,0.144,2.63,52.5,39.6,0.955,90.55,9.03,5.82
96.2,0.109,2.78,59.9,43.4,0.945,89.55,9.64,6.22
79.9,0.103,1.74,38.2,23.6,0.909,87.64,7.3,5.23
59.9,0.089,3.2,34.6,23.3,0.946,89.99,4.92,7.04
86.0,0.115,2.79,56.2,40.4,0.948,89.17,9.17,6.13
100.0,0.122,2.2,62.1,44.2,0.961,88.7,11.44,5.43
87.4,0.093,2.85,51.1,35.3,0.958,89.54,7.56,6.76
56.8,0.086,1.78,25.4,14.3,0.942,87.89,4.46,5.69
69.2,0.116,1.96,38.6,25.9,0.947,89.6,7.4,5.22
90.2,0.107,2.33,51.0,35.2,0.962,89.27,9.02,5.65
66.5,0.141,1.75,40.7,28.3,0.928,89.14,8.48,4.8
80.3,0.091,1.46,33.1,18.4,0.911,87.88,6.48,5.11
84.3,0.143,1.63,51.8,36.0,0.97,88.95,11.4,4.54
63.9,0.116,2.0,36.2,24.1,0.977,89.21,7.04,5.14
74.3,0.112,2.33,44.3,30.3,0.934,89.56,7.6,5.83
50.0,0.136,1.93,31.6,21.9,0.979,89.15,6.5,4.87
62.7,0.14,1.28,33.4,21.3,0.926,88.24,7.93,4.21
72.0,0.106,2.34,38.7,25.9,0.905,89.46,6.71,5.77
60.0,0.124,2.74,42.2,30.9,0.946,90.42,6.84,6.17
94.6,0.11,1.77,49.1,33.0,0.969,88.32,9.85,4.98
57.8,0.093,2.93,33.4,22.6,0.949,89.78,4.97,6.72
69.7,0.12,2.53,42.7,30.1,0.901,89.29,7.36,5.81
76.6,0.108,1.57,37.6,23.1,0.901,88.13,7.29,5.16
92.3,0.099,1.78,43.1,26.2,0.958,88.39,8.55,5.04
57.8,0.1,1.94,30.9,19.2,0.968,89.21,5.46,5.66
89.0,0.126,2.01,50.7,35.0,0.92,89.49,10.08,5.03
75.1,0.114,1.2,36.4,22.0,0.938,87.35,7.82,4.65
63.2,0.105,1.72,34.0,22.1,0.977,88.55,6.33,5.36
80.5,0.106,1.82,41.7,26.1,0.937,88.7,7.79,5.35
77.4,0.091,3.05,43.8,29.5,0.911,89.21,6.24,7.02
67.8,0.134,2.21,45.9,32.4,0.973,90.0,8.64,5.31
75.8,0.111,1.7,39.8,24.5,0.94,88.19,7.74,5.14
70.4,0.118,1.88,38.6,25.2,0.928,88.76,7.54,5.13
76.4,0.117,2.31,46.1,31.1,0.908,88.92,7.92,5.81
82.9,0.147,1.91,53.7,38.6,0.937,89.13,11.14,4.82
94.0,0.115,1.81,51.4,33.8,0.962,88.61,10.13,5.07
60.1,0.1,1.82,30.4,18.8,0.957,89.32,5.63,5.41
100.0,0.115,2.34,59.5,41.3,0.94,88.93,10.57,5.63
51.6,0.085,1.41,22.5,12.0,0.958,87.75,4.09,5.49
73.2,0.106,1.56,34.6,21.0,0.928,87.17,6.99,4.95
82.1,0.124,1.64,44.8,30.3,0.959,88.44,9.53,4.7
78.4,0.099,1.55,34.9,20.9,0.907,87.94,6.86,5.09
67.5,0.146,1.69,41.4,28.1,0.916,88.96,8.83,4.69
72.5,0.094,2.55,40.6,26.9,0.97,89.79,6.43,6.31
69.1,0.127,2.62,46.8,33.3,0.923,89.95,7.9,5.92
67.9,0.104,2.24,36.8,24.1,0.916,89.05,6.3,5.84
85.2,0.155,2.21,60.4,44.9,0.907,89.21,11.68,5.17
79.3,0.115,1.77,42.4,27.8,0.931,88.14,8.31,5.1
66.7,0.095,1.2,26.8,14.8,0.905,86.94,5.62,4.77
85.8,0.135,2.17,54.9,39.3,0.94,89.37,10.62,5.17
78.7,0.121,2.25,49.9,35.5,0.974,88.51,9.04,5.52
84.8,0.132,1.76,50.1,34.5,0.963,88.61,10.47,4.78
82.6,0.132,1.56,44.2,29.1,0.903,88.58,9.63,4.59
65.1,0.102,1.46,29.9,16.9,0.924,87.61,5.99,4.99
68.3,0.162,2.18,50.4,37.7,0.915,89.77,9.85,5.12
84.0,0.141,2.14,53.9,38.1,0.905,88.96,10.46,5.15
82.3,0.133,2.7,57.9,42.7,0.909,88.73,9.71,5.97
74.7,0.111,1.7,40.3,26.4,0.973,88.16,7.87,5.13
76.4,0.092,1.96,36.6,22.0,0.925,88.23,6.33,5.78
90.3,0.086,2.11,42.3,25.9,0.931,88.78,7.06,5.98
67.9,0.091,1.83,32.0,19.4,0.939,88.69,5.64,5.68
81.6,0.101,2.52,46.3,31.4,0.96,88.83,7.72,6.0
72.6,0.106,2.72,44.1,30.4,0.964,89.97,7.25,6.09
72.4,0.103,1.55,34.1,21.3,0.977,88.32,7.1,4.81
88.2,0.138,1.87,53.1,37.1,0.917,88.77,10.9,4.87
84.9,0.125,2.76,57.9,42.1,0.924,89.69,9.55,6.07
84.8,0.147,2.26,59.6,44.1,0.925,89.16,11.25,5.3
90.7,0.101,2.16,47.6,31.1,0.936,87.88,8.39,5.68
75.3,0.123,2.27,47.7,33.5,0.965,89.39,8.73,5.46
83.2,0.148,2.43,60.7,45.3,0.919,89.18,11.0,5.51
71.3,0.147,2.29,50.5,37.8,0.963,89.64,9.83,5.14
78.9,0.082,2.21,38.4,23.2,0.916,88.89,5.81,6.61
73.4,0.098,2.1,39.5,24.7,0.957,88.23,6.73,5.87
76.2,0.087,2.77,42.0,27.2,0.964,89.33,6.22,6.75
82.1,0.116,1.97,46.6,31.5,0.968,89.11,9.02,5.16
65.2,0.125,2.1,39.7,27.6,0.941,88.62,7.47,5.31
100.0,0.104,2.88,60.9,42.3,0.926,89.4,9.35,6.52
62.9,0.134,2.26,42.3,30.2,0.962,90.32,7.89,5.36
60.4,0.107,2.07,33.1,21.0,0.926,89.07,5.85,5.66
88.9,0.097,2.42,47.5,31.7,0.912,89.22,7.69,6.18
84.5,0.112,2.21,50.1,34.4,0.967,88.68,8.96,5.59
82.5,0.088,1.73,36.7,21.4,0.933,88.42,6.59,5.57
82.5,0.125,2.22,51.7,35.9,0.946,89.4,9.54,5.42
74.9,0.151,1.7,48.9,34.5,0.973,88.99,10.71,4.56
64.2,0.137,3.01,48.9,36.5,0.911,90.2,7.81,6.25
75.9,0.128,2.22,48.4,33.5,0.945,89.48,8.93,5.42
66.9,0.131,1.63,37.3,24.7,0.945,88.64,8.06,4.62
86.7,0.109,1.9,47.8,31.3,0.969,88.24,8.94,5.35
73.2,0.129,2.48,48.4,34.4,0.927,89.57,8.51,5.68
65.1,0.103,1.55,31.0,18.3,0.932,88.17,6.07,5.11
71.1,0.107,3.2,49.4,34.8,0.942,89.33,6.98,7.07
80.0,0.125,1.37,39.8,25.9,0.913,87.74,8.89,4.48
68.2,0.108,2.56,40.9,28.5,0.938,89.48,6.74,6.07
65.1,0.113,1.86,36.1,23.2,0.935,88.7,6.72,5.38
77.9,0.103,1.7,38.3,23.4,0.916,88.42,7.19,5.32
77.9,0.136,2.37,54.0,39.4,0.967,89.76,10.01,5.39
68.9,0.117,1.87,38.6,25.2,0.934,88.66,7.32,5.28
69.3,0.138,2.9,52.8,40.2,0.924,90.08,8.61,6.14
77.8,0.093,1.4,33.6,18.4,0.91,87.83,6.44,5.21
57.6,0.101,2.38,31.6,19.9,0.907,89.09,5.15,6.14
58.1,0.115,1.96,32.9,20.9,0.977,88.58,6.39,5.15
66.4,0.129,2.25,44.5,32.5,0.98,89.21,8.21,5.43
72.4,0.108,2.36,44.5,30.5,0.972,89.48,7.44,5.98
78.7,0.152,1.23,43.2,28.6,0.937,87.55,10.9,3.96
92.7,0.094,2.22,50.1,32.3,0.965,88.26,8.24,6.08
85.3,0.116,2.64,55.9,40.2,0.967,89.84,9.29,6.02
73.1,0.145,2.33,51.1,37.7,0.924,89.29,9.53,5.36
74.8,0.153,1.92,50.8,36.6,0.947,89.24,10.58,4.8
63.0,0.107,1.39,29.3,17.9,0.977,88.14,6.44,4.55
74.8,0.089,2.35,38.1,23.7,0.922,89.26,5.99,6.36
71.5,0.113,3.04,48.8,35.5,0.953,89.9,7.49,6.52
78.9,0.092,2.43,41.8,27.3,0.953,88.82,6.71,6.23
65.1,0.111,2.68,40.8,28.3,0.936,89.86,6.59,6.19
81.2,0.115,2.57,51.5,36.7,0.939,89.4,8.57,6.02
93.4,0.099,1.9,47.4,29.8,0.937,88.5,8.47,5.59
73.7,0.121,2.15,44.4,30.7,0.942,89.7,8.19,5.42
79.8,0.123,2.53,51.9,36.9,0.912,89.07,8.72,5.95
83.3,0.119,1.31,41.5,26.0,0.964,87.62,9.33,4.45
70.2,0.123,2.43,46.2,32.9,0.953,89.61,8.02,5.75
77.7,0.111,2.73,49.3,35.1,0.978,89.83,8.23,5.99
75.2,0.11,2.07,39.9,26.8,0.92,89.61,7.43,5.37
76.2,0.107,2.51,44.8,30.1,0.912,89.95,7.26,6.17
65.7,0.114,1.82,35.0,22.9,0.927,89.12,6.78,5.16
75.3,0.095,2.12,39.4,24.6,0.941,88.65,6.59,5.98
81.0,0.125,1.96,47.0,32.3,0.916,88.79,9.06,5.19
92.4,0.116,2.33,56.5,39.2,0.937,89.31,9.8,5.77
86.5,0.103,2.05,45.2,29.3,0.951,88.25,8.26,5.47
100.0,0.097,1.26,42.2,23.6,0.904,86.74,8.54,4.94
65.8,0.089,1.74,30.1,17.4,0.961,88.12,5.47,5.51
85.5,0.11,3.07,59.3,43.5,0.975,89.11,8.93,6.65
77.2,0.106,2.38,43.7,29.8,0.921,89.31,7.38,5.92
100.0,0.144,1.2,53.5,35.2,0.962,87.46,13.53,3.95
65.3,0.097,2.7,37.7,24.9,0.933,89.71,5.74,6.57
64.9,0.102,1.52,30.0,17.6,0.953,88.16,6.15,4.88
67.8,0.087,2.55,36.9,23.6,0.959,89.13,5.52,6.69
50.0,0.119,2.75,33.3,23.1,0.924,89.84,5.36,6.22
68.7,0.103,2.15,37.3,23.8,0.963,89.39,6.62,5.63
65.9,0.121,1.6,34.2,21.6,0.908,88.32,7.04,4.85
76.8,0.11,1.74,41.3,26.6,0.979,88.28,8.04,5.14
79.1,0.126,2.41,51.1,36.3,0.927,89.6,9.04,5.65
97.5,0.133,1.53,53.3,34.9,0.918,87.67,11.61,4.59
86.4,0.1,1.81,41.3,25.6,0.911,88.36,7.69,5.37
68.1,0.115,2.36,41.8,28.9,0.965,89.25,7.37,5.67
64.2,0.1,1.77,30.9,18.9,0.947,88.36,5.91,5.23
80.9,0.148,2.81,64.5,49.7,0.976,89.85,11.42,5.65
59.2,0.12,1.58,31.4,20.1,0.952,88.81,6.59,4.76
97.0,0.099,1.2,41.9,23.6,0.927,86.75,8.72,4.81
89.2,0.111,1.71,47.2,30.1,0.967,88.35,9.33,5.05
69.4,0.104,2.26,39.0,26.0,0.922,89.46,6.47,6.03
54.4,0.144,2.53,39.9,28.6,0.923,90.34,7.05,5.65
91.2,0.091,1.9,41.6,25.1,0.902,88.21,7.28,5.71
73.6,0.118,1.96,41.5,27.6,0.92,89.16,7.82,5.31
89.9,0.124,2.08,53.8,36.8,0.921,88.89,10.04,5.36
55.9,0.135,2.97,42.0,31.2,0.924,90.38,6.79,6.19
67.8,0.087,2.29,33.1,20.7,0.929,89.41,5.36,6.18
75.1,0.133,1.85,45.2,31.0,0.946,89.15,9.23,4.89
75.6,0.111,3.13,50.5,36.8,0.917,89.26,7.49,6.75
69.6,0.09,2.11,34.2,21.0,0.951,88.7,5.83,5.86
82.5,0.102,1.2,33.7,18.4,0.911,87.17,7.48,4.5
62.2,0.115,1.41,31.6,19.4,0.974,87.26,6.77,4.67
73.3,0.123,2.38,46.4,32.4,0.902,89.58,7.92,5.86
76.4,0.113,1.21,36.7,22.3,0.973,87.3,8.22,4.46
81.2,0.126,2.35,50.9,35.6,0.944,90.32,9.38,5.43
83.5,0.119,1.71,46.1,30.1,0.957,88.57,9.25,4.99
61.5,0.146,2.69,47.0,34.8,0.924,90.1,8.07,5.82
56.6,0.112,2.18,32.3,20.9,0.914,89.82,5.67,5.71
90.3,0.142,1.28,48.9,32.8,0.976,87.45,12.2,4.01
79.0,0.096,2.56,43.3,28.6,0.935,89.22,6.95,6.24
66.0,0.102,2.78,39.8,27.0,0.938,89.63,6.18,6.44
93.6,0.103,1.46,46.1,28.2,0.979,87.76,9.2,5.01
76.4,0.141,1.7,44.8,31.5,0.927,88.45,9.71,4.62
89.2,0.092,2.35,44.8,28.2,0.908,89.13,7.24,6.18
75.8,0.112,2.44,45.7,31.3,0.947,89.16,7.81,5.85
99.7,0.081,3.2,54.8,36.5,0.944,89.72,7.44,7.37
96.1,0.111,2.55,58.7,41.9,0.962,88.59,10.02,5.86
72.0,0.101,3.2,47.7,34.1,0.976,89.39,6.9,6.9
86.7,0.085,2.11,41.1,24.5,0.925,87.84,6.6,6.22
82.7,0.123,2.29,51.3,36.5,0.958,90.3,9.52,5.39
91.4,0.129,1.82,51.9,34.9,0.935,88.18,10.78,4.81
63.4,0.118,1.84,35.9,23.9,0.963,89.2,7.02,5.11
83.2,0.09,2.17,40.7,24.7,0.913,88.99,6.69,6.09
87.7,0.127,1.81,50.9,34.6,0.94,88.31,10.18,5.0
53.9,0.119,1.2,27.1,16.3,0.906,87.85,5.69,4.76
60.8,0.103,1.77,29.5,18.1,0.945,88.3,5.76,5.12
50.5,0.138,2.64,36.4,26.4,0.914,89.89,6.2,5.88
71.8,0.102,2.14,39.1,25.8,0.977,88.47,6.99,5.6
83.6,0.104,2.14,44.8,29.8,0.944,89.09,7.98,5.61
93.0,0.118,1.72,48.5,31.7,0.942,87.6,10.12,4.8
75.9,0.122,2.27,46.9,33.6,0.978,89.46,8.81,5.33
94.5,0.114,2.93,62.4,45.0,0.94,89.33,9.85,6.34
58.4,0.136,2.8,44.6,33.4,0.954,90.73,7.38,6.05
54.6,0.087,2.28,27.7,17.2,0.904,89.25,4.17,6.63
74.3,0.16,1.67,48.1,34.8,0.957,89.29,11.12,4.33
79.6,0.162,2.98,67.0,52.1,0.908,90.38,11.41,5.87
74.6,0.124,2.63,51.0,36.3,0.962,89.6,8.65,5.9
50.2,0.12,1.36,25.9,16.0,0.97,88.53,5.7,4.54
73.9,0.105,1.22,32.2,17.8,0.925,87.31,6.99,4.61
59.3,0.095,1.39,27.2,15.4,0.97,88.08,5.32,5.11
83.0,0.133,1.85,49.4,34.2,0.939,88.52,10.13,4.88
79.4,0.098,2.55,45.8,30.3,0.946,89.4,7.21,6.35
63.7,0.096,2.54,34.9,23.4,0.933,89.7,5.59,6.24
68.8,0.159,2.27,52.4,39.3,0.938,89.5,10.04,5.22
62.3,0.092,2.03,31.7,19.9,0.973,88.88,5.44,5.82
74.2,0.098,3.2,48.6,34.6,0.976,88.98,6.94,7.0
86.5,0.117,2.12,49.8,34.4,0.936,88.4,9.25,5.38
63.2,0.107,2.06,33.7,21.2,0.941,89.09,6.22,5.41
81.0,0.133,1.85,46.4,32.1,0.909,89.5,9.58,4.84
68.6,0.106,3.2,45.6,32.3,0.926,90.42,6.55,6.95
65.5,0.102,2.46,37.0,24.8,0.941,89.29,6.1,6.07
73.7,0.085,1.58,32.4,18.4,0.916,87.58,5.62,5.76
62.6,0.127,1.52,32.7,21.0,0.946,88.78,7.34,4.46
68.4,0.148,1.26,37.9,25.3,0.955,87.21,9.45,4.01
60.6,0.123,2.05,36.8,24.5,0.952,89.19,6.92,5.32
98.6,0.134,1.35,52.5,34.0,0.935,87.29,12.04,4.36
75.4,0.085,1.52,31.3,17.7,0.962,87.71,6.01,5.21
66.6,0.116,2.63,41.5,28.8,0.926,90.15,6.98,5.95
77.6,0.101,2.55,44.6,29.9,0.938,88.36,7.15,6.24
73.7,0.145,2.85,57.3,43.5,0.922,90.13,9.58,5.98
72.3,0.177,1.36,47.1,33.6,0.948,88.62,11.82,3.99
82.4,0.092,1.6,36.4,21.0,0.935,87.87,6.88,5.29
84.1,0.114,1.79,43.7,28.0,0.917,88.59,8.56,5.11
68.6,0.141,2.92,52.2,39.4,0.925,90.27,8.75,5.97
68.1,0.084,2.13,31.4,18.3,0.922,88.9,5.15,6.1
71.7,0.095,3.01,44.2,30.8,0.973,88.81,6.45,6.85
50.0,0.146,2.41,35.8,26.0,0.942,89.82,6.7,5.35
56.8,0.149,2.04,38.9,28.2,0.952,90.25,7.84,4.97
91.4,0.089,2.39,48.6,32.3,0.975,88.39,7.75,6.27
94.7,0.121,1.24,45.1,27.8,0.915,87.13,10.24,4.4
72.0,0.107,1.2,32.8,19.9,0.975,86.91,7.36,4.46
81.9,0.099,2.23,43.2,28.7,0.943,89.13,7.45,5.8
78.7,0.131,2.11,50.0,35.4,0.968,89.16,9.77,5.12
100.0,0.093,3.07,57.9,39.9,0.913,89.33,8.3,6.98
88.4,0.092,1.41,37.0,21.3,0.922,87.49,7.28,5.08
73.5,0.111,2.29,42.2,27.8,0.916,89.11,7.27,5.81
63.5,0.12,2.45,39.2,27.4,0.952,88.86,7.08,5.54
55.7,0.142,2.27,37.1,26.4,0.911,89.57,7.05,5.26
77.4,0.098,2.65,44.3,30.2,0.963,88.88,7.14,6.21
65.9,0.099,1.78,32.7,19.7,0.92,88.15,5.86,5.57
57.9,0.105,2.52,33.5,21.6,0.92,89.77,5.46,6.14
67.2,0.104,2.38,38.2,25.8,0.922,90.04,6.27,6.09
62.0,0.126,2.68,45.0,32.7,0.96,89.03,7.31,6.15
95.2,0.117,1.84,53.8,36.5,0.974,87.92,10.55,5.1
85.6,0.09,1.51,37.0,21.7,0.973,87.7,7.32,5.06
74.9,0.117,1.79,38.5,24.4,0.908,88.58,7.78,4.95
92.8,0.092,1.57,40.4,24.1,0.921,87.84,7.68,5.26
75.9,0.131,1.82,44.5,30.4,0.954,88.86,9.28,4.8
64.7,0.085,1.93,29.9,18.0,0.949,89.12,5.07,5.9
93.3,0.144,1.64,55.1,38.3,0.928,88.65,12.12,4.55
81.5,0.092,2.1,40.6,25.5,0.969,89.01,7.05,5.76
62.6,0.121,1.51,31.9,19.3,0.91,88.71,6.73,4.74
72.7,0.126,2.06,44.6,31.0,0.951,88.79,8.51,5.24
64.5,0.093,1.85,29.2,17.3,0.922,88.85,5.42,5.4
58.4,0.128,2.04,36.0,24.7,0.942,89.64,6.88,5.23
86.1,0.127,2.3,53.6,38.7,0.931,89.13,9.89,5.42
97.9,0.097,1.89,48.7,30.7,0.978,88.12,9.03,5.4
58.2,0.139,1.71,33.7,22.7,0.939,88.93,7.39,4.57
81.8,0.109,1.77,45.0,29.1,0.978,88.14,8.52,5.28
67.2,0.088,2.61,35.5,22.4,0.92,88.83,5.31,6.68
69.2,0.101,2.74,41.5,28.4,0.961,90.27,6.56,6.33
67.9,0.106,1.84,35.9,23.2,0.957,89.11,6.72,5.34
64.6,0.095,2.02,32.6,20.4,0.968,88.91,5.82,5.6
75.6,0.089,1.25,30.6,16.7,0.955,86.54,6.29,4.87
65.0,0.103,2.01,35.7,23.3,0.955,89.16,6.24,5.73
78.2,0.123,1.37,39.3,24.9,0.953,87.66,8.91,4.41
74.4,0.125,1.86,44.8,30.7,0.979,88.82,8.87,5.05
72.1,0.096,2.64,40.5,26.4,0.918,90.14,6.21,6.53
64.1,0.092,1.35,26.9,14.6,0.902,88.22,5.18,5.19
68.1,0.104,1.65,34.0,20.6,0.954,87.53,6.58,5.16
84.1,0.112,1.65,41.2,26.3,0.914,88.35,8.38,4.92
81.0,0.09,1.27,34.6,19.5,0.954,87.09,6.76,5.13
63.3,0.105,2.53,37.6,25.4,0.926,89.65,6.02,6.24
76.2,0.109,2.24,40.8,27.2,0.903,88.94,7.32,5.57
84.0,0.114,3.0,57.0,41.7,0.962,89.57,9.01,6.33
55.0,0.109,1.6,27.7,16.6,0.904,88.14,5.28,5.25
81.5,0.152,1.21,43.7,29.8,0.918,87.97,11.12,3.93
67.0,0.131,2.57,46.1,33.4,0.927,90.15,7.93,5.81
81.8,0.167,1.92,56.3,41.4,0.911,89.94,12.15,4.63
65.8,0.093,1.87,31.8,19.2,0.973,88.37,5.78,5.5
53.3,0.088,2.84,30.0,19.1,0.95,89.74,4.37,6.87
55.5,0.112,2.18,31.6,20.4,0.97,90.14,5.88,5.37
75.6,0.095,2.55,43.3,28.8,0.955,88.99,6.65,6.52
78.1,0.12,1.79,43.1,28.1,0.979,88.3,8.95,4.81
64.1,0.102,1.74,31.4,19.3,0.942,88.66,6.0,5.24
82.7,0.089,1.92,35.6,21.3,0.904,88.82,6.49,5.48
55.1,0.123,2.44,35.1,24.0,0.913,89.56,6.05,5.8
74.2,0.154,2.13,52.3,38.8,0.947,90.27,10.58,4.94
60.5,0.108,2.33,33.7,21.9,0.928,89.13,5.92,5.69
67.2,0.108,1.2,29.4,17.2,0.909,87.47,6.42,4.57
75.6,0.12,1.2,35.9,22.1,0.919,87.02,8.12,4.42
64.7,0.12,1.2,31.2,18.6,0.938,87.26,7.12,4.38
70.4,0.146,1.91,47.0,33.9,0.941,89.56,9.45,4.97
87.1,0.109,1.4,40.0,24.7,0.975,87.49,9.04,4.42
68.1,0.155,2.94,54.3,42.0,0.907,89.74,9.32,5.83
85.0,0.131,2.09,52.8,36.7,0.929,88.83,10.11,5.22
61.4,0.092,2.21,31.0,19.3,0.94,89.37,5.17,6.0
81.4,0.099,1.56,36.8,21.9,0.909,88.05,7.17,5.13
92.3,0.1,1.54,43.1,26.6,0.955,87.97,8.59,5.02
50.0,0.165,2.88,42.7,33.3,0.941,90.42,7.56,5.64
65.4,0.102,2.99,40.2,27.8,0.937,89.33,6.1,6.58
81.9,0.136,2.31,55.4,39.8,0.952,89.15,10.33,5.37
72.6,0.092,1.2,30.0,16.7,0.923,86.71,6.04,4.97
79.5,0.115,1.89,42.7,28.7,0.927,88.72,8.26,5.17
67.8,0.105,2.26,37.4,24.2,0.913,88.81,6.31,5.93
76.0,0.15,1.99,50.4,36.2,0.942,89.71,10.44,4.83
73.1,0.092,1.2,29.8,16.0,0.93,87.13,6.07,4.91
89.0,0.093,3.02,52.1,35.7,0.921,88.95,7.47,6.98
78.1,0.093,1.68,34.5,20.7,0.91,88.08,6.47,5.34
79.1,0.098,1.43,33.7,19.1,0.902,87.32,6.83,4.93
70.1,0.105,2.08,36.3,23.0,0.915,88.96,6.57,5.53
69.1,0.118,2.69,44.7,31.6,0.92,89.4,7.33,6.09
69.8,0.126,2.36,45.0,31.8,0.939,90.29,8.04,5.59
79.7,0.098,1.44,35.2,20.0,0.919,87.09,6.99,5.03
69.9,0.11,1.36,34.1,20.8,0.965,87.27,7.22,4.72
78.5,0.15,1.2,42.1,27.3,0.938,87.49,10.75,3.92
99.9,0.147,1.95,65.5,47.6,0.95,88.94,13.64,4.81
85.5,0.088,1.86,37.0,22.4,0.917,88.31,6.71,5.52
71.1,0.09,2.36,35.0,21.8,0.933,89.42,5.85,5.99
89.4,0.095,1.76,41.7,25.4,0.948,88.29,7.84,5.32
70.1,0.119,2.59,44.0,30.8,0.925,89.3,7.49,5.87
50.5,0.107,2.43,29.5,19.4,0.927,90.04,4.9,6.02
62.9,0.096,1.74,30.8,18.6,0.965,88.72,5.68,5.42
52.6,0.115,2.3,33.0,22.2,0.967,90.1,5.71,5.78
70.8,0.148,2.76,54.2,41.2,0.943,90.09,9.66,5.61
75.2,0.088,1.62,33.9,20.0,0.972,88.39,6.3,5.38
95.1,0.111,1.99,53.4,35.6,0.959,87.64,9.85,5.42
78.9,0.101,1.98,38.7,24.7,0.904,88.54,7.06,5.48
72.4,0.134,1.92,43.6,30.2,0.945,88.8,8.95,4.87
85.0,0.089,2.5,43.5,28.8,0.956,89.23,7.06,6.17
50.0,0.104,2.54,30.7,20.8,0.943,89.45,4.77,6.43
77.8,0.137,2.3,53.5,39.0,0.967,89.84,10.02,5.34
84.3,0.103,2.28,45.6,30.8,0.924,89.26,7.85,5.81
57.3,0.114,1.82,29.9,18.7,0.905,88.74,5.78,5.18
88.7,0.089,2.27,43.7,27.8,0.951,88.81,7.29,6.0
79.1,0.108,1.46,37.9,22.8,0.958,87.75,8.01,4.73
70.0,0.116,3.2,50.4,37.0,0.961,89.91,7.63,6.61
82.6,0.126,2.78,56.1,41.1,0.901,89.89,9.13,6.14
100.0,0.092,2.58,54.0,36.1,0.954,88.74,8.6,6.29
77.2,0.111,2.3,43.9,28.9,0.902,88.62,7.5,5.86
78.0,0.119,2.3,48.2,33.8,0.962,89.5,8.68,5.56
69.5,0.11,1.25,31.5,18.9,0.956,87.79,7.14,4.41
64.8,0.102,1.47,30.1,18.2,0.945,87.4,6.11,4.93
85.0,0.094,1.53,37.3,21.8,0.941,87.72,7.31,5.11
64.7,0.114,2.13,38.3,25.5,0.957,88.92,6.87,5.58
75.9,0.119,1.96,41.4,27.4,0.905,89.33,7.95,5.2
69.3,0.129,2.51,46.3,33.6,0.967,90.11,8.4,5.51
80.7,0.096,1.62,37.2,22.3,0.916,87.73,6.92,5.38
79.0,0.129,2.61,55.4,40.7,0.938,89.16,9.3,5.96
87.5,0.089,1.69,39.3,23.1,0.939,88.05,7.12,5.53
68.9,0.093,1.89,32.1,19.8,0.962,88.24,6.01,5.34
71.8,0.13,2.55,48.0,34.4,0.915,90.01,8.34,5.75
63.3,0.108,2.35,36.7,24.5,0.924,89.38,6.17,5.94
69.7,0.125,1.47,35.6,22.6,0.953,88.76,8.07,4.41
79.5,0.145,2.63,59.1,43.9,0.933,90.4,10.48,5.64
84.1,0.129,2.14,50.7,35.0,0.924,89.7,9.74,5.2
63.9,0.097,1.2,26.5,14.6,0.95,87.3,5.75,4.61
85.4,0.112,1.68,43.0,27.2,0.907,87.92,8.42,5.11
91.3,0.166,1.9,64.6,48.7,0.963,88.66,14.22,4.54
80.0,0.095,1.52,34.9,20.3,0.942,87.99,6.97,5.0
97.5,0.136,2.77,69.6,52.1,0.916,89.75,11.82,5.88
65.7,0.111,1.91,35.4,22.6,0.933,89.02,6.64,5.33
60.1,0.161,2.33,46.8,34.0,0.91,89.62,8.58,5.46
53.7,0.111,2.2,30.1,19.6,0.949,89.19,5.53,5.44
93.0,0.109,2.45,55.3,37.8,0.954,89.1,9.4,5.88
82.9,0.117,2.94,57.5,41.7,0.932,89.38,8.83,6.52
74.3,0.139,2.44,50.4,37.1,0.927,89.43,9.36,5.39
78.4,0.11,2.97,52.3,37.3,0.968,89.25,8.12,6.45
61.5,0.105,2.45,35.4,23.8,0.946,89.44,5.95,5.94
100.0,0.14,2.17,67.4,49.4,0.953,89.0,13.02,5.18
76.6,0.107,2.26,43.4,28.2,0.91,88.84,7.26,5.98
76.3,0.124,1.2,37.1,22.6,0.957,87.29,8.8,4.21
83.7,0.095,1.87,39.9,24.8,0.936,88.5,7.28,5.48
80.8,0.1,2.03,41.0,25.9,0.929,88.84,7.29,5.62
77.7,0.125,2.32,50.2,36.4,0.974,89.05,9.24,5.44
65.5,0.097,2.09,33.3,20.4,0.904,88.88,5.61,5.94
80.7,0.092,2.27,40.4,25.7,0.916,88.9,6.64,6.08
97.6,0.118,1.44,46.8,30.2,0.93,87.65,10.4,4.5
91.1,0.164,1.31,54.6,38.2,0.926,87.43,13.48,4.05
94.1,0.101,1.51,43.0,26.1,0.941,87.5,8.68,4.95
68.9,0.12,2.89,46.9,33.6,0.932,90.02,7.5,6.24
63.1,0.126,1.47,34.2,22.6,0.963,88.08,7.46,4.58
73.5,0.1,1.71,36.3,22.4,0.961,88.46,6.87,5.28
75.7,0.094,2.15,38.1,24.3,0.962,88.88,6.67,5.72
88.1,0.099,1.3,35.8,19.7,0.93,86.99,7.93,4.51
54.7,0.105,1.66,27.8,16.7,0.933,89.04,5.2,5.35
93.4,0.127,2.44,62.0,44.6,0.958,89.16,11.08,5.59
73.1,0.094,1.88,35.1,20.9,0.91,88.49,6.09,5.75
69.9,0.145,2.94,57.6,44.8,0.968,89.96,9.58,6.02
62.9,0.108,1.25,28.4,16.2,0.943,87.99,6.25,4.54
55.1,0.11,1.93,29.9,18.9,0.968,89.58,5.71,5.23
84.9,0.112,1.88,45.5,29.4,0.963,89.0,8.89,5.11
75.9,0.113,2.1,43.5,29.5,0.93,89.33,7.74,5.62
59.5,0.125,1.49,31.1,20.2,0.908,88.07,6.57,4.74
59.5,0.112,1.81,33.4,21.5,0.974,88.72,6.35,5.26
71.0,0.136,2.49,48.5,34.6,0.928,89.48,8.73,5.56
95.0,0.118,1.97,52.1,34.8,0.93,89.01,10.2,5.11
71.9,0.106,1.57,35.3,22.3,0.973,88.97,7.21,4.9
57.0,0.113,3.14,41.7,29.7,0.973,90.25,6.13,6.81
72.1,0.101,2.12,37.4,23.9,0.921,89.57,6.56,5.71
71.7,0.115,2.41,41.6,28.3,0.907,89.58,7.3,5.69
50.0,0.094,2.48,28.0,17.5,0.9,89.67,4.14,6.75
74.3,0.116,2.06,44.1,29.5,0.935,88.85,7.85,5.61
72.2,0.103,1.71,35.2,22.3,0.945,88.61,6.88,5.12
83.4,0.121,2.2,49.3,33.7,0.922,89.46,9.1,5.42
97.2,0.101,1.75,47.7,29.6,0.921,88.44,8.79,5.42
88.5,0.128,2.29,55.8,39.7,0.929,89.26,10.24,5.45
71.8,0.152,2.02,49.2,35.7,0.921,89.54,9.8,5.02
61.7,0.117,2.61,40.5,28.7,0.969,89.73,6.83,5.93
100.0,0.119,1.53,53.4,34.8,0.951,87.61,11.07,4.82
75.7,0.097,2.46,41.5,27.8,0.966,89.5,6.92,5.99
75.2,0.111,2.41,45.5,31.5,0.969,88.67,7.91,5.74
74.7,0.103,1.98,40.2,25.4,0.935,88.2,7.01,5.73
77.4,0.124,2.47,49.7,35.6,0.938,89.3,8.75,5.69
73.3,0.11,2.31,43.5,30.4,0.978,88.82,7.72,5.64
68.1,0.147,2.43,50.0,37.1,0.965,90.27,9.44,5.3
68.4,0.146,2.4,50.1,36.7,0.964,89.68,9.36,5.35
74.6,0.117,2.13,43.3,29.4,0.947,89.45,8.08,5.36
68.5,0.083,1.8,30.1,17.4,0.937,88.83,5.18,5.82
66.4,0.119,1.8,37.1,24.2,0.972,88.85,7.47,4.96
76.3,0.11,1.99,43.6,28.4,0.964,88.98,7.86,5.55
71.9,0.101,2.52,40.8,27.4,0.941,89.77,6.66,6.12
93.0,0.137,2.42,64.6,46.9,0.922,89.73,11.48,5.63
50.0,0.089,2.6,26.3,16.2,0.912,88.85,3.95,6.67
88.1,0.112,2.65,55.2,39.4,0.944,89.17,9.12,6.05
90.0,0.11,1.99,48.9,31.8,0.924,88.84,8.92,5.48
50.1,0.087,3.08,28.7,18.8,0.921,89.86,3.91,7.33
70.9,0.12,2.05,39.8,27.1,0.908,88.79,7.52,5.29
70.5,0.109,1.85,36.9,23.5,0.903,88.14,6.76,5.46
58.1,0.125,2.27,36.5,25.4,0.963,89.85,6.84,5.33
65.7,0.089,2.34,33.7,20.5,0.909,88.85,5.15,6.55
61.7,0.119,1.73,33.8,21.8,0.971,88.74,6.93,4.88
96.0,0.129,2.02,56.3,39.1,0.917,88.88,11.06,5.09
86.2,0.132,1.88,52.6,36.4,0.961,88.76,10.65,4.93
90.3,0.086,2.17,44.7,28.3,0.966,88.26,7.35,6.09
83.7,0.097,2.5,46.1,30.5,0.963,89.07,7.61,6.05
61.5,0.103,1.97,32.8,21.9,0.97,88.78,5.97,5.5
68.7,0.129,2.39,44.7,32.2,0.927,90.2,8.02,5.58
80.9,0.116,1.41,40.7,25.7,0.979,87.82,8.92,4.56
60.3,0.105,2.54,33.9,22.7,0.922,90.47,5.68,5.96
83.6,0.15,1.87,56.5,41.3,0.975,88.6,11.87,4.76
72.1,0.091,1.86,34.5,20.6,0.935,88.41,5.98,5.77
70.5,0.104,2.3,38.9,25.5,0.905,89.11,6.47,6.01
83.5,0.123,2.33,53.2,37.4,0.963,89.0,9.63,5.53
80.3,0.12,2.04,47.6,32.7,0.963,88.87,9.07,5.25
70.7,0.123,1.66,37.1,24.1,0.916,88.39,7.76,4.79
88.9,0.108,1.86,48.3,31.5,0.966,88.12,9.04,5.35
62.0,0.117,2.15,36.3,24.4,0.913,89.97,6.44,5.64
82.4,0.087,2.34,39.9,25.1,0.912,88.85,6.38,6.25
82.1,0.099,1.69,39.8,24.0,0.965,88.49,7.63,5.21
71.3,0.102,1.78,35.3,21.9,0.923,88.87,6.52,5.42
78.9,0.118,2.23,46.5,31.5,0.906,89.69,8.22,5.66
60.0,0.094,2.06,30.6,18.8,0.977,88.66,5.4,5.66
86.1,0.125,2.17,52.9,36.7,0.945,89.56,9.92,5.33
72.8,0.106,1.2,33.9,20.0,0.936,87.11,7.03,4.82
68.7,0.12,1.95,39.1,26.2,0.94,89.76,7.59,5.15
87.6,0.099,2.53,49.3,33.5,0.954,89.26,8.03,6.14
66.5,0.109,1.79,35.9,23.0,0.969,88.29,6.82,5.26
58.1,0.108,2.34,33.7,22.4,0.954,89.93,5.81,5.8
56.3,0.106,1.5,28.0,17.0,0.959,88.63,5.58,5.01
82.3,0.146,1.32,45.0,30.0,0.914,87.39,10.68,4.21
59.6,0.123,2.31,37.7,26.3,0.931,89.87,6.63,5.69
96.1,0.112,2.07,51.6,34.8,0.947,89.25,9.91,5.2
50.0,0.113,1.93,28.4,18.2,0.95,89.38,5.21,5.44
95.4,0.105,2.52,54.7,37.7,0.922,88.7,9.0,6.07
77.5,0.126,1.94,45.8,31.4,0.978,89.33,9.31,4.92
73.8,0.093,1.78,33.7,19.9,0.909,88.62,6.08,5.54
68.5,0.142,1.73,41.1,28.0,0.909,88.88,8.63,4.76
79.8,0.1,1.62,37.2,22.4,0.918,87.92,7.14,5.21
74.5,0.097,2.33,40.7,26.6,0.96,89.34,6.8,5.99
88.2,0.134,1.94,52.0,36.2,0.903,88.59,10.38,5.01
76.4,0.088,2.67,41.5,27.3,0.979,89.28,6.39,6.5
76.8,0.15,1.2,44.3,30.0,0.979,88.02,10.98,4.04
70.6,0.105,2.56,40.5,27.6,0.913,89.96,6.59,6.15
74.3,0.136,2.28,49.1,35.6,0.932,89.34,9.19,5.34
78.7,0.123,2.05,44.8,30.5,0.916,88.51,8.63,5.2
54.5,0.115,1.45,27.2,16.5,0.933,88.01,5.68,4.79
58.8,0.14,1.27,31.1,20.2,0.943,88.27,7.59,4.11
83.9,0.104,2.48,49.7,33.9,0.966,88.91,8.25,6.02
77.1,0.128,2.22,46.7,32.6,0.903,89.72,8.71,5.36
72.8,0.12,2.21,44.8,31.2,0.979,89.03,8.32,5.38
75.2,0.112,2.05,43.1,28.8,0.975,88.78,8.02,5.37
79.2,0.104,2.52,44.8,30.8,0.946,89.2,7.57,5.92
68.5,0.085,1.81,31.5,18.0,0.938,88.74,5.31,5.93
65.7,0.109,1.93,35.7,23.5,0.944,88.38,6.62,5.39
77.4,0.129,2.01,46.4,31.5,0.901,89.21,8.8,5.27
63.3,0.108,1.99,35.3,23.0,0.959,89.13,6.36,5.54
79.9,0.117,2.77,52.4,38.4,0.94,89.21,8.54,6.14
54.6,0.095,1.47,23.6,12.9,0.923,88.18,4.64,5.08
87.3,0.086,1.2,34.8,19.2,0.937,86.61,6.85,5.08
80.7,0.105,1.37,38.0,22.4,0.923,87.14,7.66,4.96
78.1,0.129,2.44,51.3,36.8,0.956,89.5,9.38,5.47
86.8,0.115,2.05,48.0,32.9,0.949,88.47,9.22,5.21
95.0,0.097,1.3,40.3,22.6,0.931,86.79,8.38,4.81
87.2,0.088,2.15,42.2,26.1,0.925,88.94,6.94,6.09
52.9,0.137,1.94,34.0,23.4,0.97,89.36,6.88,4.95
59.6,0.111,2.38,35.9,24.4,0.955,89.84,6.17,5.83
67.5,0.115,2.5,43.0,30.8,0.957,89.5,7.25,5.93
75.3,0.126,3.2,58.9,44.2,0.949,89.58,8.8,6.69
81.2,0.082,1.51,32.0,17.1,0.906,87.77,5.9,5.43
66.3,0.103,1.2,29.4,16.2,0.905,87.4,6.04,4.87
77.2,0.093,2.39,41.8,27.5,0.934,88.64,6.56,6.38
65.9,0.093,2.59,36.4,23.9,0.974,89.78,5.83,6.25
67.7,0.104,1.46,31.5,19.4,0.942,88.48,6.45,4.89
58.1,0.111,1.46,28.7,17.7,0.97,88.4,6.09,4.72
63.9,0.128,2.27,39.9,27.1,0.908,89.6,7.22,5.52
58.8,0.129,2.96,45.0,33.3,0.958,90.81,7.08,6.35
63.3,0.098,1.66,29.6,17.3,0.92,88.57,5.57,5.32
87.6,0.119,2.14,51.8,35.5,0.942,89.06,9.61,5.39
63.6,0.103,1.2,27.5,15.3,0.923,87.83,5.91,4.65
100.0,0.13,2.0,61.3,43.5,0.957,89.33,12.16,5.04
80.9,0.127,2.04,49.0,34.4,0.932,88.57,9.37,5.23
77.2,0.093,2.83,43.5,29.3,0.937,89.17,6.58,6.6
64.7,0.115,1.75,34.1,21.7,0.92,88.93,6.68,5.11
83.4,0.094,2.44,43.7,28.6,0.923,89.45,7.03,6.21
68.1,0.113,1.71,35.7,22.7,0.914,88.18,6.86,5.2
76.5,0.173,2.15,58.6,44.4,0.944,90.13,12.2,4.8
100.0,0.1,3.14,62.1,44.1,0.912,89.07,8.88,6.99
73.8,0.113,3.0,48.7,35.5,0.921,89.96,7.51,6.48
88.8,0.113,3.08,59.4,43.6,0.942,89.31,9.2,6.45
66.6,0.103,2.3,37.0,24.5,0.922,88.45,6.17,6.0
74.6,0.125,1.99,44.1,31.0,0.947,88.46,8.64,5.1
96.2,0.165,2.24,70.7,52.9,0.901,89.12,13.96,5.07
67.5,0.106,2.33,40.4,27.1,0.978,89.11,6.83,5.91
96.7,0.103,2.29,54.1,36.3,0.958,88.81,9.32,5.81
83.5,0.143,1.74,50.3,34.8,0.94,88.6,10.98,4.58
68.3,0.111,1.72,33.8,21.3,0.974,88.57,7.2,4.69
82.6,0.117,1.8,46.9,31.5,0.97,88.4,9.1,5.15
86.7,0.092,2.64,47.2,30.8,0.929,89.08,7.2,6.56
82.5,0.103,2.69,47.2,32.5,0.909,89.63,7.5,6.3
56.2,0.088,3.2,33.2,21.1,0.92,89.74,4.43,7.49
66.3,0.103,2.31,36.2,23.3,0.917,89.47,6.08,5.96
72.0,0.102,1.71,36.3,23.2,0.96,88.63,6.85,5.31
74.1,0.113,1.86,41.0,27.5,0.944,88.69,7.7,5.32
82.4,0.132,2.02,50.7,35.7,0.968,88.45,10.27,4.94
77.1,0.121,2.85,53.0,38.6,0.939,89.78,8.57,6.18
59.0,0.086,2.47,31.9,20.7,0.962,89.08,4.78,6.68
79.6,0.097,1.43,33.9,20.3,0.926,87.9,6.95,4.88
82.3,0.102,2.07,43.1,28.4,0.948,89.26,7.76,5.56
81.7,0.11,1.36,38.5,23.5,0.951,87.46,8.31,4.64
88.0,0.086,2.4,44.9,28.7,0.961,88.88,7.08,6.34
85.0,0.135,1.75,51.8,35.9,0.964,88.89,10.79,4.8
80.5,0.099,1.79,38.8,24.2,0.922,88.09,7.17,5.41
74.2,0.098,1.2,30.7,16.8,0.931,87.02,6.61,4.65
55.1,0.116,2.48,33.7,22.9,0.917,89.19,5.68,5.93
80.2,0.088,2.7,43.7,29.2,0.96,89.54,6.62,6.6
77.5,0.09,1.75,35.1,20.5,0.922,88.84,6.3,5.57
78.3,0.113,2.02,43.1,28.3,0.931,88.95,8.05,5.35
59.7,0.112,1.86,33.1,20.7,0.964,88.69,6.3,5.26
62.0,0.131,1.99,37.6,25.3,0.927,89.43,7.37,5.11
87.6,0.088,1.69,37.4,22.0,0.923,87.51,6.94,5.38
74.5,0.142,1.55,44.4,30.1,0.952,88.36,9.85,4.51
83.2,0.111,2.78,53.5,38.8,0.978,89.3,8.78,6.09
75.3,0.103,1.2,32.9,18.3,0.905,86.88,6.84,4.82
75.4,0.107,2.35,44.1,30.2,0.967,89.31,7.63,5.78
86.3,0.149,2.24,59.7,43.7,0.91,89.62,11.39,5.24
68.8,0.11,2.93,44.5,31.0,0.928,89.72,6.85,6.5
76.2,0.122,1.98,44.9,30.5,0.933,89.31,8.43,5.32
69.5,0.092,1.91,32.9,19.4,0.957,88.78,5.94,5.53
69.8,0.102,1.7,34.4,21.5,0.974,88.23,6.75,5.09
71.3,0.129,2.28,44.2,31.2,0.908,89.45,8.17,5.41
77.7,0.098,1.75,37.1,22.7,0.96,88.29,7.09,5.24
69.3,0.131,1.54,36.7,23.4,0.926,88.29,8.19,4.48
90.1,0.105,1.73,46.2,29.8,0.972,88.37,8.95,5.16
64.3,0.153,1.63,41.0,28.1,0.922,88.21,8.82,4.65
72.8,0.148,1.6,45.1,31.2,0.956,88.73,10.06,4.48
69.7,0.124,2.14,41.1,28.1,0.913,89.43,7.72,5.32
92.4,0.092,2.0,45.2,28.5,0.977,88.63,8.1,5.58
77.4,0.086,2.37,37.1,22.9,0.9,89.35,5.83,6.36
87.4,0.09,2.17,42.6,26.4,0.919,88.63,7.07,6.03
57.2,0.098,1.5,26.9,15.9,0.954,88.41,5.2,5.17
78.2,0.134,1.2,40.3,25.8,0.968,87.6,9.88,4.08
85.7,0.096,1.57,39.8,23.5,0.979,87.93,7.83,5.09
76.0,0.119,2.48,47.5,33.1,0.914,88.97,8.04,5.9
87.8,0.105,2.47,49.8,33.8,0.925,89.49,8.29,6.01
68.8,0.12,2.59,46.0,33.1,0.971,89.69,7.8,5.9
91.9,0.109,2.52,54.7,37.4,0.903,89.05,8.82,6.2
100.0,0.103,2.64,59.5,41.3,0.959,88.61,9.62,6.18
70.6,0.087,2.3,36.1,22.5,0.934,88.16,5.57,6.48
69.7,0.107,3.0,45.2,32.3,0.955,90.36,6.93,6.53
92.4,0.116,2.25,54.7,38.4,0.942,89.09,9.87,5.54
94.0,0.107,3.1,63.2,45.6,0.95,88.98,9.28,6.81
68.7,0.092,1.79,32.5,19.1,0.953,88.02,5.89,5.53
70.0,0.101,1.77,35.4,22.7,0.95,88.42,6.52,5.43
71.6,0.146,2.0,48.1,34.3,0.953,89.67,9.73,4.95
58.9,0.114,2.08,33.7,21.8,0.945,89.51,6.21,5.43
64.0,0.108,1.94,33.7,21.6,0.957,89.19,6.45,5.23
63.0,0.093,2.37,34.8,22.8,0.962,88.95,5.5,6.33
65.8,0.127,2.05,42.2,28.9,0.963,89.24,7.83,5.38
74.6,0.129,1.8,45.0,30.6,0.968,88.87,9.06,4.97
77.8,0.137,1.9,46.6,32.5,0.925,89.02,9.58,4.87
93.6,0.11,2.71,58.5,41.8,0.96,89.43,9.64,6.06
63.0,0.157,2.26,46.6,34.6,0.976,90.48,9.39,4.96
86.8,0.128,1.26,43.1,27.1,0.929,87.46,10.05,4.29
72.4,0.102,2.86,45.4,31.6,0.962,89.33,6.96,6.53
74.4,0.097,2.32,39.8,26.4,0.923,88.58,6.49,6.14
83.1,0.105,2.42,46.2,31.1,0.914,89.2,7.77,5.94
61.5,0.108,2.56,36.3,25.2,0.936,89.38,6.07,5.98
79.6,0.099,2.59,46.5,31.4,0.965,89.4,7.41,6.27
77.0,0.136,1.64,44.3,29.9,0.925,88.72,9.42,4.7
80.9,0.097,1.56,37.3,22.5,0.924,88.46,7.07,5.28
78.5,0.115,3.2,53.9,39.5,0.922,89.81,8.14,6.63
100.0,0.131,1.75,56.1,38.2,0.917,88.56,11.73,4.78
67.3,0.106,2.29,38.7,25.8,0.949,89.05,6.62,5.85
68.6,0.113,2.92,44.3,31.8,0.919,89.25,6.94,6.39
67.5,0.14,1.88,42.4,29.9,0.975,89.57,8.96,4.73
68.3,0.087,1.92,31.0,18.5,0.928,89.04,5.4,5.73
67.4,0.098,2.56,36.5,24.7,0.943,89.28,6.08,6.0
89.3,0.134,2.21,58.0,41.0,0.933,88.53,10.88,5.33
92.0,0.084,2.35,45.3,28.3,0.977,89.18,7.38,6.15
68.2,0.13,2.06,41.5,29.0,0.934,89.73,8.09,5.14
65.0,0.164,1.84,45.0,32.5,0.945,89.42,9.82,4.58
80.7,0.086,1.93,36.7,22.3,0.961,88.81,6.51,5.64
68.4,0.097,2.7,38.7,25.5,0.914,89.43,5.88,6.58
82.6,0.138,1.95,49.6,33.4,0.903,89.13,10.02,4.94
77.4,0.101,2.31,42.6,27.8,0.936,88.52,7.12,5.98
56.8,0.104,1.62,27.3,17.0,0.944,88.89,5.46,5.0
93.6,0.125,3.12,68.0,51.6,0.923,88.98,10.5,6.48
96.6,0.109,2.26,54.1,37.3,0.937,89.46,9.65,5.61
67.6,0.098,2.27,36.9,24.2,0.949,89.8,6.14,6.01
70.3,0.106,2.56,42.3,29.1,0.978,88.55,7.1,5.97
78.4,0.09,1.86,37.8,22.7,0.948,88.95,6.54,5.78
79.0,0.086,2.7,41.2,27.1,0.936,89.08,6.19,6.67
82.9,0.114,1.34,38.3,23.0,0.902,87.67,8.33,4.6
99.1,0.103,1.79,47.8,31.0,0.925,87.65,9.23,5.17
72.9,0.088,1.7,33.8,20.5,0.929,88.08,5.79,5.83
65.4,0.098,1.2,27.6,15.7,0.938,86.73,5.85,4.72
58.4,0.094,1.84,28.0,17.5,0.963,88.44,5.18,5.4
66.2,0.132,2.07,42.8,29.9,0.962,89.81,8.19,5.23
74.6,0.091,1.56,32.9,19.2,0.968,88.25,6.37,5.17
96.5,0.127,1.48,49.8,32.3,0.923,88.14,11.08,4.5
68.8,0.104,2.12,37.1,24.6,0.928,88.87,6.44,5.75
77.7,0.109,2.06,41.3,26.4,0.912,88.68,7.52,5.49
74.8,0.119,1.97,43.2,29.6,0.969,88.38,8.4,5.15
89.3,0.102,1.47,41.5,24.8,0.952,87.85,8.42,4.93
100.0,0.145,1.9,61.7,43.3,0.906,89.49,12.85,4.8
68.6,0.104,1.77,33.2,20.1,0.924,89.07,6.41,5.18
69.1,0.111,2.14,38.4,25.2,0.912,89.18,6.82,5.63
87.5,0.092,1.82,41.4,25.8,0.978,88.4,7.64,5.42
83.2,0.123,2.08,48.7,34.0,0.926,89.11,9.21,5.29
97.2,0.087,1.44,39.9,22.3,0.94,87.58,7.76,5.14
82.0,0.108,1.4,37.5,22.3,0.925,88.23,7.96,4.71
70.7,0.103,2.38,40.7,27.5,0.938,89.08,6.69,6.09
82.1,0.103,2.48,47.6,32.8,0.98,88.99,8.06,5.91
88.3,0.119,1.9,48.1,32.3,0.923,88.57,9.45,5.09
84.8,0.133,2.11,52.9,37.9,0.923,89.15,10.13,5.22
81.1,0.082,1.88,34.8,19.5,0.93,88.54,6.0,5.8
87.8,0.115,2.65,53.5,37.7,0.914,89.32,8.95,5.97
89.0,0.125,2.0,53.8,37.9,0.959,88.57,10.43,5.16
91.6,0.093,1.85,42.8,25.9,0.93,87.93,7.7,5.55
82.8,0.112,2.58,50.8,35.8,0.946,88.93,8.54,5.95
73.0,0.1,1.71,35.1,21.7,0.953,88.33,6.81,5.16
76.8,0.135,2.18,48.4,33.7,0.903,89.74,9.11,5.31
89.5,0.101,1.58,41.3,25.4,0.952,87.99,8.36,4.94
65.2,0.117,2.43,40.2,28.2,0.943,89.76,7.0,5.74
79.4,0.112,2.51,47.2,33.3,0.907,88.97,7.85,6.01
70.3,0.118,1.46,34.4,21.1,0.91,87.65,7.34,4.68
75.3,0.121,1.38,37.1,23.3,0.935,87.88,8.33,4.46
90.3,0.113,2.24,52.3,35.1,0.928,89.41,9.22,5.68
77.3,0.118,3.07,54.6,40.4,0.935,90.04,8.32,6.56
75.6,0.129,2.54,51.8,37.4,0.951,89.4,9.04,5.73
58.7,0.119,1.99,32.3,21.2,0.912,90.05,6.24,5.18
84.0,0.134,1.67,47.8,32.1,0.953,87.81,10.42,4.59
82.7,0.09,1.49,36.3,20.5,0.965,87.64,7.01,5.18
100.0,0.12,2.46,60.1,42.3,0.9,89.13,10.52,5.72
71.3,0.098,2.56,39.2,25.8,0.929,89.27,6.33,6.18
77.6,0.129,1.78,44.0,29.7,0.922,88.95,9.01,4.88
78.0,0.094,1.98,38.1,23.5,0.935,88.56,6.7,5.68
93.9,0.138,2.12,62.7,45.3,0.949,88.57,12.0,5.23
73.9,0.114,3.01,48.9,35.4,0.915,89.69,7.51,6.51
78.3,0.139,2.13,51.2,36.3,0.911,89.41,9.69,5.28
82.3,0.146,1.61,49.8,34.5,0.958,88.89,11.23,4.43
77.2,0.109,1.52,37.8,22.8,0.955,88.5,7.81,4.84
69.6,0.107,1.64,35.1,21.9,0.937,88.07,6.82,5.16
77.3,0.118,2.73,49.6,35.8,0.94,90.18,8.39,5.91
87.9,0.112,2.36,52.0,35.6,0.922,88.95,8.81,5.9
62.7,0.112,1.93,33.5,21.5,0.926,88.82,6.33,5.29
76.6,0.13,1.2,38.4,24.2,0.926,87.22,8.98,4.27
66.6,0.132,1.67,39.3,26.4,0.958,88.08,8.22,4.78
89.3,0.092,2.27,44.7,28.7,0.944,88.62,7.55,5.92
56.7,0.136,2.28,39.2,28.2,0.958,90.25,7.21,5.44
68.3,0.083,2.27,34.1,21.4,0.947,89.15,5.26,6.49
79.5,0.099,1.43,35.6,20.6,0.944,87.7,7.26,4.91
93.8,0.118,2.19,54.0,37.1,0.926,89.05,9.98,5.41
74.2,0.094,1.61,33.6,19.7,0.932,88.52,6.35,5.3
68.3,0.116,2.1,40.9,27.9,0.971,88.88,7.49,5.47
97.6,0.131,1.72,56.5,38.7,0.946,88.69,11.8,4.79
57.6,0.136,2.64,41.4,30.4,0.942,90.08,7.22,5.73
50.0,0.111,2.27,29.3,18.8,0.904,89.3,4.88,6.01
80.3,0.114,2.03,45.4,30.2,0.954,89.06,8.51,5.34
69.0,0.149,2.79,55.7,41.9,0.955,90.15,9.56,5.83
62.7,0.096,1.91,30.7,19.1,0.955,88.51,5.6,5.48
83.5,0.115,1.39,39.0,23.5,0.907,87.29,8.46,4.6
77.9,0.101,2.63,44.6,30.7,0.924,89.16,7.07,6.3
68.2,0.121,2.23,40.9,28.4,0.93,89.21,7.47,5.47
59.6,0.162,1.94,44.0,32.1,0.966,90.1,9.11,4.83
85.5,0.101,1.78,43.4,27.8,0.978,88.23,8.26,5.26
82.8,0.124,2.36,51.6,36.8,0.933,89.2,9.37,5.51
73.8,0.118,2.51,46.4,32.3,0.944,89.9,8.05,5.76
97.2,0.099,1.72,46.1,28.4,0.901,88.47,8.45,5.45
62.2,0.15,2.38,42.4,31.4,0.901,89.68,8.19,5.18
56.7,0.121,2.23,34.4,22.9,0.906,89.13,6.08,5.66
66.7,0.103,1.69,33.0,20.3,0.958,88.62,6.44,5.12
74.5,0.11,2.1,40.1,26.4,0.914,88.96,7.32,5.48
77.9,0.092,1.83,36.0,22.1,0.961,88.19,6.72,5.36
72.1,0.125,2.72,48.7,34.9,0.935,90.11,8.23,5.91
79.2,0.126,1.78,45.0,30.5,0.968,88.59,9.39,4.78
60.0,0.117,2.85,41.1,29.5,0.97,90.57,6.61,6.21
92.3,0.112,2.17,53.7,36.9,0.97,88.88,9.82,5.47
74.0,0.127,1.23,36.9,22.8,0.943,87.52,8.66,4.26
88.4,0.144,1.2,47.2,31.0,0.963,88.14,11.93,3.96
79.1,0.135,2.0,49.6,34.3,0.953,89.24,9.92,5.0
80.5,0.087,2.77,42.1,27.9,0.915,88.94,6.25,6.73
81.8,0.092,2.72,45.0,30.2,0.931,88.85,6.86,6.56
80.4,0.112,2.18,47.7,32.4,0.977,88.89,8.56,5.57
82.7,0.123,1.73,46.5,30.5,0.962,88.6,9.52,4.89
90.9,0.122,1.89,50.5,33.5,0.921,88.97,9.96,5.07
77.4,0.115,2.2,44.9,30.4,0.922,88.63,8.0,5.62
83.5,0.101,2.64,48.6,32.9,0.92,89.25,7.6,6.4
73.9,0.112,2.38,43.2,29.0,0.926,89.78,7.46,5.79
92.3,0.111,2.58,57.3,40.7,0.974,89.29,9.75,5.87
66.9,0.102,2.42,37.1,24.2,0.935,89.83,6.22,5.96
96.6,0.083,2.57,47.3,30.3,0.929,88.26,7.29,6.49
74.5,0.094,1.2,30.3,16.3,0.919,86.88,6.26,4.84
57.8,0.122,1.65,31.5,20.5,0.971,88.78,6.69,4.72
76.5,0.106,1.55,38.2,23.8,0.977,88.23,7.69,4.97
66.8,0.105,1.5,31.5,19.0,0.926,87.77,6.35,4.96
85.1,0.147,2.1,58.5,42.9,0.949,89.46,11.56,5.06
67.2,0.121,1.38,35.0,22.7,0.977,88.11,7.73,4.53
69.6,0.094,1.63,31.7,18.7,0.94,88.14,5.98,5.31
52.3,0.089,2.05,25.0,14.2,0.937,89.22,4.28,5.84
69.6,0.124,1.3,34.4,22.0,0.942,87.82,7.92,4.34
50.0,0.097,1.86,25.2,15.1,0.903,88.68,4.27,5.89
56.0,0.089,2.42,29.9,18.4,0.924,89.3,4.49,6.67
84.1,0.111,1.49,42.0,26.1,0.956,87.41,8.68,4.83
84.4,0.106,2.5,50.7,35.2,0.977,88.67,8.52,5.95
80.1,0.135,1.7,46.2,31.1,0.945,88.73,9.96,4.64
63.4,0.119,2.24,38.1,26.2,0.915,88.79,6.76,5.64
74.4,0.115,1.55,37.8,23.6,0.934,88.1,7.8,4.84
75.0,0.091,2.33,39.1,24.6,0.939,89.16,6.23,6.27
61.1,0.145,1.95,38.8,26.9,0.912,89.46,7.87,4.92
93.0,0.132,2.33,61.7,44.4,0.926,90.02,11.12,5.55
85.5,0.163,1.83,57.6,42.3,0.936,89.27,12.69,4.54
72.3,0.132,2.38,46.8,33.7,0.921,89.5,8.56,5.47
75.3,0.11,2.52,44.7,30.4,0.928,89.61,7.52,5.95
77.5,0.101,2.16,41.0,25.6,0.922,88.48,7.05,5.81
50.5,0.127,1.86,30.4,20.3,0.949,89.62,5.93,5.12
72.0,0.132,1.98,44.4,30.5,0.946,89.0,8.76,5.06
66.8,0.087,1.47,27.1,15.5,0.944,88.17,5.38,5.03
63.0,0.11,2.2,35.1,22.8,0.908,89.45,6.14,5.71
71.6,0.087,2.41,34.9,21.7,0.915,89.31,5.56,6.28
96.6,0.111,2.88,61.6,43.4,0.909,89.1,9.52,6.48
82.7,0.134,2.75,58.8,43.2,0.905,89.31,9.78,6.01
68.1,0.131,1.61,37.2,24.3,0.92,88.2,8.01,4.65
81.9,0.084,2.21,38.5,23.6,0.916,88.12,6.13,6.28
91.8,0.117,2.03,52.7,35.5,0.958,88.64,10.07,5.23
86.1,0.091,2.71,47.8,31.6,0.956,88.91,7.26,6.59
75.7,0.096,1.75,35.0,21.2,0.916,88.68,6.47,5.42
67.2,0.119,2.54,42.8,29.6,0.913,89.27,7.11,6.02
83.4,0.109,1.61,39.6,23.8,0.912,88.87,8.06,4.91
79.7,0.094,2.05,37.6,22.8,0.926,88.34,6.75,5.58
85.7,0.116,1.66,44.8,28.7,0.924,87.94,8.94,5.01
82.6,0.117,1.2,38.5,23.1,0.902,86.6,8.49,4.54
87.6,0.092,1.65,39.4,23.8,0.945,87.93,7.45,5.29
68.6,0.118,1.97,40.0,26.9,0.972,88.94,7.7,5.19
90.8,0.115,2.81,59.5,43.0,0.943,89.36,9.64,6.18
77.4,0.132,1.56,41.3,27.3,0.905,88.51,9.04,4.57
99.9,0.138,1.8,60.2,42.6,0.948,88.91,12.78,4.71
66.7,0.111,1.38,31.3,19.3,0.939,87.42,6.77,4.62
95.8,0.127,2.68,66.5,49.9,0.973,89.39,11.5,5.79
77.4,0.11,1.87,41.1,27.0,0.929,88.98,7.74,5.32
67.2,0.108,1.93,36.2,23.0,0.96,88.51,6.79,5.34
69.2,0.13,1.93,39.5,27.0,0.903,90.09,7.94,4.98
71.2,0.133,1.2,35.4,22.5,0.958,88.3,8.81,4.02
80.1,0.115,1.37,38.3,22.7,0.903,87.61,8.09,4.73
81.3,0.135,1.62,45.6,31.0,0.928,88.1,9.92,4.6
68.1,0.114,2.41,42.1,29.1,0.976,89.12,7.39,5.69
74.7,0.095,1.2,30.8,16.6,0.956,87.06,6.63,4.64
100.0,0.113,2.37,59.8,41.8,0.974,89.17,10.74,5.56
95.7,0.107,2.27,54.0,36.7,0.94,88.2,9.36,5.77
80.2,0.122,1.2,38.1,23.6,0.948,86.88,9.03,4.22
75.5,0.104,1.94,38.8,25.0,0.941,88.79,7.21,5.38
76.4,0.12,2.68,50.9,36.5,0.938,89.11,8.41,6.05
82.4,0.112,1.56,41.3,26.6,0.946,87.96,8.51,4.85
62.7,0.123,1.82,35.0,22.4,0.903,89.13,6.79,5.16
71.9,0.109,3.2,47.4,34.6,0.915,89.7,7.0,6.76
55.0,0.082,2.26,25.7,14.8,0.917,88.89,4.02,6.39
79.8,0.109,1.97,41.8,27.5,0.931,88.8,7.86,5.33
82.8,0.103,1.86,41.3,25.8,0.935,88.68,7.8,5.29
69.2,0.164,2.29,53.4,40.7,0.959,89.62,10.59,5.04
93.9,0.14,2.44,64.7,47.5,0.913,89.54,11.74,5.51
60.3,0.108,1.2,27.6,15.7,0.946,87.45,5.98,4.62
57.4,0.119,1.2,27.5,15.9,0.922,87.7,6.15,4.47
77.7,0.096,1.6,35.6,21.3,0.941,88.11,6.83,5.21
87.6,0.104,2.02,46.5,29.9,0.95,88.71,8.43,5.52
95.2,0.11,2.14,52.9,35.6,0.947,88.7,9.65,5.48
69.5,0.161,1.25,39.4,26.3,0.917,87.9,10.02,3.93
87.9,0.093,2.0,43.7,27.4,0.957,88.75,7.65,5.72
74.5,0.131,2.06,45.9,32.6,0.952,89.2,9.04,5.07
72.9,0.125,1.68,40.8,27.2,0.975,88.78,8.69,4.69
85.6,0.099,1.83,41.5,25.7,0.951,88.54,7.84,5.3
82.8,0.14,1.74,51.5,36.5,0.958,88.4,10.8,4.77
56.1,0.126,2.33,35.1,24.1,0.965,89.61,6.63,5.28
92.7,0.128,2.1,55.5,38.0,0.908,88.95,10.49,5.29
91.6,0.12,1.53,47.0,30.6,0.956,87.98,10.25,4.58
67.5,0.123,2.58,45.0,31.9,0.925,89.86,7.5,6.0
79.7,0.102,1.42,36.4,21.9,0.966,87.69,7.65,4.77
80.9,0.131,1.24,41.2,26.2,0.938,87.47,9.69,4.25
78.1,0.135,1.98,48.6,33.9,0.946,88.96,9.72,5.0
68.4,0.103,1.97,36.5,23.2,0.921,89.24,6.31,5.78
66.9,0.129,2.14,42.6,29.7,0.952,89.53,8.02,5.31
74.7,0.104,1.51,34.4,20.2,0.903,87.93,6.87,5.01
89.1,0.114,2.55,56.3,40.1,0.96,89.12,9.5,5.93
81.5,0.099,2.96,48.1,33.2,0.913,89.51,7.19,6.69
70.6,0.098,2.09,37.4,23.7,0.918,88.94,6.19,6.04
84.3,0.106,2.26,46.0,31.2,0.9,88.47,7.87,5.84
50.0,0.113,1.2,23.5,13.7,0.925,87.21,5.1,4.61
88.8,0.097,1.88,42.5,26.4,0.931,88.82,7.78,5.46
54.1,0.121,1.75,29.4,18.7,0.919,89.1,5.87,5.01
70.7,0.095,1.67,33.4,19.7,0.918,88.03,6.02,5.55
61.6,0.117,1.77,35.1,23.2,0.971,88.71,6.81,5.16
59.5,0.124,1.82,33.4,22.0,0.926,88.73,6.64,5.03
88.9,0.106,1.37,42.0,25.4,0.958,87.24,8.8,4.77
69.4,0.137,1.86,42.0,28.8,0.919,89.46,8.5,4.94
79.2,0.114,1.58,41.3,26.6,0.965,88.1,8.46,4.88
74.4,0.114,2.49,46.3,31.7,0.954,89.72,7.87,5.88
80.7,0.126,2.27,51.9,36.6,0.96,89.87,9.53,5.45
75.9,0.121,2.27,48.7,33.5,0.935,89.17,8.35,5.83
59.6,0.114,2.59,38.0,27.2,0.97,89.27,6.43,5.9
87.0,0.09,1.69,39.5,23.0,0.93,88.14,7.11,5.55
69.1,0.118,2.23,42.6,29.0,0.948,89.06,7.54,5.65
56.3,0.087,2.64,30.4,19.7,0.951,89.48,4.53,6.71
69.9,0.099,1.65,33.3,20.1,0.976,88.34,6.61,5.03
93.0,0.093,1.2,38.5,21.6,0.911,87.33,7.71,5.0
85.2,0.12,1.75,45.1,29.7,0.911,88.6,9.07,4.97
70.8,0.104,2.58,42.0,28.8,0.937,89.27,6.76,6.21
70.8,0.116,1.62,39.0,24.4,0.973,88.63,7.82,4.99
71.1,0.095,1.87,34.0,20.6,0.902,88.87,5.91,5.75
99.9,0.101,1.71,47.0,28.8,0.922,88.38,9.04,5.2
79.6,0.095,2.0,38.4,23.5,0.923,88.33,6.8,5.65
80.2,0.15,1.58,47.6,32.8,0.924,89.03,10.8,4.41
87.4,0.098,1.36,37.0,21.5,0.902,88.11,7.55,4.91
77.9,0.1,1.88,39.5,24.6,0.966,89.0,7.31,5.4
71.9,0.139,1.96,43.5,30.0,0.901,89.75,8.77,4.96
72.6,0.118,2.66,46.9,33.9,0.938,89.47,7.86,5.97
74.1,0.121,2.13,42.3,28.4,0.905,89.79,7.89,5.36
74.6,0.101,1.51,35.9,21.9,0.964,87.77,7.07,5.08
83.7,0.12,1.73,46.3,30.4,0.96,88.47,9.44,4.91
75.6,0.104,2.46,43.8,30.2,0.958,89.11,7.34,5.96
83.8,0.12,1.89,46.8,31.5,0.959,88.52,9.39,4.99
74.0,0.128,1.55,41.8,28.2,0.975,88.36,9.03,4.63
75.9,0.108,2.14,42.0,28.2,0.933,88.63,7.49,5.6
51.0,0.144,1.71,32.8,22.5,0.969,88.96,6.94,4.72
86.0,0.124,2.34,52.4,36.8,0.915,88.92,9.53,5.5
79.2,0.11,2.28,44.9,30.0,0.936,89.68,7.93,5.66
87.0,0.16,1.53,52.1,36.5,0.901,89.05,12.22,4.26
50.0,0.089,2.99,27.8,17.9,0.923,90.67,4.01,6.94
100.0,0.099,2.04,50.4,32.3,0.937,88.42,9.06,5.57
73.3,0.123,1.2,36.9,23.0,0.973,87.34,8.54,4.33
88.3,0.116,2.29,51.7,35.5,0.925,89.36,9.27,5.57
62.5,0.083,1.2,25.1,13.1,0.954,86.57,4.83,5.19
82.4,0.109,2.62,50.7,35.8,0.967,89.01,8.49,5.97
62.4,0.126,2.13,39.1,26.5,0.926,88.87,7.07,5.53
67.5,0.112,2.03,36.2,23.3,0.914,89.36,6.74,5.37
98.0,0.139,2.06,63.2,46.0,0.947,88.67,12.61,5.01
72.7,0.102,2.35,40.3,27.5,0.923,89.56,6.67,6.05
77.6,0.146,1.82,49.7,34.8,0.952,88.87,10.56,4.71
85.4,0.106,2.05,43.9,28.8,0.911,88.76,8.08,5.44
80.9,0.128,2.12,49.6,34.6,0.912,89.11,9.23,5.37
76.8,0.102,1.2,33.2,19.4,0.954,87.09,7.28,4.55
79.4,0.163,2.35,62.5,47.7,0.978,89.67,12.32,5.07
100.0,0.103,2.44,55.8,37.7,0.92,89.25,9.26,6.03
74.3,0.138,2.28,51.1,36.9,0.957,89.49,9.54,5.36
77.4,0.112,2.25,44.4,30.0,0.943,89.29,7.96,5.58
87.6,0.157,2.86,74.1,58.1,0.968,90.01,13.0,5.7
88.3,0.097,2.04,44.3,28.6,0.931,88.23,7.78,5.7
89.2,0.126,2.05,54.0,37.9,0.978,89.41,10.73,5.04
82.7,0.156,1.73,51.2,36.0,0.907,88.69,11.37,4.5
61.3,0.114,1.2,29.0,17.2,0.979,87.69,6.69,4.33
94.6,0.117,2.29,58.0,40.9,0.968,89.26,10.46,5.55
61.2,0.108,1.79,31.9,20.5,0.969,88.23,6.24,5.11
78.6,0.084,1.2,30.4,16.3,0.967,86.72,6.26,4.86
65.9,0.09,2.02,33.1,19.9,0.969,89.02,5.6,5.9
74.2,0.131,2.01,46.9,32.7,0.965,89.07,9.16,5.12
78.9,0.106,1.94,44.0,28.4,0.972,88.66,7.9,5.57
78.9,0.099,2.13,41.3,26.5,0.937,88.93,7.12,5.79
80.1,0.18,1.28,53.5,38.4,0.975,88.03,13.7,3.9
94.4,0.093,2.55,50.5,33.7,0.931,89.05,7.95,6.35
80.4,0.104,2.27,45.6,30.1,0.958,89.07,7.85,5.81
72.1,0.083,2.68,37.4,24.6,0.957,89.15,5.56,6.73
86.6,0.093,1.78,41.6,25.5,0.966,87.85,7.55,5.51
89.3,0.128,2.27,58.1,41.8,0.959,89.34,10.68,5.44
60.3,0.11,1.2,28.2,16.0,0.903,86.52,5.83,4.84
82.2,0.126,1.64,45.4,30.3,0.959,88.48,9.65,4.71
83.4,0.143,1.37,44.7,29.4,0.902,87.95,10.48,4.27
71.4,0.104,2.19,38.5,25.8,0.943,88.81,6.83,5.63
91.5,0.092,1.51,38.9,23.0,0.967,87.06,7.92,4.92
73.2,0.113,1.84,40.0,26.1,0.966,88.88,7.81,5.12
76.5,0.118,2.06,44.8,30.1,0.967,88.96,8.54,5.24
72.9,0.121,1.85,41.5,27.7,0.948,88.9,8.15,5.1
75.2,0.166,1.4,46.4,32.5,0.915,87.78,11.14,4.17
61.8,0.162,2.88,53.6,41.5,0.941,90.59,9.19,5.83
57.7,0.114,2.12,33.2,21.9,0.941,89.67,6.03,5.51
94.1,0.105,2.89,57.9,40.5,0.926,89.2,8.9,6.5
64.8,0.098,1.54,30.3,18.3,0.934,87.79,5.78,5.24
63.1,0.137,1.87,40.4,28.2,0.97,89.37,8.19,4.93
50.0,0.099,2.1,25.5,15.9,0.941,89.16,4.53,5.63
67.3,0.13,2.82,49.7,36.5,0.956,90.24,8.17,6.09
59.1,0.121,2.88,40.9,29.8,0.94,89.98,6.54,6.24
94.7,0.102,1.84,47.5,30.5,0.949,87.53,8.98,5.29
87.1,0.116,1.69,44.3,28.1,0.907,87.48,8.95,4.95
66.7,0.11,2.05,36.1,24.0,0.975,88.84,6.98,5.17
100.0,0.103,2.66,58.0,40.3,0.935,89.18,9.35,6.21
86.8,0.099,2.13,45.5,28.7,0.96,88.56,8.02,5.67
71.1,0.126,2.22,44.8,31.0,0.953,89.56,8.31,5.39
50.0,0.104,2.65,31.5,21.4,0.964,89.56,4.9,6.43
100.0,0.103,2.57,56.3,38.0,0.903,89.69,9.03,6.23
58.3,0.103,2.59,34.4,23.7,0.975,89.55,5.71,6.01
55.3,0.114,2.41,35.2,24.1,0.966,89.75,5.92,5.96
87.3,0.139,2.78,67.7,51.0,0.967,89.38,11.42,5.93
100.0,0.102,1.49,45.5,27.7,0.937,87.37,9.35,4.87
91.6,0.112,3.2,65.9,48.5,0.964,89.68,9.67,6.81
81.8,0.142,2.63,60.6,45.7,0.946,89.73,10.69,5.67
82.1,0.108,2.02,44.1,28.9,0.94,87.82,8.12,5.42
85.2,0.098,2.65,47.6,32.5,0.963,89.36,7.85,6.06
84.1,0.109,1.93,45.2,29.5,0.95,88.86,8.5,5.31
78.4,0.124,2.34,47.9,33.3,0.906,89.63,8.58,5.58
76.3,0.102,2.4,42.0,27.9,0.925,89.57,7.0,6.0
74.2,0.111,2.53,45.1,31.6,0.95,89.5,7.66,5.89
66.0,0.132,1.87,39.0,26.3,0.972,89.95,8.25,4.72
71.6,0.122,2.54,47.4,34.2,0.975,89.69,8.28,5.72
54.7,0.085,1.88,25.5,14.4,0.967,87.92,4.37,5.85
73.8,0.133,2.47,49.4,35.5,0.92,89.74,8.84,5.59
63.1,0.098,2.09,32.1,20.2,0.938,89.44,5.67,5.67
61.8,0.099,1.2,27.2,14.9,0.935,86.74,5.6,4.86
77.2,0.115,1.73,40.7,26.5,0.935,88.42,8.11,5.01
91.7,0.124,2.52,58.6,41.6,0.904,89.74,10.02,5.85
86.0,0.16,1.95,57.0,41.2,0.914,89.06,12.27,4.65
56.2,0.095,2.71,31.6,21.4,0.912,89.53,4.73,6.69
63.1,0.12,1.49,32.0,19.7,0.949,88.56,6.99,4.58
86.3,0.128,2.45,56.8,41.0,0.933,88.95,10.08,5.64
63.2,0.108,2.08,34.1,21.8,0.926,89.14,6.15,5.55
72.3,0.147,1.98,47.8,34.1,0.936,89.0,9.66,4.94
81.6,0.158,1.51,48.8,33.6,0.926,88.41,11.65,4.19
63.4,0.12,2.21,40.0,27.8,0.961,89.51,7.15,5.59
76.3,0.091,1.6,34.1,18.8,0.913,88.34,6.16,5.54
59.0,0.09,1.78,27.4,15.8,0.904,88.68,4.7,5.84
67.8,0.117,2.03,38.0,25.9,0.952,88.93,7.37,5.16
78.8,0.122,1.92,44.5,30.5,0.918,89.29,8.61,5.17
55.9,0.141,2.61,41.0,29.9,0.951,90.34,7.31,5.61
80.3,0.115,1.2,34.8,20.1,0.905,86.45,8.13,4.28
74.8,0.109,2.01,41.2,26.8,0.92,89.2,7.32,5.62
81.6,0.118,1.92,44.0,28.8,0.912,88.8,8.55,5.15
77.7,0.113,2.1,43.5,28.9,0.923,89.0,7.92,5.49
91.4,0.104,1.83,45.9,29.7,0.926,88.75,8.58,5.35
76.5,0.155,2.61,59.9,45.5,0.94,89.9,10.83,5.53
69.8,0.118,1.97,39.7,26.5,0.942,89.34,7.54,5.27
76.5,0.091,2.17,38.3,24.5,0.95,89.29,6.44,5.95
81.5,0.113,2.55,49.2,34.6,0.927,89.37,8.29,5.94
75.6,0.134,2.13,49.8,35.0,0.943,89.49,9.33,5.33
75.5,0.121,1.47,40.4,26.0,0.979,88.29,8.74,4.62
66.6,0.101,1.89,32.5,20.0,0.917,88.92,6.01,5.4
67.0,0.154,2.04,45.6,33.1,0.912,89.91,9.21,4.95
58.2,0.128,1.28,30.5,19.2,0.967,87.5,7.03,4.34
96.0,0.095,1.74,44.8,27.3,0.933,87.79,8.33,5.38
60.1,0.091,2.07,30.1,19.0,0.968,88.54,5.18,5.81
66.7,0.101,3.11,42.5,29.9,0.934,90.3,6.15,6.92
66.4,0.084,2.29,30.4,18.6,0.902,88.44,4.92,6.18
85.7,0.149,2.18,59.5,43.8,0.93,89.87,11.57,5.14
71.5,0.111,2.95,48.4,34.4,0.949,89.86,7.31,6.63
90.0,0.092,2.39,45.9,30.0,0.936,88.56,7.56,6.07
66.9,0.112,2.46,41.8,29.1,0.937,89.06,6.87,6.08
78.3,0.091,1.9,37.7,23.2,0.98,88.46,6.79,5.55
65.0,0.134,1.47,35.9,23.9,0.944,88.29,8.03,4.46
100.0,0.125,2.23,62.0,44.2,0.956,89.11,11.68,5.31
60.7,0.127,3.01,45.6,34.5,0.958,89.31,7.2,6.34
78.7,0.115,2.86,49.8,35.6,0.9,89.53,7.93,6.28
82.6,0.122,2.43,52.7,37.5,0.944,89.05,9.24,5.71
80.0,0.107,1.76,40.0,25.0,0.977,88.87,8.16,4.9
72.8,0.129,1.32,37.7,24.2,0.96,87.95,8.82,4.28
73.4,0.128,1.69,41.2,26.9,0.927,88.47,8.53,4.83
75.5,0.116,2.21,43.0,28.6,0.929,89.69,7.91,5.43
73.2,0.143,1.86,46.8,32.3,0.924,88.97,9.41,4.97
86.6,0.134,2.6,61.1,45.3,0.95,89.53,10.77,5.67
100.0,0.094,1.36,40.2,22.6,0.908,87.16,8.35,4.81
68.3,0.095,2.04,34.0,21.2,0.923,89.18,5.83,5.84
58.6,0.091,1.72,28.6,16.4,0.94,88.48,4.89,5.85
73.9,0.099,2.6,41.7,28.2,0.943,89.83,6.74,6.18
100.0,0.121,2.37,62.1,43.8,0.949,88.91,11.22,5.54
65.4,0.163,1.68,42.7,30.6,0.964,88.83,10.01,4.26
94.7,0.115,2.53,56.1,39.1,0.913,89.72,9.65,5.81
95.1,0.118,1.29,44.2,27.1,0.918,87.11,10.02,4.41
68.4,0.126,1.21,35.1,22.5,0.97,87.67,8.12,4.32
81.8,0.122,1.66,44.9,29.5,0.966,88.66,9.42,4.77
94.5,0.1,1.2,40.6,22.9,0.966,87.47,8.94,4.53
70.5,0.105,2.04,37.0,23.4,0.917,88.85,6.61,5.6
72.6,0.124,2.06,42.8,29.2,0.905,89.36,7.94,5.39
68.0,0.106,1.9,35.3,23.0,0.942,88.53,6.61,5.35
62.8,0.107,2.37,37.3,25.2,0.97,89.26,6.35,5.88
67.2,0.106,1.74,33.7,20.6,0.919,88.3,6.37,5.28
60.3,0.128,1.45,32.8,21.2,0.972,88.61,7.3,4.5
75.4,0.097,1.7,35.4,20.8,0.911,88.58,6.47,5.47
65.8,0.105,1.49,30.7,18.2,0.924,88.18,6.19,4.96
77.8,0.157,1.79,50.6,36.4,0.924,88.84,11.01,4.6
56.3,0.129,2.4,36.9,25.5,0.912,89.58,6.44,5.73
79.0,0.097,1.22,33.9,19.0,0.97,86.76,7.24,4.69
85.0,0.118,1.93,47.7,31.5,0.933,88.88,9.15,5.21
51.1,0.098,2.58,29.4,19.1,0.915,89.1,4.47,6.58
79.5,0.16,2.64,62.1,47.7,0.912,89.87,11.34,5.48
89.7,0.095,1.76,41.1,25.8,0.934,87.66,7.74,5.32
60.5,0.096,3.2,36.6,25.6,0.901,89.95,5.12,7.15
95.1,0.125,1.57,49.7,32.8,0.91,87.71,10.56,4.71
80.0,0.102,1.99,40.0,24.7,0.9,89.39,7.14,5.61
66.5,0.141,1.51,37.8,24.6,0.902,88.91,8.27,4.56
74.3,0.12,2.32,47.0,33.2,0.98,89.33,8.51,5.52
81.7,0.14,3.2,66.5,51.1,0.936,90.12,10.42,6.38
75.9,0.095,3.02,46.1,32.5,0.958,89.63,6.71,6.87
81.5,0.094,2.52,44.6,29.1,0.959,88.77,7.15,6.24
64.0,0.116,1.8,35.3,23.2,0.97,89.27,7.02,5.03
77.0,0.129,2.02,45.6,31.0,0.908,89.08,8.78,5.19
58.0,0.087,2.66,30.8,19.3,0.942,89.2,4.65,6.62
73.7,0.128,2.47,47.8,33.8,0.926,89.79,8.5,5.62
64.2,0.122,2.14,39.1,27.3,0.944,88.98,7.22,5.41
66.2,0.125,2.17,39.3,26.9,0.927,89.64,7.48,5.25
89.8,0.102,2.63,51.7,34.9,0.915,89.27,8.13,6.35
88.1,0.143,2.75,67.8,51.5,0.954,89.51,11.68,5.8
82.3,0.09,1.35,32.6,17.9,0.903,87.6,6.52,5.0
61.9,0.119,2.21,38.7,26.7,0.972,89.69,6.96,5.57
71.2,0.127,2.39,44.4,31.4,0.912,89.45,8.07,5.5
89.6,0.096,1.83,42.1,26.3,0.949,88.45,7.92,5.32
76.7,0.087,2.74,41.0,27.0,0.96,88.76,6.24,6.57
100.0,0.15,1.96,64.5,46.6,0.906,89.11,13.24,4.87
79.7,0.131,2.75,58.8,44.5,0.972,89.21,9.91,5.93
77.3,0.128,1.92,45.7,31.0,0.928,89.01,8.96,5.1
71.3,0.11,2.23,43.1,29.9,0.98,89.45,7.49,5.75
76.6,0.117,2.22,44.5,30.3,0.906,89.33,7.93,5.61
73.2,0.114,2.93,49.8,35.9,0.957,90.24,7.76,6.41
83.5,0.132,2.47,56.9,40.8,0.913,89.23,9.84,5.78
86.5,0.113,1.87,45.9,29.8,0.932,88.72,8.89,5.16
65.6,0.096,1.96,32.9,20.5,0.935,88.07,5.74,5.73
59.0,0.095,1.96,28.4,17.3,0.932,88.73,5.1,5.56
53.0,0.141,2.11,33.8,23.9,0.927,89.63,6.77,5.0
81.1,0.09,1.63,36.5,21.9,0.961,88.5,6.83,5.35
61.8,0.127,2.06,37.9,26.0,0.966,89.36,7.38,5.13
50.0,0.102,2.78,30.9,20.5,0.927,90.16,4.62,6.7
79.7,0.085,2.76,43.1,28.4,0.939,88.86,6.17,6.98
100.0,0.128,1.32,49.1,31.4,0.934,87.24,11.63,4.22
74.9,0.123,1.24,37.4,23.4,0.947,87.14,8.52,4.39
85.1,0.111,1.8,44.3,28.0,0.912,88.12,8.38,5.28
76.0,0.103,1.21,33.4,19.6,0.964,86.76,7.33,4.56
73.8,0.148,1.47,44.2,30.2,0.964,88.19,10.28,4.3
86.0,0.114,2.28,50.4,34.8,0.947,89.8,9.08,5.55
71.5,0.107,2.08,39.8,26.3,0.96,88.99,7.15,5.57
78.2,0.093,1.24,33.1,18.3,0.979,86.56,6.98,4.74
78.9,0.094,2.69,46.1,31.0,0.974,89.07,7.06,6.53
67.0,0.128,1.89,39.0,26.3,0.949,89.44,7.95,4.9
86.9,0.107,1.84,46.3,30.0,0.941,88.2,8.49,5.46
72.9,0.081,2.61,36.8,23.0,0.943,89.67,5.45,6.75
65.9,0.1,2.31,35.6,23.5,0.937,89.61,6.05,5.88
81.4,0.134,2.08,52.3,37.3,0.938,89.12,9.99,5.23
64.2,0.125,1.85,38.0,24.8,0.959,88.79,7.48,5.08
75.3,0.103,2.38,43.6,29.6,0.979,88.87,7.4,5.89
74.9,0.158,1.88,48.4,34.6,0.904,89.38,10.45,4.63
88.0,0.093,1.99,41.3,25.3,0.918,88.62,7.32,5.64
80.7,0.091,1.51,33.5,18.8,0.917,88.19,6.56,5.11
74.7,0.09,2.67,41.2,27.8,0.967,89.38,6.33,6.51
84.8,0.098,2.88,49.7,35.0,0.934,89.19,7.6,6.54
91.7,0.125,2.21,55.7,39.3,0.942,89.55,10.53,5.29
81.7,0.102,1.86,40.4,25.5,0.938,88.78,7.63,5.3
75.1,0.109,2.57,47.2,33.0,0.968,89.17,7.71,6.12
59.3,0.087,2.39,30.2,18.8,0.94,89.23,4.71,6.4
62.2,0.141,1.88,39.1,27.1,0.953,89.52,8.17,4.78
71.3,0.135,2.68,49.9,37.0,0.902,89.96,8.47,5.89
67.7,0.107,1.89,35.2,23.0,0.952,88.46,6.74,5.22
72.8,0.107,1.46,34.7,20.9,0.919,87.96,6.98,4.96
75.7,0.112,2.07,43.5,29.2,0.969,88.76,8.03,5.42
81.4,0.117,2.64,54.7,39.3,0.96,89.49,8.91,6.14
74.2,0.115,2.15,42.3,28.0,0.909,88.69,7.53,5.62
80.8,0.117,1.51,39.4,24.0,0.908,87.72,8.36,4.71
75.8,0.108,1.9,39.4,25.0,0.923,89.46,7.4,5.33
51.3,0.094,2.7,28.8,18.8,0.91,89.53,4.3,6.7
63.7,0.117,2.24,39.0,26.7,0.959,89.81,6.98,5.59
73.3,0.104,2.09,40.7,27.1,0.979,88.92,7.29,5.58
60.5,0.113,2.03,34.1,22.5,0.952,88.78,6.37,5.35
82.2,0.09,2.64,44.7,29.4,0.92,88.75,6.62,6.76
93.4,0.105,2.61,56.7,39.2,0.945,88.85,9.07,6.25
89.6,0.098,1.4,40.4,23.8,0.964,88.14,8.3,4.87
72.4,0.125,2.57,49.3,35.7,0.977,89.57,8.62,5.71
92.9,0.115,2.36,55.2,38.3,0.9,89.13,9.38,5.88
76.8,0.1,2.9,47.0,32.6,0.942,89.7,7.05,6.67
71.0,0.102,2.07,37.3,23.5,0.936,89.12,6.6,5.66
67.6,0.12,2.67,46.1,32.5,0.933,90.03,7.4,6.22
71.4,0.119,2.33,44.1,30.6,0.94,89.23,7.77,5.67
70.3,0.111,1.54,35.8,22.6,0.932,87.78,7.13,5.02
77.0,0.122,2.61,50.1,35.7,0.928,89.24,8.52,5.88
76.9,0.137,2.5,53.1,38.4,0.909,89.14,9.33,5.69
75.0,0.098,1.78,37.4,23.2,0.94,88.24,6.76,5.53
80.2,0.089,2.24,40.4,25.7,0.966,87.54,6.71,6.01
89.3,0.124,3.15,63.7,47.5,0.908,89.92,9.81,6.5
86.4,0.101,1.86,41.9,26.1,0.959,88.62,8.19,5.12
57.2,0.123,2.46,36.8,25.9,0.921,89.44,6.31,5.83
50.0,0.127,1.55,27.9,18.1,0.93,88.22,5.74,4.86
86.2,0.117,1.81,46.7,31.4,0.979,89.08,9.64,4.85
58.6,0.101,2.51,34.0,22.7,0.954,89.86,5.48,6.21
72.3,0.084,2.23,35.2,21.2,0.958,88.79,5.64,6.25
61.0,0.092,2.0,29.8,17.6,0.948,88.66,5.21,5.71
53.4,0.095,2.95,31.6,21.0,0.926,89.8,4.59,6.87
81.5,0.12,1.64,44.1,28.4,0.954,87.83,9.11,4.85
84.1,0.143,2.03,54.6,39.1,0.937,89.29,10.98,4.97
68.1,0.096,2.35,36.9,24.2,0.967,88.78,6.15,6.0
50.0,0.115,1.66,26.9,17.7,0.946,87.96,5.32,5.06
68.4,0.106,2.35,39.5,26.5,0.962,89.03,6.78,5.83
79.7,0.098,2.64,45.8,31.4,0.968,88.9,7.33,6.25
57.3,0.128,2.04,36.3,24.5,0.966,90.06,6.87,5.28
77.2,0.135,1.76,44.6,30.7,0.932,89.39,9.49,4.7
74.8,0.116,1.94,41.7,27.2,0.93,88.51,7.89,5.29
82.0,0.125,1.2,40.8,25.6,0.97,87.19,9.67,4.22
76.4,0.116,2.6,47.4,33.6,0.911,89.27,7.86,6.03
63.3,0.11,2.23,35.7,24.2,0.922,89.98,6.29,5.68
89.4,0.139,2.01,54.6,38.2,0.91,88.41,11.03,4.95
73.1,0.094,1.27,30.1,16.7,0.903,87.36,6.03,4.98
74.7,0.095,2.65,40.7,27.5,0.949,89.75,6.53,6.23
63.8,0.084,1.88,31.0,18.0,0.972,88.39,5.05,6.13
69.7,0.12,2.38,43.5,30.0,0.91,89.5,7.41,5.86
64.4,0.125,2.09,39.7,27.8,0.964,89.71,7.53,5.27
72.9,0.113,1.29,33.2,20.3,0.93,87.12,7.46,4.45
95.5,0.118,2.73,62.8,45.0,0.949,89.55,10.48,5.99
58.5,0.098,2.64,34.7,23.8,0.961,89.04,5.38,6.45
55.6,0.104,2.48,33.8,22.9,0.957,89.03,5.39,6.26
92.7,0.107,2.26,49.5,32.5,0.911,89.18,8.78,5.64
72.5,0.095,1.5,32.5,19.1,0.909,87.52,6.08,5.34
67.0,0.095,2.53,37.6,25.3,0.974,89.41,6.04,6.22
87.5,0.116,3.2,59.5,44.3,0.906,89.19,8.94,6.66
67.7,0.097,2.16,34.3,21.3,0.917,89.13,5.86,5.86
96.9,0.122,2.17,59.8,41.3,0.935,88.33,10.82,5.53
83.1,0.139,1.55,47.4,32.6,0.966,88.8,10.9,4.35
69.1,0.106,1.2,30.3,17.6,0.948,87.47,6.78,4.47
100.0,0.112,1.92,53.1,34.7,0.946,88.23,10.37,5.12
67.7,0.09,2.84,37.1,25.2,0.955,88.8,5.65,6.56
83.9,0.093,2.77,47.2,32.1,0.964,89.15,7.37,6.41
78.6,0.091,2.07,36.6,21.9,0.919,88.57,6.38,5.74
90.6,0.115,2.32,53.0,36.9,0.902,88.87,9.17,5.78
93.7,0.125,1.49,48.1,30.9,0.91,88.26,10.44,4.6
75.4,0.097,2.16,37.6,23.4,0.913,89.35,6.53,5.75
66.0,0.134,1.84,37.9,25.3,0.903,89.23,7.76,4.89
80.5,0.139,2.13,52.6,38.1,0.96,89.84,10.51,5.01
66.9,0.109,1.96,36.5,24.0,0.971,87.97,6.88,5.31
99.2,0.115,1.95,55.6,37.7,0.957,88.42,10.62,5.24
76.6,0.11,2.6,46.0,31.7,0.915,89.3,7.52,6.12
70.6,0.113,3.08,49.1,35.3,0.949,90.08,7.4,6.64
77.2,0.085,2.02,36.0,21.3,0.942,88.47,6.0,5.99
58.8,0.108,2.81,38.6,27.4,0.966,89.99,6.0,6.44
63.3,0.082,1.48,27.9,15.5,0.975,87.63,4.95,5.63
89.4,0.132,2.05,56.3,39.7,0.959,88.77,11.01,5.11
67.1,0.131,1.45,35.3,22.8,0.941,88.53,8.04,4.39
62.4,0.106,1.94,33.3,21.1,0.941,88.96,6.08,5.47
81.4,0.144,2.46,57.6,42.6,0.965,89.77,11.0,5.23
89.2,0.152,2.66,68.3,52.0,0.91,89.35,12.04,5.68
83.6,0.105,1.71,40.0,24.2,0.912,88.49,7.78,5.14
87.0,0.127,2.33,55.5,39.2,0.927,88.9,10.0,5.55
65.9,0.141,2.71,49.9,37.8,0.96,90.63,8.71,5.74
57.9,0.101,2.64,32.6,21.7,0.905,89.54,5.16,6.3
93.0,0.09,2.23,46.2,28.7,0.928,88.5,7.55,6.13
71.1,0.115,1.81,38.7,24.6,0.925,89.04,7.39,5.24
72.0,0.117,1.76,38.6,24.8,0.939,88.63,7.69,5.02
90.9,0.116,1.68,47.7,31.3,0.937,88.47,9.67,4.94
81.7,0.102,2.08,43.8,28.9,0.957,88.7,7.78,5.63
80.5,0.105,1.69,39.7,25.2,0.95,88.51,7.81,5.09
100.0,0.086,2.44,50.9,32.8,0.972,88.65,8.16,6.24
67.3,0.113,2.21,38.5,25.8,0.914,89.59,6.77,5.7
86.1,0.145,2.19,57.7,41.9,0.935,89.77,11.35,5.08
75.7,0.124,1.2,36.3,22.6,0.932,86.75,8.51,4.26
78.2,0.089,2.11,35.9,21.0,0.909,88.85,6.14,5.85
93.3,0.099,1.87,45.6,28.5,0.913,88.94,8.2,5.56
81.1,0.102,3.18,52.6,37.5,0.927,89.74,7.45,7.07
81.5,0.132,1.46,43.7,29.4,0.959,88.93,10.09,4.34
87.9,0.155,2.0,57.4,42.0,0.912,88.92,12.12,4.74
70.6,0.093,2.29,35.6,22.7,0.921,89.17,5.9,6.03
64.9,0.122,1.61,35.5,22.8,0.954,88.72,7.34,4.83
62.5,0.126,3.06,46.4,34.6,0.948,89.88,7.28,6.37
51.4,0.086,3.07,30.0,20.2,0.908,89.31,3.9,7.7
99.7,0.098,1.67,47.4,29.2,0.975,88.61,9.27,5.11
61.8,0.14,1.8,36.7,24.9,0.912,89.56,7.69,4.77
72.3,0.084,3.17,39.9,26.2,0.905,89.63,5.34,7.48
71.7,0.092,2.8,39.6,26.5,0.924,89.42,5.96,6.64
78.7,0.154,1.92,50.6,36.0,0.902,89.3,10.64,4.76
84.8,0.118,2.32,49.3,33.2,0.902,89.4,8.79,5.61
85.3,0.098,1.41,38.7,22.6,0.946,87.97,7.7,5.03
68.0,0.103,3.2,44.7,32.2,0.971,89.5,6.64,6.74
73.0,0.124,2.14,43.3,29.8,0.932,89.3,8.23,5.26
78.4,0.138,2.39,53.3,38.5,0.924,89.46,9.78,5.45
72.0,0.137,1.63,42.0,28.5,0.973,88.3,9.38,4.48
94.3,0.091,1.53,40.6,23.4,0.905,87.34,7.55,5.38
80.9,0.111,2.33,47.9,32.4,0.938,89.24,8.19,5.84
83.8,0.099,3.06,51.3,35.8,0.92,89.31,7.47,6.86
83.0,0.097,1.83,40.1,25.0,0.931,88.39,7.33,5.47
89.1,0.11,1.61,44.7,28.0,0.933,88.29,8.92,5.01
77.2,0.123,2.25,47.6,33.6,0.944,89.71,8.73,5.45
59.4,0.095,2.92,36.0,24.5,0.936,90.6,5.15,6.99
79.8,0.096,1.78,39.2,24.7,0.979,88.6,7.32,5.36
67.2,0.107,1.98,34.7,22.5,0.902,88.73,6.35,5.47
68.7,0.142,2.52,49.7,36.7,0.961,90.26,9.11,5.45
82.0,0.116,2.57,49.6,34.4,0.904,89.3,8.42,5.89
89.9,0.094,1.96,42.3,26.0,0.934,88.18,7.69,5.5
75.3,0.14,2.65,55.0,40.6,0.916,90.06,9.41,5.85
78.7,0.108,2.36,45.8,31.5,0.976,89.7,8.09,5.66
95.4,0.112,2.11,54.3,36.9,0.958,88.53,9.99,5.43
77.9,0.116,2.55,47.7,33.7,0.937,89.55,8.23,5.79
100.0,0.098,2.48,58.4,39.5,0.976,89.01,9.29,6.29
81.8,0.094,1.58,35.9,21.1,0.958,87.55,7.16,5.01
53.9,0.084,2.84,29.4,19.5,0.976,89.08,4.28,6.88
84.0,0.083,2.27,40.3,25.0,0.956,88.24,6.47,6.23
79.6,0.125,2.79,53.6,38.7,0.906,90.12,8.77,6.1
90.5,0.105,2.13,49.3,32.5,0.949,88.6,8.82,5.59
83.1,0.08,2.22,39.6,23.9,0.978,88.45,6.37,6.21
73.3,0.155,2.3,52.4,38.4,0.917,89.9,10.14,5.17
60.3,0.125,2.37,41.1,29.1,0.963,90.15,7.09,5.79
72.5,0.104,2.86,44.6,30.5,0.915,89.16,6.75,6.6
64.8,0.15,2.33,47.4,35.0,0.936,89.22,8.86,5.35
68.0,0.124,2.09,38.5,25.9,0.907,89.79,7.44,5.17
82.1,0.109,2.6,48.1,32.9,0.927,89.52,8.08,5.95
95.0,0.087,2.32,47.2,30.3,0.962,88.29,7.79,6.06
79.7,0.107,3.2,52.9,37.7,0.904,89.47,7.54,7.01
60.6,0.11,2.25,35.2,23.0,0.926,89.03,6.01,5.86
80.3,0.1,2.72,47.4,32.1,0.95,89.54,7.43,6.38
89.4,0.115,2.54,56.5,40.7,0.976,89.61,9.74,5.8
67.7,0.13,1.2,33.8,20.5,0.92,87.74,7.91,4.27
73.4,0.107,1.73,37.1,23.5,0.914,88.53,7.01,5.29
75.2,0.088,1.88,35.1,21.0,0.916,88.59,5.89,5.96
65.6,0.095,1.35,28.3,15.5,0.919,87.32,5.6,5.05
82.8,0.157,1.9,55.5,40.8,0.951,89.06,12.07,4.6
73.5,0.086,1.41,31.6,17.4,0.98,87.53,6.04,5.23
80.0,0.113,1.55,39.7,25.5,0.942,87.98,8.32,4.77
64.4,0.107,2.22,35.4,23.2,0.922,89.27,6.16,5.74
69.8,0.124,3.06,52.8,39.3,0.96,89.36,8.1,6.52
83.7,0.11,1.42,39.8,23.8,0.913,87.98,8.2,4.85
70.5,0.107,1.49,34.1,20.5,0.902,87.64,6.64,5.13
95.7,0.135,1.83,56.9,39.8,0.948,87.91,11.97,4.76
70.2,0.123,2.03,40.3,27.3,0.917,88.91,7.73,5.21
77.7,0.11,1.33,36.3,21.9,0.932,87.43,7.73,4.7
86.2,0.113,1.75,44.2,28.4,0.918,89.1,8.76,5.05
58.0,0.146,1.7,37.1,25.5,0.973,88.94,8.01,4.63
53.9,0.112,2.26,31.1,20.5,0.927,89.6,5.45,5.7
56.7,0.137,2.31,38.4,27.5,0.936,89.95,7.1,5.41
90.2,0.138,2.02,57.2,40.9,0.919,88.51,11.16,5.12
68.4,0.096,1.91,32.1,18.7,0.907,88.66,5.78,5.56
100.0,0.095,1.75,46.6,28.6,0.941,87.86,8.73,5.33
68.2,0.119,2.13,41.7,28.2,0.969,89.29,7.69,5.43
77.2,0.14,1.61,44.4,29.6,0.928,88.73,9.79,4.53
93.5,0.1,2.87,56.3,39.6,0.962,89.49,8.73,6.45
99.1,0.122,1.35,47.0,29.3,0.903,87.11,10.68,4.4
99.7,0.123,1.77,53.8,35.9,0.919,88.51,11.02,4.88
89.5,0.083,2.53,43.8,27.5,0.911,88.61,6.61,6.62
87.3,0.126,1.9,50.9,34.4,0.932,88.45,10.0,5.09
82.1,0.1,2.44,47.4,32.5,0.972,89.73,7.8,6.08
84.3,0.113,2.96,55.3,39.8,0.93,88.89,8.61,6.42
68.4,0.086,2.52,34.9,21.8,0.948,89.03,5.45,6.4
65.2,0.101,1.5,31.8,19.1,0.972,88.12,6.23,5.11
75.0,0.11,1.52,34.1,19.9,0.929,87.85,7.48,4.55
73.0,0.116,2.01,40.6,26.8,0.929,89.06,7.67,5.3
69.6,0.104,2.32,37.8,24.9,0.907,88.78,6.38,5.93
83.4,0.109,2.7,50.5,35.3,0.928,88.73,8.19,6.17
86.5,0.123,1.71,48.0,32.0,0.96,88.12,9.95,4.82
76.1,0.115,1.86,41.6,27.5,0.968,88.79,8.26,5.04
92.7,0.093,1.97,43.8,27.3,0.958,88.33,8.01,5.46
61.3,0.09,1.96,29.0,17.4,0.901,89.04,4.87,5.96
72.7,0.134,2.85,53.1,39.4,0.909,89.41,8.63,6.15
66.4,0.125,2.05,40.4,27.3,0.958,89.07,7.76,5.2
52.6,0.12,2.18,32.0,22.0,0.975,89.53,5.99,5.35
74.0,0.112,2.56,46.7,33.3,0.956,89.12,7.69,6.08
73.5,0.101,2.9,44.8,30.7,0.918,89.58,6.67,6.72
93.2,0.098,2.08,46.4,29.6,0.909,88.48,8.1,5.73
82.6,0.124,2.73,57.9,43.1,0.97,89.75,9.65,6.01
62.7,0.097,3.01,36.3,24.2,0.908,89.79,5.37,6.75
97.2,0.116,2.04,52.3,35.1,0.912,88.04,10.0,5.23
89.7,0.123,1.82,51.2,33.9,0.948,89.08,10.19,5.02
82.0,0.093,3.19,49.1,34.3,0.915,88.65,6.81,7.22
72.3,0.107,2.66,42.5,28.9,0.918,88.95,6.92,6.14
63.5,0.123,2.11,37.0,24.7,0.911,89.33,6.97,5.31
70.5,0.109,2.42,43.6,29.9,0.976,89.49,7.33,5.95
88.1,0.086,1.58,35.7,20.0,0.91,87.59,6.7,5.32
97.6,0.144,2.65,75.1,57.3,0.975,89.37,13.39,5.61
93.5,0.112,1.2,41.6,25.3,0.926,86.87,9.46,4.4
69.1,0.096,2.64,40.3,27.1,0.966,89.57,6.22,6.47
61.6,0.145,1.74,39.1,27.3,0.976,88.71,8.48,4.62
76.7,0.091,1.27,32.4,17.9,0.942,86.74,6.38,5.08
53.8,0.123,1.2,26.3,15.6,0.962,87.32,6.19,4.26
78.9,0.115,1.86,42.5,27.9,0.921,89.17,8.17,5.2
73.2,0.1,2.46,40.2,26.5,0.931,89.39,6.66,6.03
69.4,0.091,1.41,28.4,15.8,0.944,87.82,5.79,4.89
55.9,0.134,1.48,32.6,22.0,0.968,89.1,7.08,4.6
81.2,0.106,1.85,43.5,27.9,0.95,88.82,7.96,5.47
68.6,0.131,2.5,45.5,32.4,0.902,89.79,7.89,5.76
61.0,0.084,2.57,32.2,20.2,0.924,89.87,4.61,6.97
50.0,0.134,2.17,33.2,23.4,0.969,89.42,6.34,5.23
74.7,0.138,2.59,53.0,38.7,0.919,89.69,9.22,5.75
96.3,0.121,2.44,59.8,42.6,0.929,89.56,10.57,5.66
94.9,0.101,1.89,46.2,29.6,0.931,87.57,8.7,5.31
69.5,0.106,2.55,39.2,26.1,0.912,89.18,6.58,5.96
67.8,0.116,1.46,33.9,20.5,0.928,88.35,7.09,4.78
80.6,0.11,2.34,47.7,33.7,0.965,89.22,8.36,5.71
63.0,0.102,1.52,30.8,18.4,0.968,88.31,6.08,5.05
78.6,0.137,2.17,52.5,37.9,0.946,88.7,9.96,5.27
84.2,0.096,2.71,49.8,33.3,0.954,88.92,7.55,6.6
89.7,0.139,2.21,59.9,42.7,0.943,89.49,11.47,5.22
73.8,0.103,2.09,37.8,24.7,0.904,88.63,6.69,5.64
72.6,0.116,2.21,43.6,29.4,0.956,89.54,7.86,5.54
64.5,0.132,2.43,44.2,32.0,0.98,89.86,8.14,5.42
65.1,0.096,3.17,40.2,27.9,0.918,89.28,5.58,7.21
72.3,0.099,2.43,40.0,26.6,0.979,89.36,6.81,5.87
79.4,0.106,1.85,41.2,26.8,0.98,88.83,8.07,5.11
86.0,0.114,2.0,48.5,32.3,0.911,88.91,8.74,5.55
65.4,0.152,1.65,41.4,29.9,0.974,89.17,9.45,4.38
92.9,0.086,1.48,39.0,22.4,0.954,86.79,7.43,5.26
71.7,0.102,1.2,30.0,16.2,0.937,87.89,6.68,4.49
74.7,0.11,1.87,38.0,24.8,0.928,89.7,7.41,5.12
66.0,0.124,1.4,33.4,20.9,0.95,88.55,7.59,4.39
50.0,0.109,2.15,28.4,18.9,0.967,89.47,5.13,5.54
85.6,0.092,1.85,39.1,23.3,0.903,88.15,6.9,5.66
83.8,0.109,1.56,40.7,25.2,0.943,87.86,8.42,4.83
71.6,0.096,1.2,31.4,17.5,0.952,87.3,6.35,4.93
75.8,0.132,1.93,44.0,30.8,0.902,89.42,8.79,5.0
81.2,0.154,1.22,46.1,30.9,0.971,87.43,11.83,3.9
56.2,0.113,2.45,36.2,25.5,0.976,89.66,6.07,5.96
68.7,0.09,2.23,34.6,21.0,0.949,89.45,5.72,6.04
84.5,0.095,1.99,41.5,26.1,0.909,88.51,7.09,5.85
59.9,0.103,2.83,37.4,26.2,0.975,89.76,5.87,6.37
78.5,0.141,2.1,51.9,37.6,0.964,89.83,10.42,4.98
58.7,0.095,2.29,31.4,19.7,0.902,89.7,4.89,6.41
80.6,0.092,2.44,42.8,27.6,0.946,89.32,6.84,6.25
74.6,0.086,1.84,33.8,19.8,0.909,88.01,5.66,5.97
55.6,0.116,1.84,29.0,18.5,0.911,88.66,5.72,5.07
89.0,0.09,2.12,42.2,26.5,0.915,88.33,7.13,5.92
66.2,0.092,1.43,29.2,16.3,0.932,87.55,5.52,5.29
65.3,0.138,2.99,52.9,40.2,0.97,90.2,8.5,6.22
77.4,0.117,2.18,44.7,30.2,0.902,89.12,7.94,5.63
88.8,0.12,2.0,52.0,35.2,0.955,88.75,9.91,5.25
62.8,0.097,3.14,40.3,28.5,0.977,89.65,5.82,6.92
75.7,0.142,1.55,44.7,29.8,0.951,88.18,9.96,4.49
80.1,0.133,2.87,60.8,45.8,0.965,89.63,10.03,6.06
83.3,0.112,2.51,51.6,36.5,0.972,90.14,8.86,5.82
77.1,0.094,2.66,43.0,28.7,0.957,89.51,6.8,6.33
70.6,0.144,2.01,46.3,33.5,0.953,89.39,9.43,4.9
65.1,0.092,2.13,31.9,19.9,0.901,88.45,5.24,6.09
76.0,0.113,1.93,43.1,29.0,0.942,88.48,7.91,5.45
62.1,0.088,2.6,34.0,21.8,0.938,89.36,4.99,6.83
50.0,0.151,2.3,36.4,26.7,0.942,90.57,6.96,5.24
80.2,0.108,1.82,42.4,26.7,0.935,88.62,7.92,5.34
85.8,0.091,1.84,40.7,24.9,0.973,88.36,7.41,5.49
50.0,0.088,2.09,24.9,15.1,0.971,89.51,4.16,5.99
62.9,0.134,1.93,37.9,26.4,0.91,88.94,7.49,5.07
82.4,0.1,2.82,49.2,34.2,0.943,89.83,7.56,6.51
99.7,0.083,2.5,51.3,32.7,0.977,88.56,7.89,6.5
75.2,0.106,2.5,44.3,29.6,0.948,89.74,7.38,6.0
66.3,0.17,2.22,52.1,39.3,0.964,90.58,10.57,4.93
72.8,0.102,1.69,34.8,21.1,0.93,88.02,6.75,5.16
91.5,0.166,2.45,70.8,54.7,0.93,89.77,13.75,5.15
67.2,0.15,1.2,36.0,24.2,0.926,88.02,9.09,3.96
65.4,0.121,2.19,38.7,26.2,0.902,89.28,6.94,5.59
69.2,0.098,1.69,32.9,20.0,0.974,88.26,6.42,5.13
63.6,0.123,1.66,34.1,22.2,0.928,88.53,7.1,4.81
76.5,0.106,1.87,39.7,25.3,0.929,87.99,7.33,5.41
94.5,0.118,2.06,54.5,37.9,0.961,89.15,10.47,5.2
78.9,0.095,2.09,40.8,25.6,0.942,88.42,6.92,5.9
72.0,0.099,2.5,40.6,26.4,0.929,88.5,6.47,6.28
71.5,0.125,2.01,43.8,30.1,0.971,89.51,8.45,5.18
56.2,0.117,2.05,33.0,22.1,0.966,89.49,6.18,5.33
85.6,0.084,1.4,35.9,20.4,0.978,86.83,6.87,5.22
74.1,0.13,1.47,40.5,26.8,0.951,88.56,8.92,4.54
72.8,0.109,2.24,43.8,30.0,0.955,89.42,7.4,5.92
100.0,0.095,2.42,54.0,35.6,0.926,88.77,8.61,6.27
78.6,0.139,1.97,48.6,33.8,0.908,89.02,9.64,5.04
66.0,0.107,2.57,39.1,26.0,0.908,89.48,6.23,6.28
69.9,0.108,1.4,33.0,19.6,0.952,87.87,7.03,4.69
88.8,0.128,2.3,55.4,38.8,0.909,88.96,10.1,5.49
76.4,0.105,1.67,38.5,24.3,0.973,88.69,7.62,5.05
57.7,0.085,1.63,25.3,14.5,0.956,88.45,4.58,5.52
86.0,0.094,1.72,41.5,25.2,0.918,88.06,7.28,5.7
67.0,0.134,2.06,42.0,28.4,0.922,89.99,8.07,5.2
97.5,0.092,2.32,50.0,32.3,0.957,88.58,8.33,6.0
88.0,0.121,2.28,54.5,38.6,0.966,89.68,10.01,5.44
69.6,0.117,1.95,39.9,26.6,0.967,89.11,7.71,5.17
90.4,0.121,2.42,57.0,40.7,0.948,89.49,10.1,5.65
75.8,0.11,2.94,48.1,34.0,0.912,89.49,7.41,6.5
85.2,0.094,2.04,43.0,27.3,0.965,87.95,7.57,5.68
80.8,0.104,2.15,44.3,29.6,0.963,89.08,7.92,5.59
64.8,0.105,1.79,33.0,20.9,0.967,88.26,6.4,5.16
67.3,0.143,1.9,41.9,29.1,0.913,89.06,8.58,4.88
87.4,0.129,2.72,61.9,46.0,0.955,89.59,10.48,5.91
71.0,0.094,2.73,41.7,28.1,0.977,89.18,6.39,6.52
70.2,0.127,2.0,41.2,27.8,0.92,89.16,7.99,5.15
63.5,0.088,2.35,32.7,20.3,0.957,89.24,5.23,6.25
80.1,0.116,2.56,50.5,35.7,0.921,88.91,8.35,6.05
99.8,0.114,1.88,52.8,35.1,0.925,88.49,10.24,5.15
62.2,0.097,1.45,27.5,15.9,0.939,87.69,5.51,4.98
75.3,0.088,2.44,40.5,26.1,0.972,88.7,6.27,6.46
91.9,0.095,2.55,49.4,32.9,0.903,88.29,7.72,6.39
74.0,0.096,2.47,42.3,28.7,0.979,88.67,6.77,6.24
80.4,0.096,1.91,40.9,25.5,0.962,88.54,7.24,5.65
62.3,0.126,2.86,44.4,32.6,0.929,89.99,7.08,6.27
80.1,0.084,2.24,37.2,23.2,0.928,88.97,6.13,6.07
72.8,0.139,1.53,40.7,27.0,0.939,89.04,9.23,4.41
86.8,0.094,1.3,37.5,21.8,0.97,87.58,7.74,4.84
89.2,0.119,1.95,48.9,32.9,0.901,89.07,9.32,5.25
100.0,0.125,2.21,61.2,43.3,0.944,89.36,11.48,5.33
82.0,0.137,1.96,48.2,33.9,0.904,89.12,9.92,4.86
78.9,0.127,3.1,56.6,42.8,0.909,89.89,8.9,6.37
77.3,0.102,2.3,42.7,28.5,0.955,89.63,7.32,5.84
70.8,0.097,1.61,31.9,18.4,0.919,88.24,6.17,5.17
79.1,0.129,1.2,38.5,24.0,0.903,87.4,8.98,4.29
71.5,0.132,2.22,45.7,32.4,0.913,89.88,8.43,5.42
77.0,0.113,2.59,46.5,32.2,0.917,89.36,7.8,5.96
90.8,0.094,3.03,55.4,38.5,0.962,89.2,8.04,6.89
62.9,0.107,2.0,35.0,22.9,0.95,88.56,6.22,5.62
88.7,0.124,2.96,64.6,48.4,0.959,89.43,10.24,6.31
90.8,0.093,1.42,37.4,21.1,0.93,87.25,7.63,4.9
73.6,0.12,1.93,41.3,27.7,0.909,88.84,7.8,5.29
50.0,0.1,1.59,24.4,14.3,0.964,88.76,4.72,5.16
67.7,0.099,2.5,37.6,24.2,0.911,89.0,5.94,6.33
90.6,0.109,1.45,44.2,27.6,0.931,88.15,8.94,4.94
74.7,0.137,2.3,49.7,36.0,0.921,88.83,9.2,5.4
63.0,0.126,1.48,32.7,20.7,0.924,88.53,7.12,4.59
68.9,0.119,2.98,49.2,35.7,0.948,90.13,7.6,6.47
85.1,0.172,1.91,61.0,45.4,0.913,89.61,13.01,4.69
81.6,0.136,2.29,53.6,39.1,0.936,89.81,10.15,5.28
72.1,0.109,1.21,32.8,19.1,0.951,87.12,7.29,4.49
70.6,0.106,1.35,33.0,20.0,0.97,88.08,7.1,4.65
70.3,0.13,1.71,40.0,27.2,0.93,88.51,8.26,4.85
63.9,0.119,2.53,40.6,28.3,0.925,89.47,6.89,5.89
94.4,0.091,2.43,48.8,32.0,0.929,89.54,7.79,6.26
71.1,0.097,2.64,40.7,27.0,0.94,89.45,6.34,6.42
89.6,0.091,1.35,36.0,19.6,0.925,87.49,7.36,4.89
93.3,0.095,2.35,49.7,32.2,0.92,88.99,7.91,6.28
87.0,0.1,1.82,42.7,26.6,0.93,88.59,7.9,5.4
69.8,0.109,1.7,36.6,23.6,0.962,87.78,7.13,5.13
79.8,0.101,1.83,39.1,24.5,0.92,88.61,7.26,5.39
74.7,0.102,2.04,39.6,25.8,0.968,88.86,7.16,5.53
64.2,0.121,2.43,40.8,28.4,0.923,89.97,6.97,5.86
78.9,0.109,2.66,48.2,34.2,0.948,89.14,7.95,6.07
60.9,0.14,2.36,44.7,32.8,0.978,90.27,8.12,5.5
89.3,0.126,2.42,59.3,43.3,0.976,88.88,10.74,5.52
69.4,0.122,3.01,51.3,37.3,0.935,89.72,7.7,6.65
77.4,0.13,2.45,51.2,36.6,0.905,89.0,8.9,5.75
78.4,0.094,1.99,38.2,23.4,0.972,88.26,6.97,5.48
71.9,0.125,2.39,44.5,31.0,0.91,89.53,7.95,5.6
82.0,0.099,2.95,50.5,36.0,0.974,89.87,7.68,6.57
69.3,0.14,1.66,41.1,28.0,0.959,88.81,9.05,4.54
85.5,0.113,1.88,46.7,30.8,0.975,88.17,9.21,5.07
58.8,0.101,2.83,36.8,25.7,0.953,88.97,5.51,6.68
76.5,0.145,1.95,50.0,35.8,0.98,89.47,10.6,4.72
98.3,0.123,2.48,63.9,45.9,0.937,88.95,11.06,5.78
63.0,0.106,2.74,38.4,26.3,0.926,89.49,6.03,6.37
66.9,0.148,1.47,39.4,26.6,0.931,88.89,8.97,4.39
81.2,0.15,1.9,53.0,37.8,0.928,89.09,11.02,4.81
77.2,0.108,2.7,46.4,31.6,0.932,89.35,7.55,6.15
79.2,0.085,2.04,37.1,22.7,0.971,88.63,6.37,5.82
80.9,0.107,1.2,36.6,20.9,0.947,87.54,7.96,4.59
82.6,0.125,1.85,48.7,32.7,0.958,88.83,9.64,5.05
88.3,0.105,2.5,50.6,34.7,0.923,88.36,8.31,6.09
79.9,0.093,2.74,46.1,31.0,0.979,88.96,7.06,6.52
72.1,0.114,2.13,40.8,26.5,0.922,89.04,7.38,5.53
83.1,0.101,2.34,45.4,29.5,0.913,89.33,7.44,6.1
97.8,0.131,1.92,59.1,42.2,0.962,88.25,12.01,4.92
73.4,0.087,2.55,39.0,25.4,0.967,89.22,6.02,6.49
63.3,0.144,2.81,48.5,36.6,0.932,90.12,8.27,5.87
88.3,0.135,2.48,60.8,44.3,0.943,89.83,10.93,5.56
73.6,0.088,2.04,34.9,20.8,0.933,88.36,5.91,5.92
50.0,0.095,2.32,26.3,16.8,0.924,89.49,4.27,6.16
85.2,0.108,2.58,51.7,36.4,0.965,89.8,8.67,5.96
68.6,0.144,2.11,46.5,34.2,0.961,89.85,9.25,5.03
73.9,0.098,2.5,40.6,26.8,0.939,89.46,6.62,6.14
79.0,0.104,2.29,43.8,29.2,0.936,88.97,7.53,5.82
77.3,0.131,2.81,53.9,39.3,0.914,89.84,9.0,5.98
83.5,0.114,2.45,51.7,35.7,0.951,89.23,8.83,5.86
69.8,0.11,1.85,37.5,24.2,0.974,89.07,7.31,5.13
81.2,0.095,2.8,47.6,32.7,0.958,89.48,7.18,6.62
71.9,0.127,2.33,47.7,33.9,0.941,89.29,8.4,5.68
83.9,0.143,2.03,52.0,36.7,0.903,89.81,10.56,4.92
82.4,0.129,1.42,44.8,29.6,0.974,88.35,10.11,4.43
63.8,0.111,2.22,37.0,24.7,0.925,89.02,6.4,5.77
88.0,0.118,3.02,59.4,43.8,0.924,89.44,9.36,6.35
68.6,0.103,1.2,29.5,16.6,0.938,87.1,6.44,4.58
84.7,0.125,1.2,40.3,25.0,0.934,87.47,9.65,4.17
79.4,0.123,2.48,53.1,38.0,0.977,89.18,9.33,5.69
97.1,0.12,2.22,56.3,39.2,0.913,88.7,10.35,5.44
72.3,0.104,2.44,41.4,28.2,0.955,89.62,7.04,5.89
70.8,0.11,1.84,35.9,22.8,0.909,88.92,6.9,5.2
74.8,0.101,1.2,32.3,18.6,0.922,86.36,6.78,4.76
71.4,0.117,1.68,39.2,25.1,0.958,88.77,7.8,5.02
84.6,0.107,2.88,54.8,38.8,0.964,88.91,8.5,6.45
55.6,0.104,1.87,28.8,17.7,0.938,88.72,5.29,5.44
62.4,0.174,1.88,45.8,34.0,0.963,89.55,10.18,4.5
62.2,0.084,1.2,25.5,13.5,0.975,86.87,4.99,5.1
86.4,0.121,1.2,42.9,26.4,0.975,86.88,9.92,4.32
95.5,0.089,2.66,50.6,33.5,0.927,88.56,7.7,6.58
73.7,0.111,1.97,39.7,26.3,0.925,89.06,7.36,5.39
73.0,0.129,2.6,51.3,37.3,0.958,89.15,8.82,5.82
75.8,0.096,1.72,36.8,22.7,0.952,88.1,6.75,5.45
88.9,0.087,1.37,34.9,18.7,0.931,87.45,7.01,4.98
63.9,0.121,1.97,35.6,23.5,0.918,89.3,6.94,5.13
77.9,0.098,1.81,39.2,24.8,0.949,87.95,7.07,5.55
86.7,0.094,1.68,39.7,23.6,0.934,87.35,7.39,5.37
81.0,0.106,1.7,39.5,24.6,0.911,87.89,7.59,5.2
77.3,0.152,2.03,54.4,39.9,0.951,88.65,10.91,4.99
87.0,0.103,1.85,45.0,28.6,0.956,88.46,8.39,5.36
50.0,0.1,1.63,25.3,14.7,0.929,88.39,4.53,5.59
83.1,0.105,3.0,54.1,39.1,0.967,89.34,8.24,6.56
67.2,0.092,2.33,35.1,21.9,0.906,89.33,5.45,6.44
53.0,0.106,2.18,30.3,19.4,0.94,89.69,5.14,5.91
81.1,0.144,2.07,55.9,40.4,0.977,89.37,11.09,5.04
91.5,0.094,2.43,47.5,30.8,0.915,88.82,7.68,6.18
73.4,0.095,2.37,38.7,25.0,0.914,88.88,6.21,6.22
86.4,0.126,1.58,45.6,30.4,0.93,88.09,9.89,4.61
94.3,0.13,1.33,48.0,30.9,0.921,87.6,11.05,4.34
90.8,0.139,1.2,46.0,28.7,0.918,87.58,11.27,4.08
94.7,0.086,3.0,53.7,36.4,0.976,88.58,7.73,6.94
83.9,0.103,1.88,42.1,26.7,0.928,88.11,7.82,5.38
75.9,0.129,2.4,49.7,35.3,0.905,89.52,8.63,5.76
55.8,0.091,2.2,28.5,18.0,0.972,88.44,4.79,5.95
72.0,0.137,2.56,51.1,37.7,0.936,89.9,9.03,5.66
64.9,0.13,2.07,41.9,29.2,0.959,89.75,7.9,5.3
100.0,0.09,1.44,41.2,23.0,0.929,88.06,8.18,5.04
72.9,0.102,1.58,35.0,21.5,0.975,88.16,7.08,4.94
76.5,0.104,1.92,40.1,25.2,0.923,89.0,7.14,5.62
81.6,0.12,1.31,41.1,26.7,0.953,87.52,9.1,4.52
75.5,0.106,1.67,36.8,22.6,0.966,88.88,7.52,4.89
95.3,0.097,1.5,42.5,24.9,0.919,87.4,8.31,5.11
67.5,0.146,1.94,45.6,32.3,0.964,89.47,9.28,4.92
77.3,0.102,1.85,39.9,25.4,0.963,88.76,7.39,5.39
66.1,0.11,2.16,40.0,27.2,0.977,89.36,6.95,5.76
59.2,0.122,2.53,39.5,28.1,0.974,89.52,6.88,5.75
67.7,0.102,1.98,35.6,22.1,0.931,88.41,6.29,5.66
74.6,0.123,1.35,36.8,22.8,0.947,88.13,8.48,4.34
69.8,0.104,1.2,32.1,18.4,0.974,87.25,6.92,4.63
66.7,0.153,2.18,45.8,33.6,0.9,89.77,8.96,5.12
58.1,0.1,1.77,30.0,18.8,0.95,88.99,5.37,5.59
74.0,0.105,2.02,39.8,25.7,0.917,89.17,6.95,5.73
56.9,0.134,2.26,39.4,28.1,0.959,89.87,7.13,5.53
84.1,0.138,2.82,63.4,48.1,0.964,89.99,10.89,5.82
76.0,0.111,1.23,34.7,21.3,0.957,87.04,7.84,4.43
57.5,0.154,1.59,36.5,26.0,0.98,89.19,8.44,4.32
71.3,0.088,2.06,34.2,21.2,0.938,88.21,5.75,5.95
66.0,0.11,1.53,33.7,20.1,0.945,88.21,6.67,5.06
78.8,0.104,1.36,35.1,21.7,0.933,87.76,7.47,4.7
91.1,0.113,2.75,59.7,43.2,0.978,89.08,9.81,6.09
52.5,0.098,1.58,25.4,15.1,0.974,88.42,4.88,5.2
76.4,0.114,1.45,39.4,25.1,0.979,88.0,8.31,4.74
73.1,0.092,1.53,34.3,20.7,0.979,87.56,6.39,5.37
83.1,0.109,2.64,50.9,36.0,0.972,89.74,8.56,5.94
77.6,0.109,1.75,41.3,26.5,0.974,88.58,8.01,5.15
66.0,0.116,1.41,31.7,19.8,0.91,87.39,6.77,4.69
71.2,0.109,1.68,36.9,22.8,0.914,88.47,6.93,5.32
65.4,0.103,2.08,36.6,23.9,0.971,89.56,6.37,5.75
87.9,0.096,2.55,48.4,32.7,0.958,89.05,7.86,6.15
75.3,0.121,2.5,49.1,35.3,0.97,89.28,8.59,5.72
97.8,0.102,1.71,48.6,30.4,0.962,87.82,9.38,5.18
74.3,0.126,1.83,41.4,28.1,0.911,88.8,8.3,4.99
66.5,0.103,3.15,44.9,32.3,0.973,89.33,6.51,6.9
56.8,0.094,2.6,31.8,20.7,0.962,90.02,5.0,6.37
53.4,0.089,1.97,26.9,16.4,0.946,89.26,4.37,6.16
56.0,0.098,1.2,23.4,12.3,0.943,87.67,5.07,4.62
78.2,0.15,1.87,50.9,36.2,0.946,88.62,10.85,4.7
81.1,0.09,1.44,34.9,19.7,0.931,87.56,6.62,5.26
56.0,0.094,1.67,26.9,15.5,0.964,88.84,4.95,5.44
85.7,0.109,1.62,43.3,27.5,0.973,87.76,8.88,4.87
69.2,0.1,1.98,35.3,22.4,0.92,88.81,6.19,5.7
76.8,0.109,2.13,41.6,27.7,0.903,88.63,7.34,5.66
94.3,0.121,1.73,51.0,33.9,0.916,88.63,10.23,4.99
85.8,0.144,1.46,49.2,33.3,0.961,88.08,11.56,4.25
71.8,0.102,2.01,37.9,25.1,0.969,88.83,6.93,5.47
64.3,0.155,1.85,43.3,30.9,0.928,88.99,9.04,4.8
50.0,0.139,1.2,25.2,15.6,0.912,88.42,6.19,4.07
66.4,0.098,2.4,37.0,24.7,0.969,89.32,6.17,5.99
72.5,0.141,1.74,43.6,29.9,0.917,89.17,9.11,4.78
63.2,0.096,1.97,31.2,19.9,0.919,89.0,5.46,5.71
73.4,0.09,1.99,35.0,20.7,0.907,88.35,5.85,5.99
75.9,0.094,2.09,38.8,24.3,0.973,88.23,6.77,5.73
72.3,0.106,2.17,39.8,26.7,0.926,89.02,6.9,5.77
67.2,0.084,1.45,27.4,14.8,0.914,88.07,5.05,5.43
77.0,0.094,2.26,39.9,25.6,0.976,88.27,6.89,5.8
80.3,0.086,1.93,36.1,21.5,0.927,89.12,6.28,5.74
61.9,0.156,2.64,50.7,39.0,0.96,90.52,9.07,5.59
91.9,0.103,2.51,51.0,34.3,0.918,89.12,8.49,6.01
73.8,0.124,2.76,51.5,37.7,0.958,89.69,8.55,6.03
75.2,0.101,1.63,35.0,21.0,0.919,88.48,6.79,5.15
83.5,0.109,2.74,52.8,37.4,0.951,88.97,8.47,6.23
77.8,0.089,2.15,37.7,23.1,0.935,88.93,6.29,6.0
86.4,0.098,2.45,48.2,32.5,0.964,89.13,7.93,6.08
78.4,0.115,2.44,48.4,33.7,0.958,89.97,8.43,5.74
67.7,0.088,2.33,36.0,22.7,0.975,88.97,5.68,6.34
79.3,0.099,1.56,36.4,21.6,0.93,87.95,7.14,5.1
61.3,0.113,2.58,40.3,27.8,0.96,89.66,6.48,6.22
76.3,0.092,2.28,39.5,25.8,0.978,88.78,6.67,5.92
74.6,0.141,1.36,39.7,26.0,0.927,88.55,9.52,4.17
72.5,0.107,1.86,36.9,23.1,0.923,88.35,6.96,5.3
73.5,0.122,1.49,38.3,24.4,0.962,87.63,8.41,4.55
52.4,0.106,1.39,24.0,13.7,0.936,88.09,5.06,4.74
68.4,0.117,2.53,42.6,29.4,0.932,89.34,7.29,5.85
76.1,0.1,1.36,33.4,19.1,0.944,87.59,7.0,4.77
76.9,0.092,1.44,34.4,19.6,0.975,87.83,6.74,5.11
62.7,0.092,3.09,36.4,24.8,0.907,89.7,5.08,7.16
90.2,0.12,1.88,49.4,33.0,0.937,88.63,9.92,4.98
64.6,0.106,2.43,36.4,24.2,0.909,88.72,6.08,5.98
86.6,0.099,2.66,51.5,35.3,0.971,89.37,8.08,6.37
80.1,0.09,2.49,41.2,26.2,0.911,89.13,6.4,6.44
67.2,0.106,2.17,34.9,22.3,0.907,89.82,6.3,5.54
96.3,0.108,2.08,53.7,35.9,0.977,89.05,9.87,5.44
60.7,0.12,2.37,38.5,26.8,0.945,89.1,6.69,5.75
86.0,0.12,1.99,49.5,34.3,0.966,89.2,9.69,5.11
87.0,0.136,2.45,61.0,45.2,0.938,89.02,10.78,5.66
67.0,0.086,1.97,31.6,18.0,0.935,88.98,5.25,6.02
91.7,0.116,2.03,53.3,36.7,0.973,89.27,10.13,5.27
72.0,0.104,3.04,47.1,33.5,0.979,90.29,7.13,6.61
78.5,0.106,1.86,41.0,26.4,0.949,88.46,7.68,5.34
78.1,0.1,2.11,41.2,26.8,0.973,89.11,7.41,5.57
73.4,0.089,2.32,38.0,23.7,0.969,89.37,6.19,6.15
84.7,0.097,2.35,45.0,29.2,0.944,89.13,7.59,5.93
84.5,0.108,2.25,48.3,32.5,0.975,88.42,8.66,5.58
54.0,0.118,1.47,27.6,17.1,0.917,88.4,5.68,4.87
90.7,0.121,2.18,55.2,38.4,0.971,89.2,10.35,5.34
55.1,0.092,2.22,29.6,18.9,0.925,89.24,4.58,6.46
87.4,0.11,2.67,52.3,36.2,0.902,89.0,8.42,6.21
88.5,0.116,2.47,56.8,39.8,0.963,89.16,9.64,5.89
61.9,0.111,2.7,40.7,28.2,0.974,90.04,6.52,6.25
70.1,0.084,1.6,28.3,15.2,0.917,88.12,5.25,5.39
61.7,0.111,1.6,30.6,18.7,0.943,88.61,6.31,4.85
72.4,0.101,2.26,38.7,25.5,0.96,89.04,6.86,5.63
71.3,0.102,2.67,42.4,29.1,0.927,89.6,6.56,6.46
84.4,0.133,2.0,51.0,36.4,0.912,88.3,9.99,5.11
90.7,0.129,1.73,52.6,35.7,0.931,88.46,10.67,4.93
91.7,0.102,1.3,38.7,22.4,0.937,86.98,8.53,4.54
68.3,0.105,2.28,38.0,25.1,0.959,89.26,6.72,5.65
72.5,0.093,2.04,35.5,22.1,0.916,88.37,6.0,5.91
54.8,0.089,1.88,26.4,15.2,0.965,88.92,4.61,5.73
65.3,0.133,2.55,46.2,33.2,0.94,90.51,7.95,5.81
86.6,0.143,2.06,58.4,42.0,0.972,89.22,11.74,4.97
94.4,0.13,2.1,57.5,40.9,0.945,88.98,11.28,5.1
60.2,0.156,2.55,45.9,34.0,0.936,91.07,8.58,5.35
67.9,0.115,3.2,46.8,34.3,0.923,89.56,7.04,6.65
74.7,0.109,1.88,38.7,24.7,0.908,88.89,7.2,5.38
78.4,0.119,1.66,40.9,26.0,0.93,88.96,8.46,4.84
65.3,0.114,1.61,33.4,21.0,0.933,88.3,6.78,4.93
80.1,0.113,2.34,47.1,32.2,0.945,89.52,8.38,5.62
69.3,0.11,1.55,34.3,21.4,0.969,88.27,7.2,4.76
74.8,0.112,1.91,40.6,26.1,0.937,88.43,7.68,5.28
81.6,0.124,1.96,47.2,32.2,0.925,88.85,9.14,5.16
75.1,0.094,2.88,44.7,30.9,0.97,89.4,6.67,6.7
69.8,0.128,2.7,50.5,37.2,0.959,89.58,8.33,6.06
73.7,0.122,1.33,37.5,23.3,0.925,87.17,8.13,4.61
73.9,0.086,2.89,39.5,26.2,0.913,89.19,5.67,6.96
70.6,0.117,1.49,36.7,23.2,0.923,87.61,7.42,4.95
71.9,0.13,2.18,44.4,31.0,0.91,89.58,8.28,5.35
94.2,0.097,1.68,45.3,28.0,0.972,88.14,8.64,5.25
81.7,0.125,1.91,48.1,33.3,0.949,88.4,9.47,5.08
71.5,0.14,1.61,42.3,29.2,0.969,88.69,9.43,4.49
83.4,0.115,2.94,56.7,41.7,0.966,89.09,8.99,6.31
71.0,0.124,2.03,41.4,28.0,0.912,89.04,7.86,5.27
89.1,0.091,2.21,44.4,28.0,0.935,88.47,7.43,5.98
79.4,0.13,1.56,44.0,29.5,0.978,88.49,9.81,4.49
73.7,0.113,1.39,36.0,22.2,0.919,87.23,7.49,4.81
80.4,0.137,1.88,46.7,32.1,0.904,89.31,9.69,4.82
56.1,0.129,2.36,36.5,25.6,0.928,90.21,6.54,5.58
61.5,0.111,2.04,34.1,22.4,0.941,89.11,6.27,5.44
60.7,0.113,2.59,36.2,24.7,0.904,89.23,6.07,5.96
76.7,0.104,2.16,41.6,27.8,0.934,88.25,7.25,5.73
95.8,0.114,2.1,52.3,35.0,0.92,89.14,9.8,5.34
100.0,0.143,2.37,68.2,49.7,0.917,90.0,12.76,5.34
82.7,0.11,2.15,45.6,30.3,0.921,88.98,8.17,5.58
81.0,0.142,2.57,58.6,43.8,0.908,89.33,10.22,5.74
53.4,0.144,2.38,38.0,27.1,0.906,89.63,6.77,5.61
68.5,0.096,2.56,38.3,25.5,0.948,89.77,6.1,6.28
65.5,0.108,2.46,40.6,28.1,0.976,89.53,6.72,6.05
67.5,0.1,2.78,40.3,28.1,0.964,89.21,6.35,6.34
73.0,0.133,2.51,52.2,38.5,0.967,90.51,9.16,5.7
69.3,0.111,2.97,46.7,33.7,0.959,90.11,7.21,6.47
51.2,0.114,1.83,28.0,18.5,0.976,89.24,5.54,5.05
84.0,0.132,2.52,57.7,42.5,0.976,89.33,10.53,5.48
62.1,0.154,1.41,37.2,26.2,0.962,88.94,8.99,4.13
77.9,0.154,2.57,61.1,46.9,0.957,90.23,11.19,5.46
99.9,0.107,2.13,53.7,35.5,0.924,88.6,9.61,5.59
64.0,0.145,2.57,45.6,33.7,0.907,90.4,8.2,5.56
50.0,0.125,2.94,36.2,26.5,0.907,90.55,5.54,6.54
71.6,0.127,2.5,47.1,34.2,0.959,89.73,8.48,5.55
88.2,0.157,1.89,58.1,41.9,0.902,88.71,12.16,4.78
98.5,0.093,1.56,44.2,26.6,0.965,87.22,8.65,5.11
60.2,0.108,2.37,35.5,23.9,0.929,88.93,5.91,6.01
81.0,0.143,1.96,50.1,34.7,0.915,89.61,10.36,4.84
69.4,0.107,2.43,40.4,27.7,0.933,88.87,6.73,6.0
73.7,0.121,1.85,43.3,29.0,0.956,88.84,8.33,5.2
100.0,0.103,1.64,46.0,28.1,0.922,87.28,9.22,4.99
57.0,0.106,1.98,29.7,18.2,0.914,89.68,5.37,5.53
78.0,0.124,2.35,50.7,36.3,0.959,88.99,9.08,5.58
80.6,0.131,2.16,51.2,36.9,0.97,89.36,9.96,5.14
88.0,0.103,1.69,43.1,27.5,0.947,87.59,8.4,5.13
76.2,0.13,3.0,57.0,42.9,0.942,90.18,9.11,6.25
78.7,0.109,2.03,42.8,28.9,0.96,89.25,8.06,5.31
70.3,0.128,1.2,36.8,23.3,0.959,87.44,8.42,4.37
78.2,0.113,2.57,47.7,32.9,0.901,89.39,7.74,6.16
70.9,0.12,2.09,39.8,27.1,0.923,89.48,7.68,5.19
82.5,0.111,2.01,46.7,31.6,0.975,88.61,8.73,5.35
70.6,0.09,2.0,34.6,21.4,0.977,89.11,6.04,5.73
79.5,0.107,2.01,43.0,28.0,0.941,88.9,7.78,5.52
74.6,0.114,2.93,51.3,37.1,0.945,89.13,7.86,6.52
88.5,0.11,2.33,50.4,34.4,0.9,89.7,8.56,5.88
74.4,0.16,2.23,55.1,41.8,0.954,89.83,11.05,4.99
53.7,0.13,1.97,32.9,22.3,0.917,89.3,6.25,5.27
90.1,0.121,2.96,60.6,44.2,0.91,89.6,9.66,6.27
64.1,0.114,2.52,38.9,27.0,0.924,89.36,6.58,5.91
67.2,0.088,2.59,36.4,22.8,0.953,89.24,5.46,6.66
67.9,0.113,2.24,40.0,27.1,0.935,89.58,6.98,5.74
91.5,0.129,2.6,62.3,45.9,0.928,89.67,10.65,5.85
50.0,0.101,2.3,30.0,20.2,0.958,89.71,4.73,6.33
100.0,0.101,1.91,51.9,33.6,0.965,88.09,9.52,5.45
87.7,0.094,2.28,47.5,31.0,0.97,88.53,7.79,6.1
77.7,0.096,3.15,46.7,32.1,0.936,89.64,6.81,6.86
74.3,0.176,2.2,58.8,44.5,0.957,90.2,12.23,4.81
78.4,0.13,2.74,55.8,41.8,0.971,89.46,9.65,5.79
81.3,0.121,2.7,54.8,39.8,0.973,89.47,9.36,5.86
82.7,0.121,2.38,51.5,36.7,0.939,89.45,9.17,5.61
81.7,0.153,2.93,68.3,52.9,0.928,90.01,11.32,6.03
76.1,0.138,1.2,40.8,26.2,0.972,87.88,9.98,4.09
72.6,0.086,1.2,27.9,14.7,0.921,86.44,5.63,4.95
73.2,0.098,2.96,45.1,31.7,0.964,89.01,6.73,6.7
72.7,0.123,1.78,40.6,27.3,0.973,89.14,8.49,4.78
88.6,0.117,2.16,52.0,35.7,0.959,89.18,9.7,5.36
82.1,0.114,2.98,55.7,40.6,0.954,89.62,8.74,6.37
50.0,0.093,2.2,25.7,15.6,0.904,89.18,4.09,6.27
82.9,0.108,2.94,51.2,36.0,0.916,89.66,8.02,6.38
77.3,0.127,1.91,45.1,30.0,0.953,89.0,9.11,4.95
74.8,0.104,2.41,43.0,28.6,0.963,89.35,7.27,5.91
70.3,0.091,2.13,34.4,21.2,0.905,88.87,5.66,6.08
88.5,0.132,2.85,61.0,45.4,0.902,89.84,10.28,5.93
86.4,0.091,1.97,41.0,25.9,0.925,88.77,7.06,5.81
65.7,0.131,1.62,37.1,25.2,0.952,88.97,8.0,4.64
79.9,0.11,1.87,42.6,27.6,0.941,88.79,8.04,5.3
63.3,0.11,1.89,33.4,21.3,0.901,88.91,6.1,5.47
58.4,0.126,1.78,33.6,21.7,0.912,89.16,6.57,5.11
67.5,0.104,1.76,34.7,21.6,0.96,88.98,6.55,5.29
85.3,0.144,2.66,62.9,48.2,0.924,89.69,11.07,5.69
86.4,0.098,2.8,49.8,34.3,0.909,89.16,7.53,6.62
81.2,0.126,2.3,49.3,35.0,0.904,89.49,9.01,5.48
83.7,0.102,1.78,42.8,27.6,0.968,88.59,8.04,5.33
81.2,0.118,1.81,44.4,29.3,0.938,88.59,8.79,5.05
67.3,0.117,1.2,31.6,18.8,0.94,87.5,7.21,4.38
80.2,0.122,2.29,47.6,32.7,0.905,88.99,8.66,5.49
84.6,0.093,1.76,38.3,23.2,0.939,88.18,7.2,5.32
84.1,0.137,2.84,64.6,48.3,0.952,90.31,10.66,6.06
89.3,0.13,1.41,46.0,29.6,0.91,88.02,10.31,4.46
83.5,0.121,1.8,48.1,32.1,0.972,88.38,9.55,5.03
79.2,0.101,2.05,42.3,27.3,0.963,88.61,7.53,5.61
87.8,0.101,2.33,48.6,32.3,0.964,88.52,8.36,5.82
74.7,0.136,3.0,57.4,43.2,0.943,90.54,9.35,6.14
64.4,0.095,1.41,27.6,15.5,0.927,87.42,5.53,5.0
73.0,0.105,1.95,38.2,24.7,0.951,87.91,7.09,5.38
66.1,0.15,1.39,37.3,24.7,0.918,87.83,8.86,4.21
66.9,0.106,2.49,38.7,26.1,0.911,89.47,6.29,6.16
73.3,0.122,1.78,40.3,27.5,0.943,88.48,8.21,4.91
65.5,0.106,2.05,35.4,22.9,0.938,89.1,6.38,5.55
71.3,0.149,2.01,45.7,32.1,0.912,89.55,9.42,4.86
52.3,0.152,2.16,36.0,26.1,0.942,89.71,7.29,4.94
77.6,0.137,2.02,49.2,35.2,0.944,88.89,9.77,5.04
75.0,0.118,1.61,39.4,25.3,0.97,88.67,8.33,4.72
65.2,0.116,2.14,38.3,25.7,0.961,89.39,7.09,5.4
82.9,0.129,1.7,46.3,31.1,0.917,87.61,9.59,4.83
86.3,0.132,2.51,59.9,44.0,0.965,88.95,10.73,5.58
55.7,0.113,2.13,31.8,20.9,0.978,88.75,5.98,5.32
65.8,0.132,1.58,36.7,24.3,0.957,88.53,8.12,4.52
65.8,0.119,3.2,48.2,35.6,0.963,90.04,7.33,6.57
63.7,0.091,2.93,35.9,23.7,0.921,89.51,5.21,6.89
85.0,0.102,3.2,57.0,41.4,0.979,89.26,8.3,6.87
72.7,0.123,1.93,41.0,27.4,0.914,89.35,7.96,5.15
71.8,0.122,1.68,39.6,26.0,0.96,88.69,8.18,4.84
51.0,0.123,2.5,34.5,24.0,0.932,89.58,5.68,6.08
82.6,0.151,2.65,62.8,47.4,0.929,89.57,11.29,5.56
60.1,0.09,2.2,30.1,19.4,0.923,88.84,4.88,6.17
75.7,0.121,1.2,36.8,23.2,0.935,87.15,8.38,4.39
78.3,0.139,1.61,46.4,31.6,0.963,88.56,10.25,4.53
91.3,0.122,2.31,57.2,40.9,0.975,89.27,10.56,5.41
59.3,0.102,1.77,30.9,18.9,0.933,88.4,5.51,5.61
50.0,0.096,1.42,22.2,12.8,0.952,87.54,4.48,4.97
77.2,0.093,1.97,38.6,23.9,0.963,88.76,6.75,5.72
96.6,0.104,1.2,40.9,23.8,0.908,87.05,8.92,4.59
89.9,0.121,1.8,51.4,34.6,0.977,89.11,10.4,4.94
77.5,0.111,1.89,39.7,25.6,0.917,88.86,7.7,5.16
69.1,0.163,2.26,53.8,41.1,0.973,89.66,10.72,5.02
84.7,0.092,2.37,44.6,29.0,0.979,89.14,7.44,6.0
63.3,0.109,2.29,34.9,23.3,0.908,89.33,6.13,5.69
80.7,0.096,2.55,46.0,31.5,0.971,88.7,7.35,6.25
81.1,0.089,2.02,39.0,23.6,0.951,88.56,6.69,5.82
87.7,0.167,1.37,55.2,38.6,0.965,88.27,13.81,4.0
100.0,0.14,2.12,63.5,45.6,0.909,89.53,12.43,5.11
79.7,0.116,1.66,42.8,28.3,0.967,88.38,8.69,4.93
68.9,0.132,1.42,38.2,25.8,0.95,87.88,8.41,4.54
74.7,0.099,2.39,42.1,27.9,0.941,88.51,6.76,6.22
53.8,0.097,1.39,24.9,14.5,0.945,87.47,4.81,5.18
66.7,0.084,2.44,33.5,21.3,0.96,88.81,5.24,6.39
70.1,0.129,1.45,38.5,25.2,0.924,88.78,8.14,4.73
68.7,0.142,1.95,44.8,32.4,0.975,89.25,9.28,4.83
76.8,0.106,1.82,39.0,24.6,0.925,88.53,7.37,5.29
65.1,0.09,2.67,36.3,24.1,0.97,89.79,5.56,6.54
88.5,0.128,2.4,55.9,39.6,0.901,89.53,9.91,5.64
75.0,0.121,1.69,40.2,26.8,0.973,88.45,8.64,4.65
74.9,0.126,2.02,45.1,31.0,0.968,89.51,8.88,5.08
71.1,0.101,2.76,41.0,28.4,0.91,89.26,6.35,6.46
76.9,0.108,2.85,49.0,34.6,0.959,89.64,7.79,6.29
84.9,0.139,1.42,47.0,31.5,0.93,87.56,10.72,4.38
64.6,0.096,2.76,36.5,24.9,0.938,89.62,5.65,6.46
67.1,0.128,2.72,46.2,33.5,0.905,90.22,7.61,6.08
71.4,0.114,2.19,40.8,27.1,0.917,89.52,7.26,5.62
58.8,0.118,2.05,35.2,23.9,0.976,89.62,6.61,5.32
65.2,0.132,1.82,36.5,24.6,0.933,90.06,7.81,4.68
69.3,0.155,1.47,39.7,26.8,0.902,88.48,9.47,4.2
85.5,0.112,2.27,48.2,33.4,0.941,88.74,8.77,5.5
78.2,0.091,2.01,38.9,24.3,0.98,88.79,6.76,5.76
77.3,0.084,2.32,37.2,22.6,0.927,88.58,5.86,6.36
85.2,0.136,2.33,56.4,40.9,0.911,89.01,10.3,5.47
73.4,0.103,3.2,48.5,34.9,0.951,89.58,7.04,6.89
79.7,0.112,2.7,51.5,36.3,0.974,90.16,8.5,6.06
73.8,0.087,2.37,38.6,24.1,0.969,89.27,6.05,6.37
78.2,0.097,1.2,33.2,18.4,0.953,87.07,7.02,4.72
68.0,0.105,2.3,37.4,24.9,0.915,88.67,6.34,5.9
50.0,0.135,2.89,38.9,28.4,0.963,90.06,6.33,6.15
73.4,0.107,1.89,39.4,25.4,0.966,89.23,7.42,5.31
92.1,0.15,3.2,81.3,64.5,0.968,89.85,12.99,6.26
86.1,0.095,2.37,44.6,28.7,0.932,89.71,7.46,5.98
86.6,0.091,2.25,43.3,27.0,0.933,88.93,7.15,6.05
89.8,0.11,1.6,42.6,27.0,0.912,87.97,8.81,4.84
76.1,0.109,2.85,49.4,35.3,0.962,89.45,7.77,6.36
77.4,0.099,1.68,37.4,23.5,0.959,88.21,7.18,5.2
67.6,0.118,1.82,35.6,22.6,0.908,88.33,7.06,5.04
71.2,0.107,1.2,30.6,17.6,0.902,87.51,6.7,4.57
82.4,0.103,2.55,50.1,33.7,0.976,89.38,8.09,6.2
89.4,0.136,2.39,59.7,43.1,0.901,89.31,10.67,5.6
73.3,0.131,2.11,45.3,32.0,0.95,89.27,8.92,5.08
69.6,0.126,2.47,46.4,32.9,0.936,89.92,8.0,5.8
75.0,0.159,2.42,58.3,44.5,0.962,90.62,11.17,5.22
82.2,0.103,1.92,41.9,26.7,0.907,89.12,7.47,5.61
57.7,0.126,1.71,34.1,22.9,0.955,88.96,6.76,5.04
50.0,0.142,1.24,27.4,18.2,0.949,87.76,6.59,4.16
68.4,0.123,2.01,40.9,28.2,0.968,88.63,7.94,5.15
60.4,0.143,1.45,34.4,23.2,0.941,88.53,7.9,4.36
68.9,0.104,2.18,37.5,25.5,0.958,88.85,6.68,5.62
73.2,0.119,2.02,42.1,28.6,0.935,89.11,7.94,5.3
69.6,0.118,1.9,40.0,26.9,0.979,89.03,7.81,5.12
92.4,0.092,2.62,50.1,33.9,0.945,89.25,7.87,6.36
78.9,0.114,1.61,41.9,26.8,0.96,87.82,8.4,4.98
78.6,0.098,1.2,34.2,19.4,0.907,86.64,6.8,5.03
82.5,0.136,1.99,50.4,35.1,0.937,88.97,10.27,4.9
61.3,0.098,1.73,30.0,17.9,0.905,88.63,5.31,5.65
87.5,0.151,2.16,59.8,43.6,0.91,89.46,11.72,5.1
74.1,0.14,1.64,42.9,28.9,0.94,89.59,9.48,4.52
83.0,0.089,2.31,41.4,25.5,0.928,88.06,6.66,6.21
62.1,0.097,1.61,28.3,17.2,0.937,88.68,5.5,5.15
56.4,0.104,1.61,27.8,16.6,0.94,88.82,5.36,5.18
84.8,0.124,2.41,52.5,37.1,0.913,89.02,9.4,5.59
79.5,0.145,2.08,53.1,37.8,0.929,89.18,10.44,5.08
64.2,0.117,1.51,34.0,21.6,0.969,88.88,7.09,4.8
64.6,0.147,1.62,41.1,28.8,0.969,88.66,8.97,4.58
88.5,0.106,1.91,46.7,29.9,0.939,88.32,8.62,5.41
60.7,0.114,1.53,31.2,19.5,0.96,88.38,6.48,4.81
94.7,0.108,1.96,51.2,33.9,0.96,88.7,9.58,5.35
64.2,0.139,1.97,40.2,28.1,0.904,89.73,7.88,5.09
82.7,0.108,1.64,41.3,26.1,0.949,88.54,8.28,4.99
71.1,0.144,2.43,52.9,38.7,0.964,90.07,9.63,5.49
82.2,0.121,1.59,43.8,28.3,0.948,87.56,9.2,4.76
68.5,0.098,2.72,39.9,26.8,0.943,89.46,6.15,6.49
73.0,0.121,1.99,41.4,28.3,0.942,89.28,8.15,5.08
75.5,0.109,1.77,39.0,24.0,0.941,88.77,7.52,5.19
63.0,0.13,2.37,41.1,29.5,0.962,89.45,7.65,5.38
83.9,0.137,2.12,54.3,38.8,0.951,88.87,10.68,5.08
68.8,0.134,2.48,46.5,33.3,0.917,89.37,8.27,5.62
72.3,0.121,1.2,35.0,21.2,0.935,87.48,7.95,4.4
63.1,0.106,2.36,36.2,24.4,0.942,89.76,6.14,5.89
50.0,0.114,1.84,27.4,17.2,0.934,89.14,5.21,5.27
72.7,0.095,2.12,35.6,22.4,0.919,88.52,6.2,5.74
100.0,0.154,2.06,69.3,50.6,0.91,89.19,13.7,5.05
84.4,0.107,2.77,50.3,35.3,0.909,89.04,7.99,6.29
74.8,0.124,1.2,35.5,21.7,0.924,87.06,8.32,4.26
71.8,0.089,2.91,39.4,25.7,0.932,89.28,5.8,6.8
75.3,0.118,2.45,47.8,33.8,0.955,89.16,8.23,5.8
81.6,0.089,2.18,42.8,27.1,0.979,88.35,6.9,6.2
60.8,0.15,1.38,36.5,24.3,0.972,88.95,8.67,4.21
88.4,0.106,1.26,40.4,24.1,0.965,86.45,8.83,4.58
83.6,0.125,1.82,48.1,33.0,0.965,88.48,9.82,4.9
83.6,0.124,2.42,53.9,38.6,0.948,89.28,9.56,5.64
80.3,0.092,2.1,37.0,22.8,0.92,89.15,6.65,5.57
75.2,0.104,2.39,42.6,28.9,0.938,89.33,7.16,5.95
83.1,0.105,1.37,38.4,23.2,0.911,87.39,7.77,4.94
82.1,0.085,2.12,39.4,24.0,0.945,88.38,6.45,6.12
70.8,0.124,2.65,46.3,32.8,0.902,90.12,7.74,5.98
68.1,0.087,2.83,37.1,24.3,0.915,89.12,5.29,7.02
76.2,0.129,1.47,41.2,27.3,0.957,88.22,9.15,4.51
93.6,0.12,1.92,52.5,35.2,0.922,88.58,10.14,5.18
60.1,0.137,1.93,37.6,26.2,0.934,89.51,7.49,5.02
57.4,0.084,1.79,26.9,15.4,0.967,89.08,4.55,5.91
77.0,0.149,2.55,55.8,41.3,0.904,90.11,10.14,5.5
75.6,0.083,3.2,40.9,26.4,0.902,89.34,5.49,7.46
77.1,0.125,1.54,39.1,25.1,0.918,88.83,8.6,4.54
77.9,0.089,2.31,38.4,24.1,0.955,89.49,6.43,5.97
72.3,0.108,2.25,40.8,27.2,0.919,89.59,7.01,5.81
92.9,0.089,2.26,47.2,30.5,0.969,88.76,7.78,6.07
55.8,0.103,2.77,33.9,23.2,0.928,89.48,5.2,6.52
65.1,0.122,2.29,41.0,28.9,0.923,88.68,7.16,5.73
73.8,0.118,1.2,33.8,20.5,0.919,87.34,7.82,4.32
55.3,0.105,1.38,25.3,14.7,0.946,88.21,5.35,4.73
72.9,0.139,1.57,43.2,29.3,0.969,88.06,9.55,4.53
94.9,0.089,1.73,43.3,25.7,0.932,88.07,7.71,5.61
75.3,0.088,2.03,35.2,21.0,0.92,88.51,5.94,5.92
77.8,0.089,1.99,37.8,23.4,0.934,88.77,6.29,6.01
59.9,0.108,1.2,27.7,16.2,0.972,87.13,6.12,4.53
67.6,0.087,1.3,28.3,15.0,0.927,87.03,5.29,5.36
70.5,0.113,1.2,33.3,19.7,0.952,87.23,7.41,4.5
71.2,0.107,1.32,31.4,19.1,0.926,87.15,6.91,4.55
90.4,0.102,2.6,52.9,36.8,0.954,89.46,8.59,6.16
81.7,0.09,1.96,37.1,22.3,0.97,88.51,6.92,5.36
61.7,0.132,1.62,35.8,23.3,0.948,88.34,7.53,4.75
78.0,0.111,1.2,37.0,22.3,0.976,86.89,8.2,4.51
81.0,0.108,1.59,38.5,24.1,0.948,88.31,8.1,4.75
88.7,0.1,2.4,50.2,33.7,0.978,88.89,8.49,5.91
94.0,0.114,2.34,57.3,39.1,0.958,89.27,10.05,5.71
62.8,0.148,1.97,42.3,29.9,0.952,89.15,8.61,4.92
65.3,0.096,1.97,32.5,20.4,0.966,88.73,5.91,5.5
59.9,0.097,1.21,25.2,13.0,0.901,87.24,5.1,4.94
72.2,0.091,1.71,32.6,18.9,0.921,89.05,5.92,5.5
80.6,0.115,2.38,48.2,33.5,0.917,89.01,8.29,5.81
86.8,0.127,1.76,48.2,32.3,0.909,88.79,9.8,4.91
74.1,0.093,2.91,44.5,30.7,0.975,89.6,6.57,6.77
71.2,0.108,2.7,42.4,29.3,0.91,90.16,6.83,6.21
76.8,0.105,1.87,39.2,25.4,0.921,89.11,7.27,5.39
65.0,0.119,1.97,35.9,23.7,0.927,88.95,7.0,5.13
100.0,0.121,3.2,74.1,56.1,0.95,89.11,11.17,6.63
55.7,0.102,2.52,34.1,22.9,0.961,89.1,5.35,6.38
77.2,0.09,2.14,36.7,22.8,0.948,88.87,6.42,5.71
99.3,0.091,2.19,49.5,32.2,0.96,88.88,8.46,5.85
75.1,0.098,2.17,38.9,24.8,0.932,89.35,6.68,5.82
72.7,0.115,2.09,42.6,29.1,0.98,89.01,8.01,5.32
70.7,0.093,1.56,31.2,18.0,0.914,88.03,5.88,5.3
72.8,0.116,1.9,39.0,25.7,0.932,89.36,7.66,5.09
91.5,0.114,1.38,45.1,28.9,0.967,87.24,9.87,4.57
50.0,0.161,2.46,38.8,29.3,0.92,89.47,7.2,5.39
93.4,0.143,2.03,59.9,43.7,0.96,89.46,12.46,4.81
57.9,0.175,2.49,48.6,37.2,0.929,90.0,9.16,5.31
71.8,0.12,1.46,35.9,22.2,0.914,87.97,7.65,4.69
69.8,0.118,2.81,47.7,33.8,0.932,89.91,7.52,6.34
82.1,0.094,2.75,46.5,31.2,0.963,89.08,7.23,6.43
55.8,0.142,1.31,31.4,20.5,0.909,88.56,7.03,4.47
80.5,0.099,1.85,39.6,24.6,0.941,89.4,7.32,5.41
99.3,0.096,1.9,48.0,30.3,0.959,87.95,8.95,5.36
58.6,0.144,1.38,33.3,22.2,0.96,88.4,7.9,4.21
77.3,0.129,1.97,46.0,31.4,0.931,89.05,9.04,5.09
67.1,0.094,2.38,35.3,22.4,0.937,89.33,5.77,6.12
80.1,0.097,1.87,39.5,25.2,0.969,88.26,7.32,5.4
75.2,0.1,1.24,33.5,19.5,0.917,86.94,6.69,5.0
67.3,0.111,2.49,42.7,30.3,0.979,89.28,7.11,6.01
80.9,0.125,1.7,44.9,29.6,0.934,88.36,9.17,4.89
96.7,0.133,1.76,54.6,37.3,0.922,88.32,11.52,4.74
72.7,0.111,2.94,47.6,33.3,0.9,88.8,7.1,6.7
83.6,0.106,2.3,46.8,30.9,0.91,89.07,7.84,5.97
59.5,0.125,1.7,33.3,22.3,0.961,88.72,6.94,4.8
63.5,0.111,1.51,31.8,19.9,0.952,87.94,6.52,4.89
80.7,0.095,2.58,44.5,29.3,0.92,89.21,6.89,6.46
92.8,0.143,2.55,69.6,52.7,0.974,89.55,12.63,5.51
79.3,0.107,1.85,40.9,26.3,0.967,88.44,8.0,5.11
71.2,0.097,1.47,31.6,18.2,0.922,87.83,6.19,5.11
75.0,0.103,2.29,42.2,28.3,0.926,88.93,6.98,6.05
60.0,0.127,2.4,39.5,27.5,0.915,89.33,6.82,5.8
82.3,0.094,1.91,40.5,25.4,0.951,89.17,7.21,5.62
85.6,0.143,1.55,51.6,35.8,0.956,88.18,11.39,4.54
69.6,0.12,2.11,40.4,27.1,0.932,89.33,7.61,5.32
69.4,0.128,2.33,47.2,33.6,0.959,90.46,8.3,5.69
78.2,0.122,1.86,45.9,31.4,0.979,88.64,9.1,5.04
69.8,0.094,2.23,37.0,23.8,0.949,89.21,6.08,6.09
74.2,0.123,2.28,45.9,31.8,0.952,90.18,8.44,5.43
100.0,0.091,2.67,54.2,36.4,0.93,88.32,8.25,6.57
72.0,0.121,1.89,38.9,25.5,0.901,89.38,7.65,5.09
70.7,0.104,1.53,34.1,21.2,0.976,88.15,7.0,4.88
67.2,0.105,2.07,37.1,24.1,0.962,88.85,6.59,5.63
83.9,0.094,2.94,50.1,34.1,0.956,89.33,7.38,6.79
72.8,0.106,1.22,31.8,18.9,0.902,87.07,6.8,4.67
67.2,0.12,1.2,32.6,19.5,0.961,87.93,7.53,4.33
90.9,0.091,2.05,43.1,26.5,0.954,88.48,7.68,5.61
92.0,0.098,1.91,45.7,28.5,0.946,88.61,8.3,5.51
67.8,0.114,2.0,39.0,26.1,0.95,88.86,7.16,5.45
52.6,0.083,1.98,26.9,16.1,0.973,88.98,4.15,6.47
87.1,0.086,2.6,44.7,28.8,0.901,88.85,6.59,6.79
66.8,0.096,2.08,34.1,21.4,0.913,88.45,5.68,6.0
84.5,0.114,2.51,53.2,37.3,0.972,89.76,9.14,5.82
51.4,0.118,1.2,26.6,15.4,0.901,87.73,5.34,4.99
85.7,0.122,1.84,49.1,33.6,0.972,88.91,9.9,4.96
60.5,0.118,1.69,32.2,20.4,0.902,88.47,6.26,5.14
83.8,0.12,1.2,40.5,25.3,0.962,87.56,9.46,4.28
75.2,0.099,2.15,39.4,25.4,0.971,89.1,7.03,5.6
63.6,0.112,2.05,35.8,23.9,0.949,89.21,6.59,5.44
70.1,0.117,1.87,37.5,24.7,0.951,89.22,7.59,4.95
83.2,0.125,2.04,48.8,33.3,0.904,88.88,9.13,5.34
76.3,0.085,2.15,36.0,21.7,0.917,89.21,5.8,6.21
82.0,0.108,2.61,50.0,35.2,0.972,89.09,8.38,5.97
98.7,0.122,2.42,63.8,46.5,0.966,89.13,11.37,5.61
56.2,0.096,2.26,29.5,18.2,0.905,88.98,4.78,6.18
94.4,0.1,3.2,60.7,43.8,0.965,88.91,8.88,6.84
76.3,0.094,1.75,36.7,21.6,0.934,88.13,6.49,5.65
64.2,0.145,1.42,36.9,24.7,0.945,88.33,8.59,4.3
59.0,0.096,2.69,33.3,21.8,0.909,89.77,5.02,6.62
72.7,0.101,3.03,45.8,32.3,0.932,89.37,6.68,6.86
86.1,0.104,1.78,41.7,26.5,0.935,88.54,8.17,5.11
73.5,0.093,2.79,41.0,27.8,0.954,89.26,6.34,6.46
93.1,0.116,1.83,51.0,33.6,0.953,88.28,10.01,5.1
57.6,0.108,2.39,34.3,22.6,0.944,89.76,5.7,6.02
74.9,0.155,2.42,54.9,41.3,0.903,89.68,10.22,5.37
60.0,0.099,1.78,30.3,18.5,0.913,89.31,5.29,5.73
79.4,0.088,3.02,44.7,29.4,0.913,89.49,6.24,7.16
85.6,0.143,3.08,70.8,55.7,0.971,89.44,11.62,6.1
70.0,0.108,1.59,34.8,21.6,0.972,88.21,7.15,4.87
50.0,0.104,2.2,27.8,18.0,0.965,89.21,4.9,5.67
77.4,0.11,2.56,46.9,32.4,0.914,88.82,7.62,6.16
80.2,0.13,1.2,41.2,25.9,0.967,87.68,9.81,4.2
79.9,0.151,2.11,54.8,39.8,0.915,89.83,10.74,5.1
89.8,0.089,1.27,37.6,21.0,0.944,86.66,7.39,5.1
62.1,0.157,2.43,48.0,37.0,0.959,90.34,9.13,5.26
83.2,0.09,2.14,39.3,23.7,0.904,89.02,6.63,5.93
89.3,0.141,1.91,56.8,40.5,0.948,88.93,11.66,4.87
53.7,0.093,1.32,23.4,12.0,0.92,87.97,4.48,5.24
78.8,0.114,1.8,40.9,26.1,0.94,88.69,8.2,4.99
68.9,0.098,2.36,37.2,24.3,0.931,89.62,6.13,6.06
74.0,0.108,2.08,42.5,27.9,0.955,88.57,7.43,5.73
79.2,0.13,2.7,55.9,41.2,0.939,89.74,9.43,5.92
69.2,0.129,2.66,47.2,34.0,0.924,89.88,8.06,5.85
66.9,0.12,2.64,46.3,34.2,0.973,89.31,7.59,6.11
75.4,0.096,1.83,37.6,23.8,0.977,88.11,6.91,5.44
62.0,0.12,2.25,38.0,26.4,0.964,88.94,7.01,5.42
62.0,0.098,1.62,28.1,16.3,0.946,88.34,5.63,5.0
83.2,0.113,1.47,41.1,26.2,0.971,87.69,8.91,4.61
61.2,0.123,2.69,40.2,29.1,0.948,89.42,6.98,5.76
83.0,0.094,1.51,35.3,20.0,0.912,88.13,6.9,5.12
80.6,0.096,1.45,33.3,19.0,0.901,87.78,6.82,4.88
54.3,0.095,2.15,28.5,17.5,0.958,88.96,4.83,5.9
66.9,0.109,1.96,37.0,23.5,0.96,89.03,6.83,5.43
89.3,0.119,2.01,51.9,35.5,0.974,88.72,10.11,5.13
63.2,0.103,3.2,43.9,31.6,0.966,89.27,6.13,7.16
69.4,0.148,1.6,41.4,29.2,0.951,88.87,9.52,4.35
80.5,0.092,2.35,41.8,26.7,0.915,89.54,6.6,6.34
84.4,0.118,2.14,49.7,34.2,0.948,89.51,9.19,5.41
72.0,0.148,2.6,54.5,40.8,0.935,90.0,9.73,5.6
67.8,0.085,1.71,28.7,16.4,0.919,88.09,5.16,5.57
92.1,0.093,1.99,46.0,29.4,0.964,88.62,8.07,5.7
95.9,0.089,2.16,45.6,27.8,0.912,88.61,7.59,6.01
86.7,0.103,1.38,38.9,23.3,0.95,87.4,8.26,4.7
76.0,0.09,1.2,30.4,16.4,0.949,87.55,6.35,4.79
65.3,0.095,2.09,33.2,20.4,0.924,88.83,5.57,5.96
65.0,0.141,2.77,48.8,36.1,0.934,90.41,8.37,5.83
81.3,0.121,1.92,46.1,30.7,0.909,88.88,8.72,5.29
80.0,0.128,1.99,47.0,32.5,0.902,89.08,9.03,5.21
91.8,0.102,2.68,51.9,35.3,0.901,88.57,8.19,6.33
82.8,0.131,2.03,49.5,34.6,0.914,89.45,9.65,5.13
57.0,0.092,2.49,30.4,19.7,0.969,89.72,4.95,6.15
87.6,0.105,3.2,57.3,41.6,0.942,89.54,8.43,6.79
63.0,0.1,1.81,31.2,19.1,0.909,89.04,5.56,5.61
70.4,0.133,2.01,45.4,31.5,0.972,89.4,8.88,5.11
78.0,0.11,2.3,45.7,30.7,0.946,88.72,7.89,5.8
98.9,0.106,2.85,61.4,43.4,0.902,88.84,9.24,6.65
100.0,0.104,2.04,53.1,35.4,0.961,88.48,9.76,5.44
82.3,0.13,2.46,54.2,39.4,0.938,88.89,9.75,5.55
72.8,0.106,2.27,40.1,26.6,0.943,89.57,7.07,5.67
81.4,0.089,2.06,41.0,25.8,0.949,88.56,6.73,6.09
85.7,0.154,1.89,55.2,39.3,0.908,89.16,11.67,4.73
71.2,0.117,1.8,39.3,25.8,0.976,88.39,7.89,4.98
96.5,0.086,3.2,54.1,36.7,0.92,89.34,7.43,7.28
77.8,0.11,1.33,37.2,22.6,0.95,87.47,7.94,4.68
81.0,0.087,1.38,33.0,18.2,0.968,87.21,6.63,4.97
83.0,0.099,2.22,42.6,27.9,0.927,89.39,7.42,5.75
80.1,0.139,2.2,52.4,37.7,0.95,89.86,10.29,5.09
85.1,0.121,2.31,53.9,38.2,0.979,89.48,9.86,5.47
67.6,0.099,1.66,33.3,20.5,0.968,88.41,6.32,5.26
68.3,0.153,1.59,42.3,30.0,0.962,88.64,9.83,4.3
61.8,0.089,1.96,30.5,18.7,0.935,88.68,4.99,6.1
80.3,0.104,2.55,46.1,31.5,0.936,89.16,7.64,6.03
84.3,0.115,1.59,43.6,27.6,0.939,88.27,8.91,4.9
80.5,0.135,2.18,53.6,38.5,0.955,89.3,10.1,5.31
95.1,0.115,1.84,49.3,33.3,0.912,88.42,9.68,5.09
74.9,0.104,1.34,36.0,22.0,0.969,88.04,7.33,4.92
83.0,0.088,1.46,33.9,19.1,0.901,87.92,6.44,5.27
61.9,0.119,2.56,38.2,26.9,0.914,89.46,6.57,5.81
70.4,0.1,1.8,33.8,21.4,0.939,88.65,6.45,5.24
83.3,0.148,2.72,63.6,47.9,0.92,89.59,11.1,5.73
85.2,0.103,2.08,45.1,29.1,0.929,88.97,7.97,5.66
71.5,0.085,1.42,29.4,16.6,0.927,88.23,5.52,5.33
74.1,0.099,2.34,40.7,26.4,0.922,89.02,6.6,6.17
56.8,0.094,1.7,27.4,15.5,0.93,88.79,4.86,5.63
70.7,0.105,1.91,36.1,22.8,0.94,89.34,6.79,5.31
85.7,0.101,2.67,49.5,34.2,0.938,89.17,7.88,6.29
81.9,0.11,1.46,40.2,25.2,0.965,87.97,8.48,4.75
81.0,0.096,1.88,38.5,23.1,0.925,89.07,7.03,5.48
75.6,0.1,1.56,34.9,20.3,0.923,87.69,6.82,5.12
75.1,0.138,1.5,42.3,28.3,0.94,87.99,9.52,4.44
67.1,0.133,1.86,38.2,25.8,0.904,88.66,7.84,4.87
83.4,0.123,1.67,43.2,27.8,0.909,88.67,9.12,4.74
80.1,0.106,1.96,42.2,27.4,0.964,88.37,7.97,5.3
80.9,0.114,2.42,49.2,34.2,0.939,89.48,8.46,5.81
68.7,0.094,1.72,31.2,18.4,0.905,88.85,5.68,5.49
50.0,0.096,1.37,22.2,12.1,0.935,87.63,4.36,5.09
88.2,0.101,2.42,47.5,32.1,0.932,88.75,8.07,5.88
69.3,0.146,1.72,42.4,29.2,0.92,89.22,9.06,4.69
64.6,0.094,3.01,38.8,26.0,0.93,89.63,5.49,7.07
83.3,0.118,1.9,46.4,31.2,0.915,87.9,8.79,5.28
70.3,0.132,2.03,41.8,28.6,0.936,89.81,8.48,4.94
87.7,0.158,1.2,47.5,32.1,0.933,87.72,12.58,3.77
82.4,0.152,1.52,50.6,35.2,0.949,88.31,11.56,4.38
83.2,0.132,1.2,43.7,28.0,0.975,87.14,10.46,4.18
58.6,0.109,2.25,34.2,22.1,0.915,89.65,5.67,6.02
89.5,0.111,2.06,47.5,32.1,0.933,88.74,9.01,5.27
78.1,0.091,2.42,40.8,26.1,0.945,89.06,6.53,6.24
70.6,0.09,2.5,35.8,23.2,0.944,89.26,5.82,6.15
76.7,0.106,2.58,45.0,30.5,0.953,89.08,7.56,5.94
53.7,0.129,1.99,32.3,21.9,0.921,89.3,6.21,5.2
79.9,0.129,2.14,51.3,36.3,0.951,89.16,9.57,5.36
62.6,0.133,2.39,41.7,29.5,0.916,89.5,7.45,5.6
58.8,0.124,1.7,31.7,20.3,0.91,88.94,6.49,4.89
56.7,0.105,1.63,27.8,16.9,0.967,88.68,5.64,4.93
88.4,0.109,2.87,56.6,40.4,0.938,89.97,8.8,6.43
67.4,0.113,1.2,31.6,18.5,0.932,87.03,6.93,4.56
93.4,0.09,2.35,48.8,31.8,0.974,89.07,8.02,6.08
68.6,0.091,2.27,34.8,21.5,0.957,89.56,5.82,5.97
54.5,0.13,1.54,29.3,19.2,0.954,88.97,6.58,4.46
61.6,0.097,1.77,29.8,18.0,0.916,88.41,5.33,5.6
89.8,0.097,1.92,43.0,26.8,0.917,88.3,7.8,5.51
73.1,0.121,2.21,44.1,30.1,0.939,89.83,8.13,5.43
68.4,0.09,2.28,36.8,23.7,0.952,89.0,5.73,6.42
76.9,0.103,2.08,40.5,26.4,0.932,88.88,7.23,5.6
81.0,0.132,2.19,50.5,35.5,0.905,89.13,9.45,5.34
88.4,0.119,2.43,55.4,39.3,0.955,89.51,9.8,5.66
92.4,0.088,2.41,47.5,30.6,0.962,87.93,7.62,6.24
70.7,0.11,2.87,46.9,33.5,0.976,89.37,7.38,6.36
59.1,0.086,2.62,32.4,20.9,0.933,89.08,4.63,7.0
70.0,0.089,2.11,33.3,20.6,0.921,89.4,5.58,5.97
78.1,0.085,2.42,39.6,24.5,0.974,89.06,6.32,6.27
63.4,0.12,2.31,40.0,27.4,0.957,89.46,7.13,5.61
63.5,0.096,2.18,32.5,20.4,0.905,89.05,5.41,6.02
79.1,0.098,1.67,36.9,22.0,0.946,87.68,7.18,5.14
74.4,0.098,2.18,37.9,23.7,0.902,89.45,6.43,5.89
75.4,0.093,1.2,29.9,16.2,0.918,86.82,6.29,4.76
65.9,0.101,2.64,37.9,24.9,0.906,89.72,5.9,6.43
72.2,0.104,2.28,38.6,25.9,0.916,88.94,6.69,5.78
63.9,0.157,2.02,44.5,33.0,0.939,89.63,9.2,4.84
85.7,0.145,1.89,52.9,37.5,0.924,88.68,11.17,4.74
87.4,0.13,2.43,56.5,40.4,0.907,89.3,10.04,5.63
52.8,0.113,3.02,35.9,25.4,0.939,90.4,5.47,6.55
63.8,0.103,2.29,35.9,23.7,0.957,89.34,6.16,5.83
57.0,0.148,3.05,45.6,34.5,0.904,90.53,7.44,6.12
67.2,0.117,2.49,43.0,30.4,0.971,89.6,7.43,5.79
74.0,0.114,1.7,38.5,25.2,0.952,89.05,7.82,4.92
57.6,0.119,2.34,34.7,24.0,0.942,89.35,6.32,5.49
63.9,0.14,2.3,44.2,32.5,0.932,89.7,8.16,5.42
63.0,0.113,1.7,32.8,21.1,0.931,88.7,6.44,5.09
77.5,0.09,1.9,34.6,20.8,0.927,88.13,6.31,5.49
75.8,0.084,1.89,33.8,20.2,0.909,88.46,5.65,5.98
66.3,0.094,2.15,33.9,21.4,0.906,89.03,5.53,6.14
77.1,0.117,1.96,42.9,28.2,0.925,88.94,8.14,5.27
68.4,0.098,2.23,37.1,23.9,0.953,89.16,6.25,5.93
71.7,0.124,2.32,44.5,31.4,0.923,89.22,8.03,5.54
95.1,0.131,2.73,67.9,51.0,0.965,88.92,11.75,5.78
91.1,0.12,2.37,57.2,39.9,0.93,89.23,9.89,5.79
59.4,0.093,1.75,26.9,15.5,0.95,88.23,5.1,5.27
85.0,0.096,3.16,51.8,36.6,0.935,89.36,7.46,6.94
84.7,0.152,1.75,54.8,39.4,0.94,88.61,11.79,4.65
61.2,0.15,1.91,38.9,27.3,0.92,88.94,8.26,4.71
84.8,0.152,2.4,62.0,46.8,0.941,89.79,11.81,5.25
93.5,0.134,3.2,72.0,55.0,0.909,89.98,11.09,6.49
61.5,0.15,2.3,44.7,32.4,0.931,90.29,8.37,5.34
64.0,0.09,1.78,29.6,17.9,0.936,88.34,5.27,5.62
87.2,0.099,1.28,37.8,21.7,0.956,87.1,8.03,4.7
78.3,0.125,1.25,38.3,23.4,0.932,87.55,8.89,4.31
81.6,0.093,2.11,40.9,25.6,0.953,89.08,7.04,5.81
79.1,0.112,2.37,46.8,31.8,0.914,88.64,7.91,5.92
79.7,0.098,1.39,35.1,20.2,0.902,87.0,6.87,5.12
59.1,0.147,2.21,41.1,29.9,0.94,90.3,7.94,5.17
87.6,0.112,1.44,43.7,27.0,0.938,87.11,8.96,4.88
89.0,0.1,1.64,42.6,26.1,0.954,88.3,8.3,5.13
72.2,0.15,2.42,52.8,38.3,0.925,90.31,9.8,5.38
74.5,0.097,1.73,32.9,19.7,0.902,88.61,6.35,5.18
56.6,0.114,2.76,39.0,26.9,0.958,89.51,6.01,6.48
81.2,0.137,1.81,51.2,35.9,0.975,88.54,10.6,4.83
81.9,0.093,2.65,46.3,31.0,0.932,89.16,6.92,6.68
74.3,0.108,3.2,51.3,37.7,0.949,90.33,7.43,6.9
88.5,0.092,1.73,41.2,24.7,0.944,88.66,7.47,5.51
71.0,0.121,3.2,52.7,38.9,0.945,90.01,7.89,6.68
81.8,0.135,2.11,52.6,38.2,0.969,88.67,10.45,5.03
62.8,0.105,1.78,32.0,19.7,0.959,88.75,6.15,5.2
74.7,0.113,1.95,41.3,27.6,0.962,88.8,7.9,5.23
72.9,0.134,1.9,43.2,29.4,0.907,89.08,8.61,5.02
77.7,0.1,2.8,46.3,32.3,0.912,88.83,6.93,6.68
70.6,0.097,2.76,42.2,28.4,0.953,89.54,6.36,6.63
73.4,0.118,2.75,48.7,35.0,0.943,89.13,7.95,6.13
84.9,0.115,1.45,42.5,26.6,0.962,86.91,9.16,4.64
69.8,0.102,2.19,37.4,23.9,0.907,89.18,6.27,5.97
55.7,0.133,1.33,29.9,18.9,0.945,88.78,6.84,4.37
96.0,0.114,2.61,59.6,42.6,0.939,88.9,10.06,5.92
91.6,0.127,1.86,53.7,36.8,0.968,88.48,10.98,4.89
59.5,0.131,2.35,39.0,27.5,0.915,90.07,6.96,5.6
83.3,0.104,1.85,41.6,26.2,0.928,88.9,7.87,5.29
69.0,0.113,1.22,31.1,18.2,0.912,87.38,6.9,4.51
78.2,0.112,2.54,46.8,33.0,0.936,89.14,7.98,5.86
78.5,0.103,2.58,48.4,33.8,0.971,89.77,7.66,6.31
72.2,0.107,2.17,40.3,27.0,0.954,88.67,7.17,5.62
65.6,0.134,1.2,33.9,21.3,0.96,87.4,8.24,4.11
66.7,0.112,2.48,38.1,25.4,0.907,89.73,6.63,5.74
64.0,0.099,1.73,29.9,17.9,0.936,87.97,5.79,5.17
65.0,0.091,2.36,35.0,21.8,0.967,89.33,5.56,6.3
74.2,0.092,1.85,36.4,22.6,0.967,88.88,6.41,5.68
66.4,0.091,1.91,33.7,21.1,0.979,89.25,5.76,5.85
83.2,0.149,2.35,60.6,44.5,0.942,89.47,11.37,5.33
92.8,0.127,1.69,49.9,33.4,0.9,88.19,10.37,4.81
68.0,0.113,2.02,38.9,25.7,0.972,89.3,7.26,5.35
77.9,0.147,2.35,57.3,43.1,0.976,89.45,10.88,5.27
81.0,0.12,3.18,60.1,45.3,0.974,89.64,9.26,6.49
80.7,0.089,2.06,39.1,24.0,0.962,88.75,6.72,5.82
75.9,0.093,2.52,40.4,25.8,0.917,89.31,6.32,6.39
83.9,0.107,1.51,39.7,24.6,0.911,87.2,8.0,4.96
80.8,0.104,2.95,52.3,37.3,0.956,89.07,7.85,6.67
60.1,0.116,1.7,30.9,19.6,0.911,88.07,6.18,5.0
85.4,0.131,2.03,54.6,38.7,0.976,88.45,10.62,5.14
85.6,0.101,2.36,47.7,31.6,0.936,88.62,7.92,6.02
65.8,0.167,1.71,43.4,30.6,0.902,89.18,9.65,4.49
75.5,0.121,2.64,48.7,35.0,0.912,89.56,8.1,6.02
83.2,0.123,1.77,46.1,31.2,0.923,87.83,9.19,5.02
72.5,0.111,2.52,44.0,30.5,0.956,89.12,7.48,5.88
87.9,0.132,2.63,62.0,46.4,0.959,89.02,10.88,5.7
100.0,0.112,2.39,59.3,41.1,0.917,88.88,10.04,5.9
65.6,0.099,2.45,37.5,24.5,0.952,89.13,6.02,6.24
58.4,0.118,3.2,40.0,29.0,0.903,90.5,6.05,6.62
78.6,0.121,2.31,47.8,33.0,0.908,89.26,8.45,5.65
83.7,0.105,2.15,45.3,30.2,0.943,88.68,8.08,5.6
72.2,0.1,2.27,40.5,26.5,0.956,89.02,6.71,6.05
92.4,0.109,2.74,59.4,42.2,0.973,89.04,9.6,6.19
58.9,0.115,3.2,41.4,30.0,0.935,90.49,6.16,6.72
83.3,0.122,2.02,47.6,32.0,0.91,88.81,8.98,5.3
67.7,0.127,1.64,38.8,25.6,0.974,88.79,8.16,4.75
95.6,0.116,2.68,61.5,44.7,0.935,89.54,10.14,6.07
98.9,0.104,1.42,45.8,27.8,0.94,87.13,9.39,4.88
65.8,0.12,2.23,40.2,27.9,0.968,88.78,7.46,5.38
68.4,0.103,2.25,38.2,25.2,0.947,89.03,6.52,5.85
85.3,0.093,2.05,41.4,25.9,0.924,88.82,7.14,5.8
70.4,0.101,2.08,37.3,24.1,0.943,88.36,6.52,5.72
74.5,0.108,1.27,33.8,19.5,0.95,87.47,7.48,4.52
75.3,0.116,1.67,39.8,26.2,0.971,88.72,8.27,4.81
52.0,0.106,2.57,29.8,20.2,0.919,90.22,4.95,6.03
74.8,0.118,1.2,34.3,20.5,0.945,87.48,8.12,4.23
66.7,0.112,2.06,39.3,26.2,0.974,89.21,7.08,5.55
69.1,0.108,1.94,35.4,22.7,0.904,88.95,6.58,5.38
92.3,0.09,1.2,36.3,19.7,0.916,86.23,7.43,4.89
59.9,0.088,2.95,34.6,22.6,0.928,89.26,4.74,7.29
84.8,0.092,1.58,39.4,23.3,0.954,87.23,7.28,5.41
71.7,0.104,2.37,41.4,27.6,0.967,89.29,7.0,5.91
71.6,0.097,1.87,34.6,21.0,0.916,88.75,6.19,5.59
84.5,0.109,1.68,41.7,25.8,0.92,88.28,8.29,5.03
79.1,0.094,1.98,38.6,24.1,0.966,88.72,7.0,5.52
81.8,0.105,1.92,42.4,27.1,0.912,88.89,7.61,5.57
86.6,0.09,2.01,40.7,25.1,0.921,88.02,6.99,5.81
71.0,0.095,1.71,35.0,20.9,0.959,88.34,6.33,5.52
67.7,0.123,1.59,36.0,22.7,0.913,88.57,7.42,4.85
62.0,0.127,2.6,43.7,31.6,0.966,89.69,7.43,5.89
65.1,0.099,2.1,33.0,20.7,0.939,88.29,5.9,5.6
100.0,0.101,2.07,52.4,34.2,0.936,88.14,9.2,5.7
89.9,0.107,1.65,43.5,27.1,0.911,87.9,8.55,5.09
58.8,0.144,2.89,46.6,35.4,0.954,90.31,7.89,5.9
59.1,0.11,2.06,34.2,22.5,0.971,89.22,6.16,5.56
80.8,0.096,1.2,33.7,19.6,0.955,87.56,7.2,4.69
81.6,0.138,2.24,53.7,38.3,0.925,89.74,10.17,5.28
81.6,0.09,1.72,36.0,21.4,0.956,88.11,6.82,5.28
71.9,0.108,2.56,44.6,30.8,0.941,89.49,7.15,6.24
73.5,0.141,2.62,54.3,41.1,0.968,90.31,9.8,5.54
78.9,0.093,2.56,41.4,26.9,0.937,89.63,6.72,6.15
76.0,0.109,1.87,39.4,25.0,0.919,88.81,7.45,5.28
50.0,0.108,2.04,27.7,17.3,0.908,89.91,4.79,5.77
72.2,0.162,2.22,53.0,39.7,0.922,89.5,10.5,5.04
64.8,0.126,2.55,43.0,31.0,0.945,89.75,7.5,5.74
77.1,0.133,1.58,42.2,27.5,0.914,89.54,9.15,4.62
100.0,0.118,2.15,57.0,38.2,0.903,89.04,10.37,5.5
79.4,0.127,3.03,57.0,42.6,0.936,89.75,9.19,6.2
71.2,0.108,1.83,34.8,22.4,0.928,88.72,6.93,5.02
86.1,0.116,2.09,49.8,33.5,0.934,88.98,9.13,5.46
80.8,0.091,3.2,48.4,33.5,0.936,89.99,6.68,7.24
80.0,0.086,1.98,37.0,22.5,0.961,88.79,6.45,5.74
82.3,0.168,1.33,52.7,37.5,0.977,88.12,13.19,3.99
99.7,0.155,2.07,70.0,51.3,0.921,88.57,13.91,5.03
61.4,0.139,2.94,49.2,37.1,0.975,89.92,8.1,6.08
80.7,0.121,2.63,52.8,37.6,0.918,89.54,8.75,6.04
63.9,0.165,1.61,43.0,30.7,0.96,89.03,9.89,4.35
81.7,0.111,2.31,47.7,32.4,0.955,89.53,8.44,5.65
64.0,0.154,2.01,42.3,29.4,0.904,89.52,8.67,4.87
70.0,0.134,2.51,48.9,36.0,0.958,90.05,8.79,5.56
71.5,0.131,1.79,43.7,30.0,0.972,88.38,8.9,4.91
86.7,0.118,2.35,53.8,38.0,0.974,89.0,9.7,5.55
86.0,0.138,3.06,69.2,53.5,0.955,90.09,11.06,6.26
60.1,0.092,1.2,25.4,14.2,0.963,87.88,5.17,4.9
75.7,0.136,2.4,49.5,35.2,0.906,89.56,9.07,5.46
66.5,0.136,2.76,47.9,35.1,0.913,90.27,8.05,5.96
59.9,0.15,1.32,33.2,21.7,0.921,88.71,8.07,4.11
72.4,0.133,1.74,42.4,28.3,0.943,89.14,8.83,4.81
71.3,0.121,1.9,40.6,27.2,0.931,89.21,7.83,5.18
100.0,0.13,1.73,56.3,39.2,0.953,88.23,12.08,4.66
80.2,0.113,1.7,41.0,26.0,0.936,88.91,8.27,4.96
58.5,0.103,1.91,30.6,19.7,0.962,88.48,5.67,5.39
68.2,0.112,2.53,43.6,30.1,0.957,89.09,7.14,6.11
87.3,0.099,2.84,53.3,36.6,0.96,89.92,8.05,6.62
100.0,0.118,2.75,67.8,49.4,0.966,89.39,11.12,6.09
56.0,0.13,2.6,40.7,29.7,0.967,89.54,6.86,5.94
52.4,0.091,3.02,31.6,21.0,0.962,89.26,4.46,7.1
97.5,0.119,3.12,67.0,49.7,0.905,88.96,10.27,6.52
79.7,0.101,2.18,42.7,27.7,0.95,89.64,7.45,5.73
64.6,0.132,2.82,44.9,32.8,0.902,89.96,7.48,5.99
81.4,0.119,2.31,50.7,34.9,0.96,89.06,9.06,5.59
50.0,0.12,1.99,28.6,19.0,0.905,89.95,5.31,5.38
75.0,0.087,2.08,36.6,23.2,0.979,88.8,6.24,5.85
78.9,0.105,2.61,45.6,31.0,0.949,89.22,7.68,5.93
86.1,0.116,2.83,56.3,40.3,0.915,89.85,8.88,6.35
62.8,0.128,2.39,41.8,28.8,0.937,89.91,7.34,5.69
76.0,0.113,1.9,41.1,27.2,0.966,88.99,8.07,5.1
63.9,0.12,1.86,35.0,22.8,0.914,88.88,6.81,5.14
78.1,0.086,1.2,30.2,15.7,0.943,86.5,6.16,4.9
64.3,0.112,2.28,36.1,24.3,0.9,89.03,6.3,5.73
70.1,0.152,2.25,51.9,39.1,0.963,89.79,10.0,5.19
63.1,0.123,1.58,31.6,20.3,0.916,88.52,6.95,4.56
82.8,0.103,2.34,46.6,30.7,0.931,89.22,7.73,6.03
85.3,0.12,2.33,52.7,37.4,0.942,89.06,9.37,5.62
72.2,0.108,1.36,32.5,19.8,0.912,88.1,6.93,4.7
75.5,0.125,1.94,46.0,32.1,0.974,88.52,8.94,5.15
57.6,0.131,2.8,42.9,31.2,0.938,90.23,6.92,6.2
71.4,0.125,1.78,40.3,26.7,0.919,88.48,7.97,5.06
74.4,0.122,2.11,45.9,31.8,0.959,89.1,8.5,5.4
100.0,0.106,2.18,57.1,38.4,0.972,88.36,10.02,5.7
61.7,0.1,2.09,33.4,21.2,0.973,88.96,5.86,5.7
92.6,0.123,2.44,58.3,42.6,0.934,88.86,10.36,5.63
87.0,0.095,2.57,47.1,31.4,0.929,88.72,7.47,6.3
78.4,0.11,2.73,49.8,35.1,0.974,89.82,8.23,6.05
96.1,0.134,1.94,58.4,40.9,0.904,88.31,11.38,5.13
79.5,0.16,2.36,61.4,46.4,0.96,90.04,11.93,5.14
79.7,0.139,2.52,57.0,41.2,0.914,89.97,9.86,5.78
74.4,0.138,2.04,47.3,33.8,0.937,89.55,9.39,5.04
89.7,0.087,1.74,39.3,23.9,0.976,88.0,7.46,5.27
88.2,0.122,2.17,52.0,36.9,0.946,88.66,9.94,5.23
67.5,0.127,1.8,39.5,26.4,0.942,88.37,7.86,5.03
59.2,0.102,1.75,29.1,17.7,0.905,88.25,5.35,5.45
72.6,0.112,2.21,40.5,27.5,0.922,88.79,7.3,5.55
65.4,0.123,2.01,36.5,24.1,0.9,89.31,7.09,5.15
74.2,0.099,2.19,40.6,26.9,0.97,88.5,6.98,5.81
89.8,0.141,1.32,47.3,31.0,0.952,87.62,11.77,4.02
69.5,0.131,2.01,41.2,28.8,0.909,89.26,8.08,5.1
74.5,0.112,1.2,34.9,20.7,0.929,87.07,7.56,4.62
75.7,0.141,1.58,44.1,29.7,0.965,88.45,10.07,4.38
85.2,0.09,2.06,40.4,24.8,0.911,89.02,6.84,5.91
50.0,0.101,2.71,29.4,19.4,0.918,89.96,4.54,6.47
67.7,0.123,2.37,43.2,30.3,0.943,89.79,7.66,5.64
77.5,0.143,2.15,51.4,37.0,0.912,89.3,9.84,5.22
89.4,0.119,1.91,47.9,32.3,0.931,88.94,9.63,4.97
69.1,0.127,1.97,41.9,29.1,0.979,89.26,8.37,5.0
52.5,0.091,2.75,29.6,19.2,0.944,89.72,4.39,6.76
82.4,0.127,1.55,43.3,28.4,0.956,88.07,9.75,4.44
67.4,0.14,1.74,41.9,28.7,0.953,89.06,8.79,4.76
60.7,0.148,2.63,45.9,34.7,0.917,90.88,8.04,5.71
67.5,0.1,1.93,36.1,22.4,0.968,89.0,6.36,5.68
72.8,0.104,3.07,46.3,31.9,0.91,90.24,6.71,6.9
67.7,0.112,2.45,42.7,30.0,0.974,88.82,7.23,5.91
50.0,0.144,2.68,36.5,27.1,0.917,90.3,6.43,5.68
85.8,0.085,1.29,34.0,18.5,0.976,87.25,6.9,4.92
90.3,0.091,2.63,50.3,33.4,0.964,89.15,7.74,6.5
82.8,0.1,1.68,38.6,23.5,0.914,88.32,7.34,5.26
61.3,0.114,2.46,37.4,25.4,0.913,89.47,6.21,6.02
72.6,0.111,1.92,37.6,24.0,0.907,89.26,7.14,5.27
74.9,0.103,2.21,39.7,25.5,0.92,88.5,6.92,5.73
82.2,0.092,1.55,36.2,20.9,0.953,87.74,7.05,5.14
83.0,0.124,1.24,40.1,24.9,0.942,87.37,9.44,4.24
66.2,0.112,2.18,37.6,24.5,0.949,89.06,6.86,5.49
76.0,0.113,1.95,40.9,26.6,0.902,88.86,7.53,5.43
80.5,0.144,1.65,47.1,31.8,0.906,87.98,10.27,4.59
92.5,0.111,1.26,42.0,25.3,0.955,86.64,9.55,4.4
83.5,0.114,1.2,38.8,23.5,0.968,87.51,8.95,4.33
84.5,0.119,2.36,52.0,35.4,0.929,89.33,9.11,5.71
76.0,0.122,1.97,42.1,28.0,0.913,88.85,8.23,5.12
91.9,0.101,1.8,44.1,26.9,0.925,88.58,8.37,5.27
79.9,0.158,2.21,57.5,43.3,0.933,90.13,11.51,5.0
64.7,0.093,2.61,35.7,23.2,0.95,90.04,5.57,6.41
91.8,0.135,2.23,58.9,42.4,0.933,88.55,11.3,5.22
83.4,0.129,1.88,51.3,35.4,0.972,89.31,10.19,5.03
69.7,0.109,3.17,46.2,33.3,0.932,89.37,6.9,6.7
69.2,0.112,1.78,35.9,23.0,0.915,88.78,6.9,5.21
78.6,0.09,1.4,32.9,18.1,0.92,87.66,6.31,5.2
80.6,0.136,2.15,51.4,37.0,0.937,89.87,10.03,5.13
77.4,0.116,1.97,43.9,29.5,0.963,89.06,8.42,5.22
78.7,0.126,2.57,52.8,38.5,0.97,89.67,9.39,5.62
95.4,0.148,1.84,61.1,43.7,0.915,88.52,12.6,4.85
87.9,0.092,2.02,41.2,25.2,0.9,87.92,7.11,5.79
77.3,0.106,1.67,40.3,25.2,0.97,87.98,7.77,5.19
86.3,0.131,2.5,57.0,41.0,0.918,89.97,10.15,5.62
62.6,0.106,2.17,34.2,22.7,0.966,89.25,6.25,5.46
79.8,0.113,1.96,44.1,29.7,0.944,89.39,8.31,5.31
96.7,0.124,2.03,57.4,40.1,0.932,88.52,10.9,5.26
72.4,0.098,2.09,36.5,23.2,0.912,89.17,6.29,5.8
64.8,0.135,1.38,36.5,23.5,0.954,88.21,8.13,4.49
67.2,0.123,2.68,45.0,32.4,0.965,90.22,7.75,5.8
61.9,0.132,2.65,44.2,32.3,0.937,89.87,7.48,5.91
65.6,0.112,2.12,37.8,25.1,0.936,89.17,6.72,5.63
70.6,0.108,2.07,40.3,25.9,0.96,89.45,7.13,5.66
58.1,0.138,1.6,35.1,23.8,0.94,88.09,7.36,4.76
75.2,0.087,2.96,41.9,27.2,0.963,89.31,6.13,6.83
85.8,0.107,2.84,52.1,36.5,0.904,88.8,8.07,6.46
64.1,0.096,2.3,36.2,23.5,0.969,89.21,5.83,6.2
93.2,0.117,2.51,56.5,39.9,0.921,89.06,9.8,5.76
81.1,0.105,2.72,48.6,33.3,0.914,89.57,7.55,6.43
87.4,0.124,2.61,55.8,40.0,0.903,89.6,9.51,5.87
67.1,0.103,1.67,33.9,20.8,0.967,88.31,6.53,5.19
85.3,0.116,1.94,45.9,29.9,0.905,88.4,8.74,5.25
61.9,0.097,2.33,35.9,23.8,0.976,89.32,5.71,6.28
85.7,0.116,2.2,49.6,33.7,0.945,89.5,9.16,5.42
77.1,0.088,2.48,39.9,25.8,0.956,88.72,6.29,6.35
81.6,0.138,2.42,57.6,42.2,0.958,89.03,10.51,5.48
60.9,0.124,2.22,37.7,26.6,0.923,88.89,6.8,5.53
64.3,0.143,1.2,36.2,22.9,0.965,87.16,8.62,4.2
82.2,0.111,2.69,52.0,36.6,0.976,89.4,8.67,6.0
63.6,0.149,2.52,47.6,35.2,0.93,89.55,8.62,5.52
80.6,0.141,3.13,65.5,50.4,0.967,89.86,10.7,6.12
58.6,0.124,1.86,34.1,23.0,0.962,89.28,6.82,5.0
85.2,0.128,1.2,43.3,27.9,0.947,86.46,10.04,4.31
60.2,0.087,2.01,28.5,16.8,0.929,89.21,4.77,5.98
81.6,0.113,2.33,47.9,33.0,0.933,89.69,8.42,5.69
82.5,0.12,1.88,45.6,30.8,0.925,89.39,8.92,5.11
66.6,0.089,2.79,36.1,23.4,0.934,89.95,5.4,6.68
82.0,0.114,1.77,44.9,29.6,0.979,89.33,8.9,5.04
78.1,0.118,2.05,45.8,31.3,0.929,89.09,8.38,5.46
68.5,0.097,1.98,33.9,20.6,0.953,89.09,6.16,5.51
62.9,0.119,3.2,45.9,33.8,0.926,89.92,6.75,6.8
51.4,0.111,1.65,26.4,15.5,0.937,88.93,5.24,5.03
79.2,0.121,2.39,48.7,33.1,0.907,89.41,8.44,5.78
56.2,0.117,1.5,30.0,19.0,0.961,87.78,6.14,4.88
76.1,0.102,2.27,41.8,28.1,0.953,88.55,7.19,5.82
71.8,0.11,1.62,34.8,21.8,0.928,88.95,7.13,4.89
83.1,0.122,2.65,56.6,41.3,0.942,89.56,9.34,6.06
71.4,0.098,2.55,41.1,27.3,0.97,89.83,6.63,6.2
71.0,0.127,2.24,44.1,30.9,0.904,89.23,7.94,5.56
83.8,0.1,1.4,38.2,22.8,0.974,87.2,7.94,4.81
79.0,0.125,2.07,47.4,33.0,0.938,89.08,9.03,5.25
78.8,0.135,1.95,49.6,35.1,0.969,89.34,10.04,4.94
80.6,0.096,2.52,45.1,30.1,0.969,89.63,7.3,6.17
56.6,0.115,1.65,28.6,17.1,0.905,88.73,5.74,4.98
84.1,0.126,2.68,58.7,42.9,0.963,89.78,9.93,5.91
82.3,0.126,2.58,54.6,40.3,0.959,89.47,9.66,5.65
62.8,0.113,1.41,30.0,17.7,0.903,88.52,6.27,4.78
72.1,0.089,1.99,35.7,21.9,0.975,89.2,6.13,5.83
74.5,0.13,2.07,46.8,32.9,0.951,88.96,8.98,5.21
73.4,0.12,2.6,46.3,32.7,0.913,89.74,7.86,5.89
79.0,0.118,1.76,42.2,27.4,0.91,88.22,8.3,5.09
92.2,0.12,2.2,55.1,38.3,0.945,89.28,10.16,5.42
88.0,0.14,2.65,62.0,46.0,0.905,89.51,10.86,5.71
59.3,0.118,2.23,35.4,23.1,0.913,89.2,6.2,5.71
82.5,0.12,1.2,40.1,24.7,0.976,86.44,9.41,4.26
90.9,0.101,1.85,45.3,29.0,0.96,88.72,8.59,5.28
79.6,0.127,2.55,53.8,38.8,0.949,89.62,9.37,5.75
88.1,0.091,2.49,45.8,29.5,0.917,89.04,7.15,6.41
99.1,0.126,1.2,47.0,29.0,0.917,87.27,11.16,4.21
87.3,0.104,2.2,47.5,31.2,0.936,88.6,8.26,5.75
78.0,0.124,2.57,52.4,38.1,0.96,89.24,9.08,5.77
87.5,0.091,2.37,44.1,28.0,0.9,89.06,7.0,6.3
76.7,0.082,2.43,37.2,23.3,0.904,89.38,5.57,6.69
75.3,0.129,3.13,59.4,45.0,0.97,90.12,9.21,6.44
70.8,0.105,2.08,38.5,25.2,0.965,89.56,6.99,5.51
93.8,0.136,2.25,61.1,44.4,0.956,89.41,11.88,5.14
65.2,0.124,1.63,35.1,22.7,0.94,88.78,7.39,4.75
93.4,0.129,1.78,52.9,35.9,0.912,88.82,10.73,4.93
81.0,0.119,1.93,44.9,29.6,0.908,88.74,8.53,5.26
58.2,0.125,2.52,39.5,27.7,0.972,89.4,6.88,5.75
79.4,0.11,1.73,40.6,25.5,0.931,88.41,7.91,5.13
50.0,0.098,2.72,29.7,19.5,0.956,90.0,4.56,6.51
82.5,0.093,1.55,37.6,22.1,0.936,87.5,6.97,5.4
85.6,0.098,2.42,47.1,31.5,0.958,88.53,7.85,6.0
67.9,0.124,2.38,42.6,30.1,0.915,89.31,7.53,5.65
76.5,0.146,2.23,53.0,39.0,0.939,90.04,10.25,5.17
98.4,0.098,2.59,54.1,36.4,0.93,89.13,8.77,6.17
68.9,0.122,1.73,36.8,23.9,0.92,88.67,7.52,4.89
62.3,0.106,1.87,32.3,20.4,0.948,88.51,6.08,5.31
92.8,0.112,1.62,46.8,29.8,0.943,88.12,9.53,4.91
98.6,0.103,2.1,52.0,33.8,0.94,88.65,9.3,5.59
75.0,0.102,2.04,38.6,24.5,0.947,89.01,7.07,5.47
87.1,0.128,2.53,55.7,40.0,0.911,90.31,9.89,5.63
91.1,0.087,2.29,44.5,28.4,0.93,88.87,7.16,6.22
66.1,0.114,2.44,41.3,28.8,0.926,89.28,6.8,6.07
69.2,0.092,2.0,33.8,21.6,0.962,88.29,5.99,5.65
89.8,0.117,2.3,53.5,36.7,0.903,88.89,9.25,5.79
95.2,0.127,3.01,68.5,51.2,0.923,89.39,10.84,6.32
81.8,0.128,1.43,45.0,29.2,0.973,88.23,9.95,4.52
64.4,0.098,1.2,28.3,15.5,0.924,86.94,5.67,5.0
98.8,0.09,2.42,50.4,32.4,0.912,88.37,7.88,6.4
68.6,0.082,1.68,29.8,17.0,0.961,88.33,5.27,5.65
71.0,0.089,1.41,29.4,16.2,0.904,87.37,5.58,5.28
79.1,0.152,2.37,58.1,42.8,0.934,89.93,10.96,5.3
93.6,0.134,1.6,54.2,37.0,0.968,87.93,11.82,4.58
85.2,0.124,2.87,60.9,45.7,0.976,89.44,10.03,6.07
80.0,0.085,2.18,37.0,22.4,0.92,88.52,6.08,6.09
80.6,0.11,2.0,44.5,29.0,0.924,88.96,8.0,5.56
75.5,0.097,1.69,36.8,22.2,0.945,88.19,6.76,5.44
81.7,0.099,2.21,43.0,27.8,0.918,88.48,7.27,5.92
50.0,0.119,1.3,25.9,15.3,0.912,87.51,5.29,4.89
71.4,0.143,1.2,38.0,25.1,0.934,87.49,9.34,4.07
77.9,0.145,1.32,41.8,27.6,0.906,87.42,9.99,4.19
61.2,0.161,2.67,50.5,38.8,0.972,90.17,9.33,5.41
79.6,0.104,1.64,36.9,22.4,0.927,88.25,7.48,4.93
72.5,0.102,1.38,33.8,19.9,0.927,87.23,6.68,5.06
96.1,0.12,2.06,56.8,39.1,0.963,89.07,10.86,5.23
93.9,0.114,3.2,64.3,47.1,0.927,89.97,9.65,6.66
69.4,0.117,2.65,44.7,32.0,0.961,90.03,7.63,5.86
73.2,0.095,1.7,34.3,19.9,0.914,88.51,6.21,5.53
74.1,0.104,1.69,37.2,23.2,0.942,88.5,7.1,5.24
69.6,0.117,1.7,36.4,23.9,0.961,88.68,7.64,4.77
77.3,0.115,1.64,39.5,25.6,0.936,88.48,8.14,4.85
65.9,0.128,2.37,43.3,31.0,0.906,89.42,7.43,5.82
61.4,0.128,1.93,38.9,26.4,0.959,89.21,7.34,5.3
82.5,0.093,1.54,34.8,20.0,0.94,87.84,7.01,4.97
82.6,0.097,1.43,34.6,19.8,0.925,87.79,7.2,4.81
65.3,0.103,3.2,45.7,32.8,0.979,89.23,6.42,7.12
85.7,0.115,2.47,54.5,38.5,0.97,89.33,9.3,5.86
67.4,0.092,1.67,29.9,17.4,0.903,88.65,5.48,5.46
78.0,0.093,2.71,44.4,29.7,0.947,89.06,6.73,6.6
84.8,0.112,1.52,41.3,25.8,0.928,87.9,8.63,4.78
74.6,0.102,2.03,37.9,23.7,0.903,88.19,6.69,5.67
80.5,0.147,1.98,51.6,36.8,0.901,89.25,10.39,4.96
68.8,0.09,2.19,34.7,21.5,0.947,88.45,5.69,6.1
72.6,0.157,1.63,46.3,32.6,0.926,88.7,10.32,4.48
72.5,0.096,2.16,37.3,23.9,0.956,88.94,6.49,5.75
66.0,0.127,1.23,33.8,20.9,0.936,87.36,7.65,4.42
72.9,0.157,1.91,50.7,37.0,0.961,89.32,10.74,4.71
56.4,0.099,2.77,33.8,22.3,0.965,89.83,5.26,6.42
69.1,0.123,2.61,47.5,34.2,0.953,89.69,7.89,6.02
71.6,0.101,1.75,34.0,20.5,0.933,88.51,6.55,5.19
71.9,0.118,1.34,37.6,23.7,0.979,87.07,8.11,4.64
72.1,0.126,1.2,35.6,21.9,0.925,87.33,8.19,4.34
74.3,0.124,2.41,48.6,34.5,0.941,88.72,8.46,5.74
80.8,0.086,2.24,39.0,24.2,0.942,88.66,6.4,6.1
85.5,0.096,2.29,44.3,28.8,0.934,89.54,7.51,5.9
67.2,0.088,2.95,37.0,24.1,0.91,89.81,5.23,7.07
60.6,0.108,2.18,32.9,21.5,0.928,88.8,5.94,5.53
62.5,0.158,2.21,45.6,33.6,0.917,89.71,8.83,5.17
69.2,0.149,1.4,40.9,27.8,0.972,88.25,9.79,4.18
70.8,0.109,2.91,44.3,31.4,0.952,89.84,7.14,6.2
65.8,0.095,2.02,34.1,21.0,0.923,89.17,5.59,6.09
59.4,0.158,1.69,39.6,27.5,0.945,89.8,8.68,4.56
69.5,0.155,2.2,52.2,38.5,0.968,89.42,10.19,5.12
77.2,0.103,3.1,50.1,35.8,0.975,89.65,7.54,6.64
82.1,0.094,3.17,49.2,34.0,0.906,88.8,6.85,7.18
68.3,0.108,1.61,34.7,22.0,0.963,88.48,6.93,5.01
70.0,0.09,2.69,38.6,25.1,0.977,89.51,6.01,6.43
63.9,0.103,2.27,35.7,23.6,0.937,89.29,6.04,5.92
74.6,0.086,2.59,39.2,25.2,0.98,89.39,6.11,6.41
64.8,0.097,2.24,34.7,22.1,0.977,88.86,5.99,5.79
81.9,0.103,2.41,45.8,31.1,0.953,88.67,7.85,5.84
53.6,0.139,2.76,42.6,32.1,0.968,89.88,7.01,6.08
70.7,0.114,1.23,33.5,19.8,0.924,87.47,7.23,4.63
78.6,0.105,2.28,46.1,30.0,0.973,89.55,7.8,5.91
77.2,0.102,1.52,36.5,22.9,0.947,87.61,7.25,5.04
100.0,0.155,1.87,65.5,47.7,0.941,88.63,14.21,4.61
79.2,0.096,2.1,40.0,25.6,0.967,88.83,7.16,5.6
63.0,0.084,1.6,26.2,14.7,0.971,89.29,4.98,5.27
73.9,0.135,1.81,46.5,31.9,0.956,88.77,9.27,5.02
53.7,0.106,1.4,25.4,14.8,0.902,88.36,5.02,5.06
74.0,0.101,1.8,36.3,22.5,0.948,88.45,6.92,5.25
65.0,0.099,2.36,36.2,23.6,0.966,89.1,6.06,5.97
86.0,0.115,2.53,53.6,38.0,0.944,88.83,9.07,5.91
68.4,0.132,1.72,40.1,26.8,0.975,88.71,8.56,4.68
73.6,0.131,2.76,53.5,39.9,0.972,90.12,9.13,5.86
67.4,0.122,2.39,42.8,29.4,0.942,89.25,7.53,5.68
95.9,0.138,2.82,71.2,53.8,0.932,89.63,12.04,5.91
71.1,0.095,1.21,30.5,16.5,0.904,86.78,5.99,5.09
97.0,0.083,2.26,47.6,29.8,0.951,88.38,7.45,6.39
84.8,0.143,2.41,57.4,42.8,0.921,89.03,10.88,5.27
80.8,0.104,1.24,35.7,21.3,0.953,87.94,7.83,4.57
79.4,0.137,3.2,65.8,50.5,0.964,90.09,10.23,6.44
79.7,0.089,1.78,35.8,21.2,0.933,88.13,6.44,5.57
51.9,0.115,2.37,29.7,20.1,0.901,90.14,5.22,5.7
71.7,0.098,2.56,40.7,27.5,0.969,89.3,6.64,6.13
85.1,0.112,2.15,47.0,31.5,0.944,89.11,8.8,5.35
74.4,0.123,2.79,51.3,36.9,0.925,90.27,8.26,6.21
58.1,0.127,3.1,43.1,32.1,0.951,90.67,6.87,6.28
74.4,0.107,1.55,35.4,21.6,0.954,87.68,7.41,4.78
95.4,0.094,2.16,47.8,30.1,0.912,88.59,7.99,5.99
90.0,0.107,2.56,53.5,37.3,0.952,89.61,8.9,6.01
74.3,0.147,1.28,41.0,27.4,0.923,87.49,9.82,4.17
86.4,0.114,2.63,56.6,40.6,0.964,89.26,9.26,6.12
70.6,0.087,2.95,40.6,27.0,0.975,89.32,5.81,6.99
54.6,0.103,2.74,32.2,21.5,0.908,89.93,4.96,6.49
63.9,0.117,2.32,39.9,27.4,0.973,89.78,7.11,5.6
93.8,0.143,2.87,73.9,57.1,0.972,90.11,12.7,5.82
71.7,0.153,2.28,50.2,37.5,0.927,89.79,9.9,5.07
72.1,0.127,1.44,37.2,23.3,0.902,87.74,8.06,4.61
71.4,0.1,1.84,35.0,22.0,0.953,88.48,6.65,5.26
97.8,0.099,1.97,47.8,30.4,0.928,88.01,8.74,5.47
94.5,0.111,2.07,52.4,35.2,0.915,88.46,9.37,5.59
100.0,0.113,2.05,55.2,36.8,0.909,88.87,9.98,5.53
73.1,0.101,1.93,35.5,21.8,0.916,88.22,6.57,5.4
78.5,0.088,2.21,38.1,23.7,0.919,88.63,6.19,6.15
56.8,0.122,2.85,40.8,29.1,0.964,90.32,6.51,6.27
92.7,0.1,2.21,49.7,32.9,0.963,88.98,8.68,5.72
61.0,0.124,2.41,38.6,27.0,0.94,89.42,6.95,5.56
77.6,0.121,1.2,35.6,21.8,0.944,86.92,8.61,4.13
61.8,0.141,2.16,42.3,30.4,0.973,90.21,8.26,5.12
67.9,0.155,2.64,55.5,42.1,0.973,90.25,9.98,5.56
65.0,0.09,2.72,35.7,23.9,0.966,89.15,5.52,6.47
67.7,0.094,2.67,37.3,24.8,0.93,89.4,5.77,6.47
68.5,0.149,2.25,48.5,35.5,0.929,90.13,9.28,5.22
68.4,0.132,2.31,47.0,33.9,0.971,89.28,8.57,5.49
85.0,0.093,1.76,40.0,24.3,0.974,87.87,7.54,5.31
61.7,0.151,2.52,47.3,35.5,0.964,90.17,8.77,5.4
77.6,0.089,1.77,35.7,21.5,0.961,87.78,6.47,5.51
89.6,0.091,2.44,48.3,31.5,0.945,88.66,7.54,6.41
68.8,0.107,2.12,36.6,24.4,0.927,88.95,6.65,5.49
66.4,0.133,2.11,42.4,29.3,0.919,88.51,7.93,5.35
72.2,0.103,2.6,41.5,27.2,0.911,89.44,6.62,6.27
89.2,0.12,2.38,55.1,38.5,0.958,89.42,10.03,5.49
77.3,0.085,2.24,39.0,24.8,0.962,89.52,6.17,6.32
68.6,0.164,1.85,47.2,34.1,0.929,89.63,10.17,4.64
80.8,0.101,2.9,46.8,32.3,0.9,89.06,7.16,6.53
61.8,0.121,2.27,37.6,26.1,0.975,89.37,7.12,5.27
83.2,0.115,2.47,51.8,36.2,0.935,89.95,8.72,5.93
79.9,0.114,2.14,46.6,31.6,0.978,89.2,8.7,5.36
71.3,0.093,1.75,33.1,19.5,0.954,88.74,6.17,5.36
64.9,0.086,2.28,30.6,18.7,0.91,88.86,4.93,6.2
64.4,0.099,1.8,32.5,19.3,0.926,88.56,5.78,5.63
81.4,0.124,2.32,52.2,36.9,0.953,89.29,9.37,5.57
89.7,0.101,1.2,38.5,22.2,0.952,87.15,8.45,4.56
67.4,0.131,1.9,39.2,26.4,0.919,88.97,7.9,4.96
80.5,0.129,2.09,49.8,35.1,0.914,89.37,9.29,5.36
50.0,0.087,1.62,21.7,12.0,0.922,88.38,3.92,5.53
68.0,0.106,2.28,40.1,26.2,0.963,88.84,6.77,5.93
74.6,0.12,1.89,40.1,26.5,0.919,88.87,8.03,4.99
64.1,0.097,2.1,33.4,21.4,0.956,89.41,5.78,5.77
63.8,0.14,1.82,40.9,28.8,0.97,89.18,8.46,4.83
67.0,0.107,2.59,39.3,26.9,0.931,89.41,6.5,6.04
78.5,0.089,2.37,37.7,23.1,0.901,89.48,6.13,6.16
72.8,0.141,2.25,47.8,34.4,0.911,89.71,9.1,5.26
50.0,0.118,2.13,30.7,20.7,0.925,89.04,5.3,5.78
50.0,0.114,3.2,34.3,24.5,0.915,90.04,5.07,6.77
67.7,0.109,2.02,37.9,25.2,0.923,89.11,6.64,5.71
80.5,0.092,1.75,36.2,21.9,0.944,88.3,6.81,5.32
50.0,0.1,1.51,21.9,12.0,0.902,88.47,4.39,4.99
69.0,0.084,2.55,34.0,21.0,0.905,89.14,5.1,6.67
68.7,0.118,2.92,46.9,34.0,0.968,89.74,7.67,6.11
91.7,0.105,1.68,44.2,27.7,0.942,88.07,8.81,5.02
70.4,0.094,1.96,35.8,22.1,0.975,88.99,6.28,5.7
79.6,0.089,1.92,36.0,21.4,0.9,88.23,6.25,5.76
76.7,0.095,2.04,38.3,23.7,0.9,88.71,6.4,5.99
50.0,0.099,1.22,22.8,12.0,0.959,87.53,4.62,4.93
84.2,0.1,2.5,46.2,31.0,0.938,88.94,7.7,6.0
77.6,0.143,2.7,60.1,45.6,0.973,90.03,10.56,5.7
81.1,0.101,1.2,35.3,20.3,0.963,87.07,7.68,4.61
100.0,0.101,2.98,61.8,43.8,0.94,88.44,9.28,6.66
50.0,0.133,2.91,36.3,27.0,0.938,90.28,6.1,5.95
95.7,0.094,1.2,40.4,22.7,0.965,87.15,8.51,4.75
71.6,0.164,1.2,43.0,29.7,0.964,88.37,11.04,3.89
78.4,0.1,2.03,39.4,24.3,0.922,89.0,7.02,5.61
74.5,0.119,2.76,48.9,35.0,0.954,90.11,8.26,5.92
69.9,0.143,2.24,48.1,34.5,0.951,89.6,9.3,5.17
68.2,0.116,2.11,40.4,27.3,0.968,89.41,7.47,5.41
79.0,0.085,2.39,39.3,24.4,0.969,89.0,6.35,6.2
56.8,0.104,1.7,28.5,17.1,0.921,88.86,5.32,5.35
84.0,0.122,2.74,57.7,42.4,0.97,90.19,9.68,5.96
70.0,0.086,2.05,33.8,20.7,0.974,89.09,5.71,5.92
61.4,0.086,1.28,26.4,14.4,0.909,87.21,4.67,5.65
69.6,0.143,1.7,41.4,28.0,0.946,89.46,9.18,4.51
90.1,0.114,2.28,51.5,35.1,0.935,89.12,9.34,5.52
68.6,0.089,1.96,33.5,20.2,0.932,88.91,5.57,6.01
79.3,0.1,1.9,40.1,25.7,0.956,88.49,7.36,5.44
66.2,0.11,2.2,37.7,25.0,0.91,89.52,6.47,5.82
84.1,0.118,2.28,50.7,34.8,0.966,89.3,9.35,5.43
83.2,0.094,1.48,35.0,19.6,0.902,88.05,6.89,5.08
97.2,0.122,2.71,65.8,48.3,0.946,89.15,10.92,6.03
72.9,0.12,2.03,41.8,27.8,0.918,89.42,7.83,5.34
83.0,0.109,2.31,49.7,33.8,0.953,88.24,8.39,5.93
76.2,0.106,2.15,41.7,27.2,0.942,88.79,7.38,5.64
90.6,0.104,1.89,46.7,30.9,0.98,87.97,8.98,5.21
66.4,0.116,2.56,44.1,31.7,0.969,89.75,7.3,6.04
83.9,0.101,2.14,43.4,27.6,0.927,89.15,7.63,5.69
72.7,0.109,2.14,40.9,27.5,0.942,89.08,7.3,5.6
74.2,0.103,1.2,31.2,17.3,0.925,87.55,6.91,4.52
76.1,0.106,2.51,44.6,30.6,0.958,89.05,7.52,5.93
78.0,0.121,2.01,46.0,31.2,0.934,88.51,8.61,5.35
73.6,0.128,2.48,47.1,33.1,0.909,89.86,8.36,5.63
77.6,0.111,2.92,51.2,37.0,0.953,90.0,7.97,6.42
93.9,0.164,2.51,72.8,55.4,0.901,89.79,13.53,5.38
86.8,0.109,2.13,47.1,30.8,0.924,89.5,8.56,5.5
85.4,0.103,1.96,45.0,29.1,0.973,88.78,8.34,5.4
69.5,0.086,3.2,39.0,25.8,0.908,89.66,5.31,7.34
64.3,0.103,2.34,37.3,23.5,0.94,89.19,6.09,6.13
86.5,0.117,2.2,51.2,35.9,0.964,88.59,9.53,5.37
85.5,0.148,2.01,57.4,41.8,0.972,89.12,12.03,4.77
92.7,0.113,1.65,46.0,29.1,0.945,88.65,9.61,4.78
67.8,0.103,1.2,28.6,15.2,0.912,87.24,6.22,4.59
72.2,0.109,2.86,47.8,34.4,0.975,89.49,7.52,6.36
55.3,0.155,1.71,37.2,25.9,0.96,88.96,8.02,4.64
70.3,0.13,2.0,41.8,28.8,0.932,89.4,8.28,5.04
87.0,0.13,2.05,52.8,36.7,0.922,88.62,10.18,5.18
69.4,0.106,2.82,43.4,29.9,0.904,89.74,6.51,6.66
82.7,0.138,1.72,47.5,32.6,0.915,88.52,10.22,4.65
72.7,0.091,2.23,37.5,23.6,0.962,88.87,6.22,6.03
78.9,0.141,2.36,55.0,39.8,0.909,89.81,9.84,5.59
61.2,0.101,1.41,27.9,16.1,0.91,87.54,5.5,5.07
76.0,0.111,1.36,35.5,21.8,0.916,87.64,7.5,4.74
50.0,0.101,1.74,25.2,15.4,0.932,88.23,4.57,5.52
72.8,0.124,2.22,44.5,30.9,0.915,89.32,8.08,5.51
55.4,0.121,2.16,34.3,23.1,0.972,89.68,6.36,5.4
89.5,0.125,2.04,51.4,35.4,0.921,89.19,10.06,5.11
84.3,0.09,2.43,45.1,29.4,0.974,89.35,7.2,6.27
80.6,0.096,1.67,38.8,23.7,0.979,88.35,7.36,5.27
93.3,0.114,2.01,52.8,35.7,0.96,88.55,9.94,5.31
63.6,0.112,2.04,35.4,22.7,0.901,88.51,6.24,5.67
96.0,0.119,1.69,49.7,32.2,0.919,88.54,10.27,4.84
86.2,0.091,3.2,49.6,34.0,0.921,89.14,7.01,7.07
72.2,0.09,1.2,29.0,15.5,0.943,86.44,5.97,4.87
88.6,0.113,2.72,54.9,38.6,0.913,90.01,8.94,6.14
61.7,0.165,2.5,47.9,36.2,0.906,90.22,8.98,5.34
65.1,0.093,2.5,34.9,23.1,0.914,89.5,5.38,6.49
67.7,0.089,2.15,33.9,21.0,0.926,89.01,5.42,6.25
68.7,0.108,2.77,42.6,29.5,0.904,89.62,6.56,6.48
62.3,0.14,1.88,39.0,27.1,0.916,89.13,7.77,5.02
89.7,0.136,2.3,57.7,41.3,0.913,89.1,10.83,5.32
71.9,0.106,2.14,39.8,26.7,0.962,89.84,7.16,5.56
79.2,0.128,1.98,45.8,32.1,0.914,88.52,9.06,5.05
68.2,0.093,2.16,34.8,22.0,0.963,88.83,5.95,5.84
53.2,0.141,1.63,31.2,21.3,0.941,88.67,6.89,4.53
78.2,0.101,1.77,38.9,24.2,0.961,88.58,7.43,5.23
52.1,0.114,2.89,34.4,24.5,0.936,89.86,5.43,6.33
74.2,0.114,3.2,53.0,39.1,0.972,89.61,8.03,6.6
58.6,0.118,2.36,34.8,23.6,0.922,89.84,6.21,5.61
98.8,0.093,2.52,52.2,34.7,0.961,89.52,8.64,6.04
85.9,0.167,2.23,64.8,48.6,0.913,89.38,12.77,5.07
76.3,0.096,2.33,39.5,25.8,0.971,88.52,6.96,5.68
90.2,0.143,2.37,61.6,46.1,0.902,89.48,11.36,5.42
64.8,0.125,2.62,42.7,30.8,0.937,90.09,7.4,5.77
81.5,0.104,2.87,49.8,34.2,0.934,89.36,7.75,6.43
77.4,0.089,1.66,34.7,20.5,0.95,88.28,6.38,5.45
78.2,0.104,3.2,51.5,36.6,0.935,89.42,7.44,6.93
90.3,0.089,2.17,43.6,27.1,0.947,89.46,7.45,5.85
83.8,0.101,2.17,45.5,29.6,0.969,89.07,8.03,5.67
78.5,0.096,1.89,37.2,23.0,0.911,88.36,6.7,5.55
55.1,0.088,1.9,26.6,15.6,0.92,88.52,4.36,6.09
63.5,0.099,2.41,34.6,22.1,0.964,89.46,5.93,5.84
73.5,0.146,2.42,51.7,38.4,0.918,90.01,9.59,5.39
76.1,0.097,2.38,42.9,29.1,0.972,88.67,7.03,6.11
61.4,0.1,1.87,30.5,18.8,0.943,88.81,5.67,5.38
100.0,0.089,1.2,39.6,21.4,0.907,86.78,7.87,5.03
93.2,0.121,1.2,43.3,26.7,0.902,87.13,9.9,4.37
82.2,0.106,2.11,46.5,30.9,0.961,89.08,8.13,5.72
75.9,0.111,2.27,45.2,30.7,0.969,89.72,7.98,5.66
72.5,0.113,1.89,39.3,25.7,0.919,87.72,7.31,5.37
63.6,0.105,1.75,32.5,20.2,0.919,88.71,5.99,5.43
75.9,0.141,2.25,54.1,39.6,0.976,88.71,10.21,5.3
78.1,0.1,2.05,40.5,25.6,0.952,88.77,7.26,5.57
60.1,0.133,1.86,35.2,23.4,0.913,89.65,7.11,4.95
79.0,0.094,1.29,33.4,19.0,0.936,87.15,6.81,4.9
73.1,0.123,1.68,40.7,27.6,0.973,88.24,8.51,4.78
52.1,0.086,2.57,27.8,17.4,0.95,89.77,4.13,6.74
64.7,0.101,1.62,30.8,18.0,0.933,88.37,5.97,5.16
70.0,0.119,2.43,43.3,29.6,0.912,89.58,7.39,5.86
97.7,0.106,2.79,59.6,41.8,0.958,89.92,9.63,6.19
81.7,0.16,1.7,52.9,38.0,0.922,88.4,11.73,4.51
59.0,0.116,1.88,34.4,22.6,0.945,88.81,6.29,5.47
80.8,0.11,2.59,49.5,35.0,0.948,89.49,8.23,6.02
56.4,0.115,2.72,35.5,24.8,0.944,90.29,6.0,5.92
88.0,0.114,1.78,45.3,29.7,0.92,88.08,8.96,5.05
69.3,0.101,1.29,31.5,18.1,0.957,87.27,6.56,4.81
73.9,0.103,2.73,43.4,30.2,0.945,89.43,6.98,6.22
90.9,0.125,2.39,56.7,40.0,0.932,89.19,10.33,5.49
59.6,0.117,2.3,36.5,24.0,0.904,89.78,6.15,5.93
58.2,0.091,2.56,32.0,20.5,0.927,89.43,4.77,6.7
68.0,0.116,1.51,33.3,20.8,0.928,88.43,7.16,4.65
87.5,0.101,2.3,47.8,32.0,0.963,88.51,8.31,5.75
56.8,0.113,1.96,30.8,20.3,0.941,89.2,5.9,5.23
50.0,0.107,2.4,31.0,21.4,0.975,89.67,5.1,6.08
69.6,0.088,2.5,36.3,23.4,0.96,89.5,5.75,6.31
81.6,0.122,2.59,52.4,37.7,0.943,90.37,9.15,5.73
89.4,0.139,2.4,60.1,43.8,0.914,89.77,11.07,5.43
69.4,0.145,2.23,46.5,34.5,0.918,89.41,9.01,5.16
70.1,0.094,2.24,33.8,21.1,0.913,89.27,5.86,5.78
88.8,0.102,2.28,48.3,31.9,0.935,88.89,8.26,5.85
52.6,0.096,1.79,26.7,15.4,0.958,88.64,4.73,5.64
70.3,0.099,1.91,35.8,22.4,0.961,88.53,6.5,5.51
77.3,0.108,2.3,42.5,28.4,0.908,88.97,7.4,5.73
80.4,0.107,2.43,46.4,31.2,0.94,88.82,7.91,5.87
68.9,0.141,1.77,43.2,29.8,0.939,88.57,8.88,4.87
75.4,0.097,1.56,32.9,19.2,0.935,88.21,6.65,4.95
50.0,0.136,1.26,27.1,17.5,0.924,87.91,6.11,4.44
67.1,0.119,1.47,35.0,21.6,0.938,88.22,7.29,4.8
80.4,0.141,1.83,49.8,35.4,0.941,88.64,10.43,4.78
63.2,0.112,1.88,35.1,22.3,0.948,89.13,6.56,5.35
75.7,0.102,1.96,39.7,25.3,0.93,88.49,7.01,5.66
80.4,0.084,1.5,34.9,19.6,0.976,87.13,6.39,5.46
70.9,0.096,1.2,30.7,17.0,0.927,87.59,6.15,5.0
77.0,0.095,2.16,41.1,26.4,0.972,88.95,6.93,5.94
63.4,0.1,2.16,34.6,22.9,0.964,89.03,5.96,5.8
72.5,0.11,2.41,42.7,28.8,0.937,89.29,7.28,5.86
82.3,0.127,2.51,55.0,39.3,0.94,89.36,9.6,5.73
76.9,0.13,2.3,50.7,36.5,0.97,89.6,9.44,5.37
68.0,0.112,2.16,38.1,26.0,0.939,88.67,6.96,5.47
77.7,0.091,2.54,41.7,27.8,0.954,88.51,6.54,6.38
83.6,0.114,2.81,54.3,39.6,0.965,89.53,8.96,6.07
50.4,0.11,1.76,27.1,17.2,0.973,88.29,5.24,5.18
88.9,0.113,2.49,53.1,37.4,0.917,88.53,8.96,5.92
71.0,0.141,1.79,43.1,30.0,0.978,89.32,9.51,4.53
80.1,0.09,2.21,42.4,26.8,0.977,88.88,6.89,6.15
89.4,0.108,2.63,54.9,38.3,0.924,89.29,8.66,6.34
58.5,0.09,1.96,28.1,16.5,0.949,88.46,4.86,5.8
66.5,0.101,1.62,32.3,19.2,0.904,88.78,5.89,5.48
71.5,0.09,1.87,32.5,19.6,0.913,88.88,5.74,5.67
65.6,0.116,1.62,33.5,21.4,0.947,88.01,7.0,4.79
95.8,0.133,1.56,54.1,36.7,0.952,88.08,11.85,4.56
64.7,0.116,2.7,43.2,31.1,0.943,89.6,6.91,6.26
68.3,0.089,2.37,34.9,22.2,0.956,89.11,5.65,6.19
77.5,0.104,1.74,38.6,24.0,0.963,88.78,7.6,5.08
60.6,0.1,1.61,27.4,15.3,0.913,88.2,5.37,5.1
70.3,0.085,1.64,30.7,17.2,0.953,88.43,5.52,5.56
78.8,0.148,1.74,50.2,35.1,0.945,88.29,10.75,4.67
71.0,0.146,2.68,52.9,40.6,0.909,89.77,9.18,5.76
73.9,0.094,2.04,38.2,23.6,0.918,88.64,6.22,6.14
68.6,0.124,3.17,50.6,37.3,0.934,89.78,7.73,6.54
56.8,0.11,2.08,32.8,21.8,0.969,89.27,5.89,5.56
78.9,0.108,1.81,38.6,24.6,0.917,88.59,7.59,5.09
96.1,0.167,2.56,76.8,59.5,0.915,89.87,14.27,5.38
75.2,0.121,1.26,36.6,22.9,0.958,87.79,8.47,4.32
77.7,0.096,2.19,41.2,26.3,0.978,89.17,7.13,5.78
83.3,0.106,1.49,39.8,24.1,0.936,87.29,8.07,4.92
59.8,0.104,1.2,26.7,15.4,0.928,87.36,5.65,4.74
95.4,0.122,2.04,54.9,38.2,0.92,88.57,10.41,5.27
77.4,0.101,2.52,42.6,28.3,0.904,89.54,6.89,6.19
94.6,0.126,2.21,57.6,40.1,0.914,89.49,10.67,5.4
66.2,0.115,2.15,36.5,23.7,0.907,89.55,6.72,5.43
96.8,0.083,1.2,36.7,19.7,0.94,87.17,7.39,4.96
84.3,0.092,2.02,41.5,26.2,0.978,88.83,7.38,5.62
81.6,0.097,2.03,41.8,26.4,0.963,89.02,7.4,5.65
77.8,0.107,2.41,45.0,30.6,0.948,88.96,7.66,5.87
72.0,0.095,1.57,32.2,18.7,0.939,88.03,6.28,5.13
89.4,0.093,2.51,48.4,31.4,0.949,89.22,7.71,6.28
76.7,0.127,1.85,43.1,29.3,0.93,88.95,8.83,4.88
51.4,0.131,1.95,30.7,20.0,0.914,89.11,5.99,5.13
61.6,0.108,2.36,36.1,24.5,0.947,89.13,6.13,5.9
72.8,0.106,1.51,35.1,21.6,0.942,87.37,7.07,4.97
78.7,0.106,2.51,47.3,32.6,0.976,89.42,7.92,5.96
74.3,0.146,1.42,43.3,29.3,0.952,87.9,10.1,4.29
89.6,0.094,2.43,48.3,31.7,0.962,89.15,7.88,6.12
51.6,0.159,1.98,36.1,26.0,0.907,90.07,7.27,4.97
76.7,0.1,2.02,40.2,25.6,0.961,88.85,7.17,5.61
53.2,0.104,1.2,24.6,14.1,0.979,87.54,5.27,4.67
84.1,0.104,1.8,42.7,27.4,0.953,88.76,8.12,5.25
73.9,0.094,1.99,36.2,22.9,0.959,89.12,6.5,5.58
80.0,0.087,2.87,46.5,31.4,0.978,88.47,6.66,6.99
64.6,0.102,2.08,33.8,21.3,0.931,89.3,5.99,5.64
90.4,0.111,1.77,48.2,32.0,0.966,88.5,9.4,5.12
87.5,0.138,2.52,60.6,45.1,0.932,89.65,10.98,5.51
82.0,0.104,1.85,40.8,25.9,0.934,88.67,7.79,5.23
73.4,0.109,2.62,43.7,30.7,0.953,89.37,7.45,5.86
82.0,0.105,2.23,45.8,30.3,0.921,88.16,7.75,5.92
66.5,0.129,1.65,38.2,25.6,0.979,88.48,8.22,4.65
85.3,0.105,2.57,50.0,34.3,0.926,88.58,8.09,6.19
94.8,0.121,2.4,58.1,41.1,0.91,88.56,10.16,5.72
87.8,0.1,2.55,49.6,32.9,0.926,89.49,7.97,6.23
66.2,0.111,2.01,38.3,25.4,0.968,88.86,6.96,5.5
79.3,0.136,2.4,53.5,38.9,0.925,89.65,9.71,5.51
59.5,0.105,3.06,38.4,27.0,0.949,89.86,5.8,6.62
81.9,0.087,2.19,39.5,24.6,0.975,89.2,6.79,5.82
80.4,0.116,1.9,43.9,29.1,0.921,88.77,8.35,5.26
52.6,0.104,2.87,32.5,21.9,0.911,89.66,4.87,6.67
61.1,0.106,2.43,35.3,23.4,0.908,90.02,5.74,6.15
71.6,0.115,1.87,38.7,25.3,0.935,88.65,7.49,5.17
71.4,0.134,2.97,53.4,39.4,0.908,90.13,8.5,6.28
60.5,0.097,1.5,27.3,16.4,0.936,88.24,5.35,5.09
79.7,0.11,2.36,46.4,31.9,0.969,88.77,8.25,5.63
78.0,0.119,2.67,53.1,38.3,0.962,89.88,8.7,6.1
72.7,0.126,2.64,50.3,36.1,0.947,90.18,8.48,5.93
65.9,0.097,1.65,30.6,17.9,0.968,87.92,6.06,5.05
87.6,0.108,1.48,42.2,25.6,0.908,87.75,8.35,5.05
94.9,0.093,2.21,49.2,31.4,0.949,89.1,8.13,6.06
69.2,0.108,2.45,39.8,26.8,0.909,88.84,6.6,6.02
67.7,0.117,1.56,35.4,22.9,0.939,88.56,7.26,4.87
80.9,0.094,2.25,41.0,26.4,0.937,88.46,6.95,5.9
70.7,0.124,1.37,34.9,22.2,0.921,87.79,7.84,4.45
73.3,0.124,2.63,51.0,37.8,0.966,89.59,8.55,5.97
83.9,0.112,1.81,43.6,28.6,0.918,88.11,8.42,5.18
52.1,0.086,2.02,25.2,15.4,0.944,88.65,4.12,6.13
90.8,0.118,2.53,58.2,41.2,0.939,89.24,9.8,5.93
75.9,0.089,2.49,38.2,24.3,0.935,89.59,6.14,6.22
70.1,0.118,2.34,41.3,28.6,0.903,89.59,7.27,5.68
73.9,0.113,2.61,47.0,33.3,0.956,88.94,7.79,6.04
74.5,0.112,2.3,43.3,29.3,0.901,89.43,7.36,5.88
54.2,0.087,2.82,31.5,20.9,0.966,89.63,4.46,7.05
92.9,0.112,1.24,42.9,26.1,0.921,86.83,9.32,4.6
75.5,0.122,2.07,42.6,29.3,0.91,88.96,8.16,5.23
80.3,0.095,2.05,39.5,24.3,0.933,88.88,6.98,5.66
86.4,0.129,1.99,52.5,36.9,0.945,88.39,10.29,5.11
62.7,0.093,2.35,32.2,20.7,0.925,89.02,5.25,6.13
80.7,0.115,2.21,45.5,30.6,0.91,88.71,8.23,5.52
71.8,0.141,2.51,49.5,36.2,0.901,89.53,8.9,5.57
85.2,0.107,1.51,41.2,25.5,0.956,87.95,8.52,4.83
50.0,0.088,3.2,31.6,20.5,0.971,89.85,4.15,7.6
73.8,0.128,1.9,41.7,28.2,0.908,89.23,8.36,4.99
67.8,0.113,2.24,39.5,26.4,0.918,88.53,6.85,5.76
80.2,0.149,2.0,51.7,37.0,0.902,89.19,10.5,4.92
80.6,0.097,2.14,42.5,27.7,0.971,88.79,7.43,5.72
66.5,0.121,1.83,37.3,24.1,0.936,88.34,7.35,5.08
66.5,0.127,2.2,42.5,29.8,0.974,89.22,8.01,5.3
73.7,0.09,2.39,39.4,25.0,0.937,89.07,6.05,6.51
64.2,0.1,1.2,28.1,15.9,0.969,87.3,6.06,4.64
85.1,0.094,1.94,42.9,26.8,0.976,88.59,7.61,5.64
70.6,0.136,1.92,42.4,29.3,0.927,88.47,8.66,4.9
50.0,0.114,3.2,36.3,26.5,0.951,89.92,5.27,6.89
70.5,0.123,2.53,47.7,34.2,0.953,89.09,8.05,5.92
62.5,0.13,2.85,44.4,32.3,0.902,90.02,7.16,6.2
55.4,0.083,2.38,26.7,16.4,0.935,89.11,4.21,6.35
60.2,0.151,2.14,42.5,30.8,0.968,89.56,8.59,4.94
76.3,0.097,2.28,42.3,28.4,0.976,90.14,7.07,5.98
90.9,0.131,2.66,65.5,48.6,0.972,89.14,11.33,5.78
78.8,0.14,2.98,62.3,48.0,0.978,89.94,10.53,5.92
67.7,0.087,2.25,33.3,20.6,0.952,89.18,5.48,6.08
80.5,0.133,1.79,46.3,31.8,0.919,88.9,9.58,4.83
69.5,0.104,2.56,40.7,27.2,0.946,89.65,6.69,6.08
66.7,0.118,1.67,35.1,22.3,0.934,88.72,7.15,4.91
61.1,0.111,2.3,35.5,22.8,0.921,89.33,6.12,5.81
54.0,0.088,2.44,30.0,18.8,0.962,89.39,4.44,6.74
70.3,0.13,2.05,43.5,30.5,0.95,89.04,8.5,5.12
76.9,0.143,1.65,45.2,31.5,0.963,88.43,10.31,4.39
73.8,0.111,1.87,38.3,24.7,0.922,88.29,7.4,5.18
70.0,0.084,1.94,32.2,19.1,0.972,88.86,5.59,5.76
63.7,0.108,1.57,30.2,18.7,0.919,88.7,6.14,4.92
82.3,0.13,1.91,48.4,33.6,0.948,88.7,9.92,4.88
59.2,0.139,1.37,32.2,20.3,0.905,88.24,7.28,4.43
84.3,0.107,2.4,47.6,32.5,0.943,89.68,8.26,5.76
63.0,0.094,2.27,30.9,19.2,0.908,89.57,5.24,5.9
66.0,0.125,2.23,40.3,27.6,0.927,89.79,7.44,5.42
57.4,0.132,1.91,34.9,24.0,0.969,89.39,7.15,4.88
69.0,0.145,1.97,45.6,32.5,0.971,89.16,9.49,4.8
86.7,0.128,1.69,48.3,32.3,0.961,88.26,10.38,4.66
81.2,0.11,2.35,46.2,31.4,0.929,89.25,8.06,5.73
86.7,0.093,1.42,38.4,22.2,0.946,87.59,7.47,5.14
81.3,0.09,2.14,39.5,24.2,0.918,88.39,6.52,6.06
61.8,0.122,1.78,33.1,21.1,0.954,89.36,7.03,4.71
71.0,0.106,2.98,46.1,32.2,0.928,90.15,6.81,6.77
65.6,0.139,2.36,44.4,31.5,0.918,90.04,8.14,5.45
91.0,0.127,2.1,56.1,39.7,0.947,89.51,10.67,5.26
60.6,0.098,1.55,27.9,16.5,0.909,88.41,5.29,5.27
85.7,0.145,1.42,49.0,33.2,0.955,88.16,11.58,4.23
85.7,0.13,2.35,54.7,39.0,0.915,89.36,9.95,5.5
97.0,0.121,3.0,67.6,50.1,0.944,89.35,10.81,6.25
70.1,0.124,2.3,43.9,31.0,0.931,89.47,7.88,5.58
83.5,0.149,2.19,59.4,44.0,0.945,89.09,11.46,5.18
100.0,0.116,2.19,57.6,39.0,0.92,88.79,10.43,5.52
67.6,0.11,2.15,37.6,24.5,0.925,88.77,6.68,5.63
56.6,0.113,2.2,33.6,22.5,0.911,89.16,5.66,5.94
52.4,0.133,1.76,32.1,21.2,0.962,89.58,6.55,4.9
83.6,0.112,1.61,40.3,24.7,0.906,88.56,8.26,4.88
52.4,0.113,2.15,29.4,19.1,0.93,89.16,5.37,5.47
70.5,0.091,2.85,40.6,27.3,0.936,89.73,5.83,6.95
80.2,0.087,2.49,41.1,25.9,0.916,88.81,6.22,6.62
77.2,0.101,1.48,35.0,20.5,0.931,87.6,7.11,4.92
80.1,0.101,1.97,40.9,25.9,0.933,89.16,7.34,5.57
77.7,0.131,2.46,50.7,36.7,0.918,89.19,9.13,5.55
90.3,0.097,2.86,52.1,35.8,0.951,88.58,8.09,6.44
63.6,0.106,3.0,39.7,27.5,0.902,89.54,5.92,6.7
66.9,0.13,1.99,40.7,27.5,0.916,89.05,7.79,5.22
65.7,0.113,2.51,40.8,27.5,0.95,89.44,6.9,5.91
85.0,0.099,2.22,44.4,29.2,0.95,88.27,7.81,5.69
85.8,0.085,2.04,38.4,22.9,0.921,88.6,6.52,5.89
80.4,0.113,2.13,46.1,31.0,0.955,89.68,8.49,5.42
89.2,0.128,2.14,55.6,38.5,0.938,89.16,10.4,5.35
60.9,0.134,2.69,42.6,31.3,0.942,89.92,7.47,5.71
95.0,0.146,1.4,51.9,35.5,0.927,88.11,12.55,4.14
93.3,0.128,2.33,61.3,44.4,0.979,89.22,11.38,5.39
83.8,0.138,2.87,62.9,48.0,0.959,89.83,10.84,5.8
96.4,0.093,2.82,54.1,36.5,0.92,89.02,8.07,6.7
55.1,0.155,2.38,41.7,30.6,0.919,90.22,7.67,5.44
68.7,0.131,1.72,40.3,27.4,0.962,88.67,8.44,4.77
66.2,0.13,2.49,43.7,31.3,0.931,89.18,7.81,5.59
83.7,0.117,2.76,53.5,38.4,0.907,90.15,8.69,6.16
62.4,0.1,1.84,30.4,18.4,0.903,88.93,5.5,5.53
84.1,0.095,2.28,43.8,28.9,0.933,88.65,7.29,6.01
91.4,0.096,2.0,45.1,28.7,0.933,88.6,8.0,5.65
83.3,0.117,1.79,45.6,30.6,0.957,88.16,9.13,4.99
78.4,0.118,1.94,44.2,29.5,0.946,89.0,8.56,5.16
63.1,0.141,2.16,43.6,31.3,0.962,89.89,8.32,5.24
64.8,0.126,1.64,35.3,22.4,0.925,89.02,7.4,4.77
90.0,0.14,1.56,50.7,34.7,0.95,88.47,11.68,4.34
84.4,0.103,1.66,43.2,27.8,0.971,88.05,8.26,5.22
74.5,0.118,2.26,42.8,28.5,0.906,89.65,7.76,5.52
70.0,0.157,1.37,41.6,28.2,0.957,88.11,10.26,4.06
50.7,0.092,1.2,21.8,12.0,0.957,87.4,4.34,5.03
62.1,0.1,2.79,36.3,24.9,0.964,89.37,5.82,6.24
97.9,0.152,1.59,60.1,41.7,0.922,88.46,13.4,4.49
59.6,0.126,2.0,35.7,24.8,0.933,89.85,6.85,5.21
77.3,0.147,2.56,56.8,43.0,0.919,90.1,10.16,5.59
87.1,0.102,1.38,38.9,22.9,0.925,87.75,8.01,4.85
59.9,0.092,1.38,26.1,14.1,0.977,88.09,5.23,4.99
77.2,0.105,1.78,37.8,23.8,0.936,88.45,7.37,5.13
86.3,0.149,2.58,67.9,51.8,0.968,89.43,12.14,5.59
75.1,0.152,2.09,51.6,37.9,0.964,88.85,10.7,4.82
100.0,0.105,2.1,54.2,35.9,0.936,88.2,9.6,5.65
55.0,0.141,1.95,35.8,24.7,0.979,89.55,7.41,4.83
87.7,0.137,2.38,61.1,45.4,0.967,88.72,11.36,5.38
72.9,0.12,2.82,49.4,35.3,0.939,89.78,8.0,6.17
84.3,0.101,3.2,52.4,37.3,0.925,89.64,7.64,6.86
80.3,0.119,2.03,45.0,31.2,0.906,88.41,8.45,5.33
66.2,0.085,2.86,35.3,22.8,0.937,89.73,5.11,6.91
77.7,0.105,2.6,46.7,32.1,0.929,89.21,7.42,6.29
52.7,0.113,2.23,31.5,20.8,0.957,88.96,5.56,5.67
82.2,0.092,1.2,33.6,18.0,0.902,86.24,6.67,5.04
78.6,0.103,1.91,40.5,26.3,0.967,88.62,7.65,5.29
82.7,0.098,1.93,40.1,24.8,0.933,88.57,7.39,5.42
87.7,0.096,2.28,44.8,29.0,0.938,88.84,7.69,5.83
79.4,0.146,2.0,50.8,36.1,0.915,89.62,10.32,4.93
76.8,0.143,1.82,49.7,34.5,0.975,89.03,10.45,4.76
64.4,0.107,3.12,42.7,30.5,0.932,89.61,6.24,6.85
66.5,0.113,2.75,42.3,30.1,0.967,89.59,7.09,5.97
89.2,0.121,1.2,41.2,25.0,0.919,87.44,9.65,4.27
92.2,0.107,1.96,48.2,31.1,0.908,88.16,8.76,5.51
72.1,0.104,2.42,41.5,27.8,0.951,89.35,6.96,5.97
75.6,0.109,2.77,48.4,33.9,0.979,89.6,7.88,6.14
64.1,0.085,1.89,30.4,17.4,0.952,88.96,5.05,6.03
89.1,0.109,1.99,49.3,32.3,0.949,88.7,8.97,5.49
83.0,0.12,2.15,48.3,33.3,0.935,88.74,9.11,5.3
98.3,0.096,2.43,53.1,35.0,0.923,88.89,8.5,6.24
64.5,0.103,1.33,28.1,16.5,0.934,87.89,6.04,4.65
70.5,0.115,1.2,32.6,18.8,0.912,87.33,7.21,4.52
77.8,0.144,2.73,57.1,43.3,0.921,90.28,10.05,5.68
82.8,0.109,1.6,41.0,26.3,0.939,87.65,8.25,4.97
72.4,0.112,3.16,48.5,35.0,0.912,89.72,7.21,6.73
64.5,0.095,1.67,31.5,18.8,0.963,88.35,5.78,5.45
85.6,0.112,2.01,44.8,29.5,0.901,89.04,8.4,5.33
83.7,0.119,2.28,50.0,34.8,0.926,89.5,8.99,5.57
64.0,0.11,1.2,28.4,16.5,0.941,87.33,6.48,4.38
91.3,0.087,3.2,54.6,38.0,0.974,89.08,7.55,7.24
89.0,0.114,1.9,48.5,31.9,0.946,88.66,9.33,5.2
76.6,0.098,1.68,36.6,22.4,0.924,87.82,6.75,5.43
76.0,0.082,1.52,30.9,17.0,0.928,87.52,5.65,5.48
81.6,0.096,2.28,43.2,27.5,0.927,89.14,7.11,6.08
64.7,0.13,2.25,42.6,29.9,0.914,89.69,7.51,5.68
75.4,0.098,1.53,34.1,20.4,0.912,87.7,6.58,5.19
50.0,0.122,1.41,25.8,16.1,0.938,88.03,5.57,4.63
85.5,0.112,2.63,51.5,36.0,0.922,89.05,8.58,6.0
56.3,0.109,1.77,28.7,17.3,0.907,88.56,5.41,5.31
93.0,0.1,1.24,38.8,22.9,0.917,86.94,8.31,4.67
71.0,0.142,2.03,46.4,32.5,0.942,89.79,9.25,5.02
72.5,0.148,1.9,46.1,32.6,0.921,89.72,9.65,4.77
67.5,0.117,3.08,45.3,33.0,0.919,89.55,7.05,6.43
71.5,0.117,1.84,39.7,26.2,0.95,88.91,7.74,5.13
92.0,0.093,1.95,44.8,28.0,0.955,88.46,7.99,5.61
50.0,0.111,2.21,29.5,19.2,0.919,89.6,4.99,5.92
90.3,0.111,1.81,48.5,31.6,0.938,88.07,9.21,5.27
79.1,0.096,2.32,43.0,28.2,0.961,88.75,7.1,6.05
60.5,0.15,1.59,37.1,25.2,0.955,89.03,8.47,4.38
62.1,0.118,1.98,33.8,21.9,0.906,89.03,6.48,5.22
95.1,0.123,2.3,59.1,41.6,0.929,89.11,10.59,5.59
63.7,0.113,2.67,40.9,28.9,0.958,89.34,6.69,6.11
61.2,0.124,1.81,35.1,23.4,0.914,88.81,6.75,5.2
88.6,0.105,1.8,43.3,27.7,0.916,87.87,8.29,5.23
79.1,0.126,2.87,56.1,40.8,0.95,89.82,9.25,6.07
63.7,0.099,1.82,30.3,18.3,0.923,88.56,5.7,5.31
77.6,0.133,2.07,48.0,33.2,0.926,89.31,9.31,5.16
62.7,0.105,2.96,41.6,29.1,0.942,89.63,6.05,6.88
88.2,0.123,2.13,53.7,38.2,0.96,89.1,10.16,5.29
87.7,0.114,1.98,47.8,31.7,0.94,89.35,9.15,5.22
81.4,0.096,2.01,41.5,26.3,0.971,88.46,7.38,5.63
79.3,0.145,1.73,46.5,32.0,0.909,89.01,10.19,4.56
96.1,0.109,2.33,54.7,37.9,0.96,88.69,9.84,5.56
75.0,0.116,1.64,40.4,25.8,0.943,88.33,8.02,5.04
60.8,0.13,2.49,42.9,30.9,0.965,90.0,7.45,5.76
80.4,0.134,2.11,50.3,35.4,0.925,89.34,9.75,5.16
100.0,0.138,2.22,66.3,48.7,0.939,89.34,12.59,5.27
62.8,0.102,2.96,39.8,28.2,0.966,90.06,6.03,6.6
70.7,0.101,1.38,32.6,19.3,0.967,87.88,6.74,4.84
80.0,0.109,2.11,43.8,29.2,0.93,89.27,7.93,5.52
74.4,0.139,2.42,52.2,38.2,0.966,89.75,9.72,5.37
63.2,0.153,1.79,42.5,30.3,0.955,89.03,9.02,4.72
88.5,0.125,2.58,58.6,42.6,0.933,89.69,10.05,5.83
100.0,0.086,1.83,46.4,27.7,0.978,87.85,8.16,5.69
77.4,0.151,2.25,52.4,38.3,0.902,89.87,10.28,5.1
64.2,0.122,2.04,38.0,26.2,0.931,88.81,7.1,5.36
56.4,0.106,2.18,30.2,19.0,0.925,89.21,5.37,5.63
78.1,0.112,2.14,45.0,30.3,0.975,88.79,8.29,5.43
88.2,0.116,2.08,49.2,33.4,0.908,89.02,9.1,5.4
80.7,0.148,1.86,52.0,37.2,0.95,88.87,11.07,4.7
75.0,0.136,1.77,43.9,30.6,0.957,88.86,9.53,4.61
67.9,0.087,2.26,33.7,21.1,0.915,88.96,5.26,6.41
61.9,0.114,2.13,35.9,23.6,0.912,89.65,6.27,5.72
85.0,0.095,1.75,39.1,24.0,0.904,88.36,7.13,5.48
86.0,0.14,2.27,56.6,41.3,0.913,89.49,10.71,5.29
56.5,0.133,1.87,34.5,23.8,0.965,89.27,7.04,4.9
94.1,0.1,2.88,59.4,41.8,0.976,88.92,8.91,6.66
81.9,0.118,3.2,61.4,45.9,0.972,89.4,9.12,6.73
91.8,0.145,2.79,69.3,53.4,0.929,89.83,12.06,5.75
58.9,0.13,2.77,44.0,33.3,0.958,89.54,7.16,6.14
58.6,0.109,2.51,36.2,24.8,0.966,89.62,6.04,5.99
73.2,0.107,2.0,39.3,26.2,0.965,88.91,7.35,5.35
81.0,0.116,1.2,38.5,23.0,0.905,86.64,8.32,4.62
96.6,0.15,1.59,56.7,40.2,0.917,88.34,12.98,4.37
83.5,0.102,1.76,41.4,26.4,0.975,88.31,8.08,5.13
72.1,0.131,2.7,51.8,38.2,0.959,90.54,8.83,5.86
62.7,0.09,2.23,32.9,20.3,0.967,89.11,5.33,6.17
89.8,0.123,1.77,48.4,32.0,0.941,88.8,10.17,4.76
63.4,0.088,1.2,26.3,14.0,0.931,87.21,5.07,5.19
94.5,0.125,3.2,70.6,53.4,0.952,89.7,10.93,6.46
71.6,0.131,2.37,46.9,33.0,0.938,89.88,8.58,5.47
94.1,0.101,2.55,54.1,36.9,0.93,88.52,8.58,6.3
83.1,0.142,1.83,51.6,36.0,0.928,88.89,10.7,4.82
73.4,0.132,2.03,45.2,31.2,0.913,89.33,8.64,5.23
68.8,0.111,1.93,37.6,24.2,0.942,88.56,6.98,5.38
70.9,0.131,2.13,44.0,31.5,0.942,89.35,8.53,5.16
80.1,0.083,3.02,43.2,29.0,0.947,89.3,6.17,7.0
75.9,0.148,1.5,43.5,29.1,0.909,88.38,9.97,4.36
67.9,0.089,2.08,35.0,21.3,0.973,88.54,5.72,6.11
73.0,0.097,2.28,39.7,25.9,0.959,88.82,6.64,5.98
75.9,0.083,2.04,35.2,21.2,0.91,88.49,5.58,6.31
50.0,0.118,2.6,30.8,20.4,0.906,90.05,5.19,5.94
80.5,0.09,1.23,34.3,18.9,0.951,86.97,6.75,5.08
63.2,0.126,3.04,46.1,33.7,0.927,90.11,7.21,6.4
61.2,0.114,1.41,29.6,17.9,0.926,87.97,6.3,4.7
54.8,0.088,1.53,24.9,14.2,0.967,87.83,4.56,5.47
53.5,0.115,1.88,29.0,18.3,0.928,88.99,5.56,5.22
58.7,0.102,1.78,29.9,18.0,0.951,88.41,5.53,5.4
66.5,0.128,2.31,43.8,31.0,0.943,88.51,7.81,5.62
98.4,0.094,2.25,49.7,31.7,0.921,88.63,8.32,5.97
68.7,0.106,2.16,37.4,24.0,0.927,89.04,6.57,5.69
77.1,0.103,1.39,35.5,21.2,0.975,88.05,7.59,4.68
79.8,0.119,2.03,45.7,30.8,0.927,89.21,8.57,5.33
76.6,0.101,2.11,40.9,25.8,0.963,89.06,7.25,5.64
74.1,0.142,2.72,57.4,43.8,0.969,89.57,9.95,5.77
60.7,0.13,2.2,38.8,27.3,0.906,89.94,6.98,5.56
92.4,0.12,2.29,56.5,40.1,0.953,89.13,10.33,5.47
96.7,0.15,3.08,82.5,64.9,0.96,89.71,13.53,6.1
54.8,0.085,1.52,23.9,13.0,0.935,87.78,4.25,5.62
62.7,0.129,1.91,36.2,25.0,0.946,88.95,7.44,4.87
71.6,0.134,1.53,39.7,25.9,0.913,88.32,8.53,4.66
63.4,0.102,2.9,38.7,27.0,0.925,89.34,5.86,6.61
81.1,0.119,2.94,57.5,42.4,0.957,89.65,8.96,6.42
66.3,0.121,2.86,46.4,33.7,0.948,89.8,7.43,6.24
100.0,0.092,2.37,50.0,33.2,0.911,88.93,8.14,6.15
89.3,0.128,2.29,57.8,42.5,0.979,89.16,10.9,5.3
77.6,0.136,1.87,48.0,34.0,0.975,88.36,10.06,4.77
87.3,0.108,2.48,50.5,34.0,0.918,89.06,8.46,5.97
88.3,0.093,1.46,38.6,23.3,0.97,87.11,7.78,4.96
68.2,0.091,1.46,30.3,16.9,0.921,87.57,5.58,5.42
65.2,0.101,1.89,32.4,20.7,0.945,88.45,6.05,5.36
75.9,0.141,3.04,60.0,46.7,0.963,90.76,10.07,5.96
85.3,0.12,1.84,48.0,32.2,0.928,88.52,9.3,5.16
76.7,0.116,1.91,42.2,27.9,0.944,89.07,8.21,5.14
56.1,0.124,2.24,33.7,23.4,0.936,89.51,6.33,5.32
65.4,0.135,2.55,46.2,34.2,0.961,89.78,8.25,5.6
74.1,0.119,2.73,49.4,35.4,0.938,89.49,8.09,6.11
74.1,0.172,1.54,48.5,34.8,0.945,88.6,11.71,4.14
98.7,0.115,2.05,56.7,38.6,0.968,88.43,10.67,5.31
58.4,0.141,2.21,38.9,27.7,0.956,89.89,7.64,5.09
81.1,0.148,2.26,57.9,42.5,0.942,89.54,11.05,5.24
92.9,0.123,2.53,58.8,42.4,0.937,89.76,10.4,5.65
100.0,0.107,2.51,57.3,39.1,0.91,88.9,9.49,6.04
70.1,0.102,2.11,35.6,22.9,0.905,88.92,6.34,5.62
80.9,0.11,2.68,52.4,37.3,0.976,89.42,8.45,6.2
81.8,0.112,2.58,49.4,34.1,0.915,89.57,8.15,6.06
77.3,0.131,2.54,51.4,37.4,0.922,89.68,9.14,5.62
73.8,0.102,1.84,38.6,24.6,0.949,89.06,7.0,5.52
80.2,0.1,2.46,46.6,31.5,0.966,90.06,7.55,6.17
50.0,0.091,2.7,29.1,18.9,0.967,89.94,4.27,6.83
83.2,0.145,1.84,53.4,38.4,0.966,89.1,11.35,4.7
76.5,0.116,2.17,45.3,31.2,0.978,88.44,8.44,5.37
72.3,0.087,2.88,40.0,25.8,0.904,89.85,5.53,7.23
99.6,0.11,2.3,56.3,38.7,0.932,89.28,9.92,5.67
66.9,0.1,2.06,35.1,22.3,0.973,89.5,6.33,5.54
70.2,0.126,2.83,49.3,36.1,0.937,90.12,8.07,6.1
98.9,0.08,1.86,43.4,25.4,0.97,87.65,7.49,5.79
65.0,0.103,1.25,28.0,15.0,0.901,87.04,5.87,4.77
68.4,0.093,1.71,32.4,19.7,0.94,87.96,5.83,5.56
73.2,0.107,2.67,44.8,30.9,0.974,89.51,7.44,6.02
85.1,0.123,2.36,54.5,38.6,0.921,89.04,9.41,5.79
77.5,0.128,2.13,48.9,34.6,0.974,89.54,9.45,5.17
59.5,0.122,2.63,38.5,27.3,0.901,89.64,6.36,6.05
68.6,0.097,2.18,35.5,22.5,0.906,88.94,5.9,6.02
67.7,0.094,1.99,32.9,20.0,0.938,88.89,5.84,5.63
74.1,0.095,2.52,38.9,25.7,0.909,89.06,6.23,6.24
80.1,0.104,1.91,40.3,25.8,0.918,88.31,7.48,5.39
80.0,0.085,2.35,39.2,24.1,0.924,88.26,6.15,6.38
53.7,0.089,1.7,25.0,14.6,0.939,88.82,4.37,5.72
87.8,0.083,1.57,35.9,19.7,0.931,87.33,6.59,5.45
78.0,0.088,1.67,35.1,21.0,0.974,87.93,6.55,5.35
91.6,0.096,2.09,46.3,29.6,0.971,88.46,8.36,5.54
80.3,0.098,1.78,39.6,24.7,0.96,87.62,7.39,5.36
88.2,0.086,1.79,39.7,23.5,0.953,88.2,7.05,5.64
80.6,0.116,2.02,45.6,30.9,0.916,89.41,8.38,5.45
91.2,0.128,2.06,55.1,38.5,0.948,89.29,10.78,5.11
81.3,0.143,1.32,44.5,28.7,0.912,87.71,10.35,4.3
73.8,0.133,1.2,37.4,23.4,0.936,87.81,8.94,4.18
100.0,0.101,2.3,55.8,37.2,0.937,88.13,9.21,6.06
85.7,0.131,2.17,54.1,38.4,0.955,89.48,10.43,5.19
81.9,0.116,1.41,40.2,26.2,0.967,87.51,8.98,4.48
59.7,0.12,2.32,36.8,25.0,0.926,89.93,6.49,5.67
59.5,0.099,2.32,32.5,20.2,0.903,89.35,5.21,6.25
78.5,0.092,1.95,37.0,22.4,0.904,88.14,6.37,5.81
76.7,0.105,3.08,51.2,37.2,0.97,89.69,7.64,6.7
67.6,0.09,2.73,38.2,25.3,0.939,89.4,5.57,6.85
76.7,0.122,1.9,42.6,27.8,0.92,88.96,8.37,5.09
94.1,0.107,1.91,48.3,31.2,0.903,88.17,8.88,5.44
83.3,0.11,1.37,39.9,24.9,0.942,87.14,8.45,4.73
61.3,0.143,2.71,45.2,33.8,0.911,90.33,7.78,5.81
73.7,0.093,2.22,38.4,24.3,0.933,88.94,6.21,6.19
65.3,0.084,2.51,33.7,20.0,0.941,89.43,5.03,6.7
70.3,0.12,1.2,33.1,20.3,0.918,87.54,7.59,4.36
70.0,0.104,2.49,40.9,27.4,0.916,89.63,6.53,6.26
69.3,0.115,1.85,36.4,23.0,0.902,89.39,7.0,5.2
59.9,0.129,2.39,38.6,27.4,0.947,89.82,7.12,5.42
73.5,0.165,2.36,57.3,43.2,0.916,89.61,10.81,5.3
68.3,0.137,2.09,45.6,31.9,0.97,89.16,8.82,5.17
50.0,0.108,1.75,26.2,15.9,0.948,88.76,4.98,5.27
99.6,0.096,2.3,51.0,33.2,0.945,88.76,8.79,5.8
88.1,0.116,1.68,45.0,29.4,0.94,88.75,9.37,4.8
70.5,0.096,2.63,38.9,25.5,0.917,89.32,6.07,6.41
75.2,0.122,1.74,41.1,27.1,0.978,89.23,8.74,4.7
60.9,0.153,2.11,43.8,31.8,0.977,90.38,8.88,4.93
95.3,0.171,1.73,65.2,48.1,0.926,89.06,14.73,4.43
97.8,0.119,2.18,58.3,41.0,0.962,89.09,10.89,5.35
76.9,0.101,1.58,34.6,20.3,0.91,87.9,6.89,5.02
87.3,0.113,1.7,46.2,29.7,0.962,88.86,9.26,4.98
77.1,0.11,3.2,52.8,38.2,0.923,89.47,7.66,6.9
59.0,0.091,2.52,31.3,20.0,0.923,89.84,4.84,6.47
70.1,0.116,2.28,41.6,28.9,0.941,88.99,7.45,5.58
76.6,0.1,2.36,41.0,26.9,0.931,89.35,6.93,5.92
69.5,0.108,2.25,38.7,25.7,0.909,89.63,6.68,5.8
72.4,0.119,2.06,42.4,28.8,0.947,89.43,7.94,5.34
73.9,0.148,2.48,54.7,40.1,0.917,89.68,9.81,5.58
74.0,0.145,1.69,45.9,32.2,0.936,88.74,9.8,4.69
75.6,0.101,2.9,45.3,31.1,0.918,90.04,6.87,6.59
62.3,0.123,2.16,38.5,26.2,0.969,89.26,7.26,5.3
66.4,0.141,2.5,48.6,35.8,0.927,89.73,8.48,5.73
59.6,0.1,2.89,36.4,24.3,0.971,90.24,5.63,6.47
86.7,0.12,2.35,52.6,36.9,0.926,89.19,9.43,5.57
50.0,0.1,1.69,23.4,13.7,0.914,88.65,4.45,5.26
88.8,0.115,2.71,56.7,40.7,0.946,90.01,9.41,6.03
91.6,0.119,2.95,63.0,46.7,0.944,89.27,10.08,6.25
71.4,0.138,1.2,37.1,23.6,0.95,87.29,9.14,4.05
50.0,0.149,2.05,34.6,24.6,0.924,89.86,6.71,5.16
70.7,0.141,2.25,47.3,34.1,0.926,89.62,8.99,5.26
74.2,0.138,1.97,46.9,32.8,0.919,88.93,9.16,5.12
62.9,0.111,1.48,31.1,18.8,0.974,88.43,6.63,4.69
68.8,0.095,1.66,31.3,18.6,0.955,88.26,6.08,5.15
93.4,0.087,1.2,36.9,19.7,0.961,86.62,7.64,4.83
83.0,0.138,2.58,58.0,43.2,0.916,89.65,10.23,5.67
63.9,0.138,2.79,49.3,37.4,0.953,89.7,8.21,6.01
55.8,0.112,2.78,37.2,25.7,0.961,89.57,5.84,6.37
71.1,0.145,2.09,45.8,32.6,0.927,88.93,9.32,4.92
72.4,0.11,2.24,40.6,27.1,0.913,89.6,7.07,5.74
81.0,0.123,2.63,55.6,40.0,0.956,89.54,9.29,5.99
68.6,0.151,1.98,45.8,32.8,0.949,89.81,9.57,4.79
81.1,0.086,1.63,35.4,20.5,0.946,87.74,6.42,5.51
98.2,0.115,1.81,51.4,34.0,0.915,88.74,10.06,5.1
84.8,0.127,2.19,51.0,35.2,0.921,88.6,9.64,5.28
74.4,0.094,1.74,36.2,21.7,0.95,88.66,6.48,5.59
72.8,0.125,2.34,47.4,33.8,0.949,89.45,8.45,5.61
70.7,0.096,1.42,31.8,18.0,0.944,87.22,6.23,5.11
89.2,0.123,1.98,53.1,36.9,0.961,87.82,10.24,5.18
67.5,0.115,2.3,41.9,29.4,0.965,89.57,7.28,5.75
75.5,0.139,2.17,48.5,34.6,0.922,89.78,9.44,5.13
75.6,0.096,1.73,35.5,21.7,0.913,88.33,6.48,5.49
69.0,0.103,2.47,39.4,25.8,0.916,89.57,6.32,6.24
58.5,0.134,2.23,37.7,25.9,0.923,89.84,7.03,5.36
78.9,0.096,1.2,32.9,18.1,0.976,86.94,7.23,4.55
74.3,0.116,2.33,43.1,30.1,0.911,89.66,7.62,5.65
81.0,0.124,1.89,47.3,31.8,0.97,88.3,9.48,4.99
68.6,0.114,1.84,36.9,24.0,0.916,88.84,6.99,5.27
89.6,0.131,1.69,48.6,32.5,0.928,88.67,10.62,4.57
64.5,0.142,1.6,37.3,25.1,0.91,88.61,8.12,4.59
95.5,0.124,2.2,56.8,39.5,0.908,89.08,10.51,5.4
54.0,0.093,2.37,29.5,18.7,0.908,88.98,4.44,6.64
80.2,0.104,2.18,43.6,28.3,0.927,88.98,7.52,5.8
80.7,0.102,2.57,47.4,32.3,0.942,89.0,7.57,6.26
65.5,0.127,2.39,41.8,29.3,0.916,89.47,7.43,5.63
80.1,0.102,1.2,35.1,20.4,0.975,87.17,7.73,4.53
90.4,0.084,1.64,39.1,23.0,0.947,87.16,7.02,5.57
50.0,0.146,2.69,39.9,29.7,0.971,89.93,6.89,5.79
81.0,0.094,1.47,34.5,19.3,0.912,87.89,6.74,5.12
50.0,0.107,1.2,23.0,13.3,0.911,87.44,4.76,4.82
63.4,0.124,3.02,47.6,35.9,0.968,89.75,7.42,6.41
94.5,0.107,2.25,54.2,36.8,0.945,89.01,9.36,5.79
68.0,0.108,1.76,36.5,23.8,0.975,88.23,7.0,5.21
60.9,0.175,1.68,41.0,29.8,0.912,88.97,9.48,4.33
72.6,0.103,2.41,39.2,25.9,0.902,89.2,6.6,5.94
99.8,0.146,2.34,71.6,53.4,0.973,89.26,13.78,5.19
53.0,0.103,2.26,29.9,18.8,0.956,89.18,5.1,5.87
62.4,0.138,2.01,40.9,28.5,0.965,89.33,8.08,5.06
93.0,0.091,1.46,39.7,23.6,0.924,87.88,7.66,5.18
97.3,0.095,2.08,46.4,28.8,0.9,88.48,8.15,5.69
73.8,0.135,2.63,53.1,39.0,0.939,89.39,9.14,5.81
60.1,0.104,1.83,30.8,19.8,0.979,88.81,5.97,5.16
100.0,0.164,2.4,80.3,61.7,0.973,88.84,15.52,5.18
94.1,0.117,1.9,49.5,33.2,0.906,89.12,9.77,5.07
83.1,0.121,2.5,53.3,37.8,0.915,88.98,8.96,5.95
65.3,0.104,1.61,31.4,19.1,0.925,88.39,6.11,5.14
74.4,0.092,2.11,38.0,24.0,0.966,88.87,6.43,5.91
73.1,0.107,2.33,43.4,29.7,0.966,88.97,7.4,5.87
79.0,0.085,1.76,34.1,19.8,0.915,88.63,5.97,5.7
92.4,0.13,2.28,59.0,42.0,0.943,89.9,11.03,5.35
85.6,0.1,2.09,44.4,28.8,0.94,88.46,7.86,5.65
62.1,0.117,2.08,35.4,23.2,0.933,89.52,6.61,5.35
91.5,0.123,1.76,50.6,34.2,0.943,88.1,10.38,4.87
78.8,0.1,2.6,44.6,30.1,0.923,89.74,7.13,6.26
83.2,0.118,1.63,44.5,29.0,0.943,88.7,9.06,4.91
92.6,0.107,2.24,51.4,34.9,0.955,89.22,9.19,5.59
61.7,0.105,1.68,30.3,18.0,0.905,87.94,5.69,5.33
74.6,0.116,2.07,43.0,29.0,0.977,88.87,8.24,5.22
68.6,0.104,2.42,39.7,25.9,0.913,89.16,6.34,6.26
56.2,0.15,1.96,36.5,25.6,0.929,89.39,7.63,4.79
79.2,0.091,1.2,31.8,17.0,0.938,87.32,6.56,4.85
100.0,0.11,1.43,46.0,28.1,0.903,86.82,9.72,4.73
52.9,0.093,1.2,22.9,12.4,0.944,87.41,4.51,5.09
74.6,0.163,2.13,56.6,42.4,0.97,89.96,11.52,4.91
82.7,0.146,2.1,57.9,42.1,0.972,89.08,11.41,5.08
76.5,0.142,1.92,49.1,34.3,0.926,89.33,9.81,5.0
73.6,0.082,1.79,32.2,18.1,0.945,88.42,5.59,5.76
59.4,0.121,2.21,36.0,24.9,0.962,89.41,6.74,5.34
77.8,0.109,1.38,34.8,20.5,0.92,88.01,7.59,4.58
65.9,0.135,2.58,47.2,34.4,0.942,89.69,8.2,5.76
50.0,0.112,2.14,27.8,18.1,0.929,89.84,5.07,5.48
89.3,0.106,1.63,43.5,27.2,0.93,88.07,8.6,5.06
86.5,0.124,1.89,49.2,33.3,0.908,88.63,9.51,5.17
75.6,0.129,2.03,47.0,32.2,0.933,89.08,8.85,5.32
77.7,0.112,1.41,36.9,22.5,0.913,87.27,7.75,4.76
87.9,0.13,2.44,57.2,41.7,0.924,89.26,10.31,5.54
77.7,0.109,2.58,47.1,32.4,0.926,89.0,7.67,6.15
85.8,0.121,2.16,52.8,36.6,0.934,89.15,9.5,5.55
71.4,0.161,2.57,59.2,44.9,0.973,90.41,10.9,5.43
90.7,0.111,3.2,62.5,46.1,0.95,89.66,9.37,6.67
78.8,0.132,1.2,40.3,26.3,0.978,87.11,9.95,4.05
77.3,0.126,2.13,47.3,32.8,0.947,89.12,9.02,5.24
59.8,0.106,1.43,28.7,16.9,0.964,88.1,5.93,4.84
78.4,0.116,2.88,53.8,39.0,0.967,89.74,8.6,6.26
65.0,0.102,2.22,35.0,22.7,0.959,89.78,6.22,5.62
67.3,0.1,1.75,34.3,21.4,0.954,88.73,6.26,5.48
65.2,0.108,1.97,35.4,22.9,0.933,89.03,6.41,5.52
62.2,0.092,2.77,35.8,24.0,0.945,89.56,5.29,6.76
100.0,0.125,2.33,61.2,43.6,0.915,88.93,11.14,5.5
91.0,0.11,2.39,53.1,36.7,0.949,89.06,9.23,5.76
98.0,0.159,2.84,81.5,63.9,0.941,90.08,14.28,5.71
60.3,0.1,2.58,35.3,23.4,0.964,89.29,5.65,6.24
75.9,0.145,2.66,59.4,45.3,0.972,90.04,10.42,5.7
59.5,0.169,2.04,43.7,32.4,0.911,89.84,8.9,4.91
66.7,0.121,1.2,33.0,20.1,0.955,88.01,7.53,4.38
64.0,0.108,2.15,37.6,25.4,0.976,89.32,6.57,5.72
89.9,0.112,1.77,49.0,32.9,0.973,88.47,9.58,5.12
70.2,0.132,2.49,50.3,37.0,0.967,89.42,8.74,5.76
87.8,0.119,1.21,40.5,24.2,0.904,87.63,9.22,4.39
82.2,0.09,2.51,41.2,26.1,0.92,89.23,6.67,6.19
100.0,0.093,2.19,50.3,31.7,0.912,89.02,8.29,6.07
57.2,0.152,2.28,43.5,31.9,0.974,89.91,8.27,5.27
90.1,0.086,2.41,46.1,29.4,0.96,88.81,7.29,6.32
88.8,0.1,2.09,45.8,29.8,0.943,88.19,8.15,5.63
63.3,0.146,1.93,42.4,31.0,0.978,90.06,8.83,4.8
87.1,0.115,2.67,52.9,37.4,0.916,89.5,8.91,5.93
79.0,0.147,2.4,58.6,43.6,0.951,90.34,10.8,5.42
72.3,0.123,2.44,47.4,34.2,0.949,89.41,8.2,5.78
65.1,0.103,2.06,34.5,21.9,0.927,89.2,6.05,5.7
66.4,0.112,2.15,37.7,25.4,0.939,89.58,6.82,5.52
99.6,0.091,2.09,46.8,29.0,0.919,88.53,8.09,5.79
75.0,0.119,1.23,36.7,22.8,0.954,87.23,8.3,4.42
84.4,0.12,1.41,43.2,27.4,0.933,87.59,9.22,4.69
65.5,0.082,2.04,30.2,17.4,0.902,88.63,4.71,6.43
65.6,0.093,1.2,26.3,14.4,0.976,88.02,5.79,4.54
88.0,0.086,2.04,40.7,24.1,0.94,88.25,6.92,5.88
58.8,0.129,1.65,33.5,22.2,0.956,88.11,7.06,4.74
70.0,0.139,2.06,45.0,31.4,0.916,89.41,8.71,5.17
75.4,0.095,2.19,39.0,24.4,0.91,88.93,6.33,6.16
76.3,0.081,1.2,29.5,15.5,0.972,86.67,5.86,5.03
72.9,0.124,2.26,47.0,32.7,0.947,89.17,8.34,5.63
79.7,0.116,1.88,43.6,29.6,0.939,88.63,8.48,5.14
83.3,0.136,1.2,42.9,28.0,0.942,86.88,10.43,4.12
83.8,0.106,1.87,42.6,27.3,0.919,89.15,7.93,5.37
63.2,0.114,2.29,37.9,26.2,0.973,89.53,6.84,5.53
71.6,0.095,1.9,33.0,20.1,0.917,88.66,6.05,5.45
89.3,0.145,1.87,55.2,38.5,0.913,89.28,11.52,4.79
85.7,0.143,2.18,58.2,42.7,0.974,90.29,11.69,4.98
58.5,0.148,1.86,38.3,26.9,0.921,89.26,7.77,4.92
79.2,0.107,1.97,43.5,28.5,0.969,88.86,7.99,5.44
51.3,0.116,1.44,25.6,15.0,0.962,88.56,5.6,4.57
75.6,0.085,1.84,34.4,19.7,0.931,88.6,5.81,5.92
97.8,0.103,3.04,59.1,41.8,0.92,89.56,9.05,6.53
63.6,0.093,2.19,32.9,20.1,0.961,89.4,5.53,5.94
65.0,0.116,2.23,39.5,27.0,0.948,89.24,6.97,5.66
84.2,0.127,1.78,46.0,30.5,0.92,89.06,9.63,4.78
56.5,0.125,1.9,32.9,22.0,0.971,89.18,6.67,4.93
67.4,0.122,1.99,39.2,26.3,0.958,89.23,7.65,5.12
82.2,0.122,2.54,54.1,38.4,0.973,89.66,9.49,5.7
67.4,0.124,2.7,45.3,32.3,0.935,89.55,7.64,5.93
72.2,0.116,1.87,39.2,25.2,0.91,88.99,7.46,5.26
83.9,0.103,2.09,43.9,28.8,0.974,89.0,8.18,5.36
80.1,0.093,1.98,39.0,24.4,0.948,87.93,6.88,5.67
78.2,0.122,2.48,50.4,35.9,0.948,89.96,8.83,5.71
70.9,0.09,2.33,37.3,23.7,0.947,88.79,5.9,6.32
79.4,0.124,2.06,47.9,33.1,0.938,89.17,9.04,5.3
73.5,0.138,2.6,51.9,37.4,0.92,90.35,9.13,5.68
80.5,0.1,2.36,43.2,28.6,0.949,89.3,7.44,5.81
69.0,0.121,1.71,37.4,24.2,0.957,89.04,7.81,4.79
72.8,0.142,2.1,49.9,36.1,0.973,89.83,9.82,5.09
63.1,0.087,2.01,29.4,17.4,0.906,88.64,4.83,6.08
74.6,0.101,1.61,34.7,20.8,0.92,87.77,6.74,5.15
65.3,0.097,1.99,32.3,20.2,0.962,89.01,5.92,5.46
61.6,0.106,2.67,38.3,26.4,0.962,89.9,6.13,6.26
78.1,0.124,2.65,51.6,37.6,0.917,89.99,8.64,5.97
77.6,0.132,2.56,53.8,38.8,0.915,89.93,9.15,5.89
84.4,0.086,2.49,41.7,26.2,0.929,88.78,6.57,6.34
69.8,0.112,2.2,39.4,26.6,0.905,89.54,6.9,5.72
79.9,0.086,1.8,34.8,20.7,0.958,87.5,6.42,5.41
81.6,0.157,2.38,61.5,46.6,0.954,90.2,11.9,5.17
80.3,0.156,1.28,46.8,32.1,0.969,87.56,11.86,3.95
65.1,0.106,1.76,33.3,20.8,0.934,88.32,6.27,5.31
76.8,0.089,2.65,40.6,26.4,0.951,90.08,6.35,6.4
79.4,0.104,1.85,42.4,26.5,0.976,88.57,7.82,5.42
75.1,0.088,2.42,38.2,24.7,0.977,88.97,6.28,6.08
50.0,0.116,1.92,27.9,17.7,0.906,88.82,5.1,5.48
76.9,0.113,2.38,43.9,29.4,0.9,89.45,7.62,5.76
100.0,0.13,1.33,51.7,34.2,0.977,87.7,12.35,4.18
70.7,0.1,2.74,41.6,28.5,0.943,89.35,6.48,6.42
66.3,0.099,1.54,32.1,18.5,0.956,87.35,6.11,5.25
79.5,0.1,1.42,36.6,22.1,0.973,88.18,7.5,4.88
78.7,0.098,2.71,44.8,29.4,0.935,89.22,7.03,6.36
89.3,0.116,2.1,51.1,34.8,0.935,88.77,9.48,5.39
59.9,0.126,1.95,34.3,22.7,0.913,89.23,6.7,5.12
83.8,0.123,2.88,60.4,45.1,0.972,89.35,9.81,6.16
82.1,0.136,2.47,56.6,41.8,0.952,90.01,10.34,5.47
73.3,0.119,1.88,40.3,27.1,0.914,89.11,7.8,5.17
79.1,0.107,2.03,42.1,27.6,0.945,89.01,7.77,5.42
87.4,0.149,2.64,66.6,50.3,0.926,90.57,11.75,5.67
85.5,0.123,1.62,45.2,29.3,0.912,88.02,9.36,4.83
61.3,0.088,2.82,32.3,20.6,0.915,89.96,4.79,6.73
84.8,0.138,1.88,52.7,36.4,0.945,88.13,10.76,4.9
74.2,0.089,1.66,32.5,19.0,0.945,88.35,6.11,5.33
75.9,0.099,2.64,44.2,29.9,0.963,90.12,7.03,6.29
75.9,0.132,2.47,50.8,37.1,0.92,89.24,8.97,5.66
73.2,0.108,1.21,34.1,20.2,0.973,87.77,7.51,4.54
89.3,0.095,2.05,45.3,28.8,0.941,88.08,7.82,5.79
74.0,0.103,1.55,33.8,20.1,0.916,88.77,6.81,4.97
61.6,0.135,2.5,43.3,31.4,0.933,89.72,7.55,5.74
70.3,0.098,2.96,43.7,30.6,0.974,89.31,6.57,6.65
77.1,0.103,2.37,44.0,29.3,0.938,88.98,7.25,6.07
89.8,0.163,1.72,60.3,43.6,0.97,88.89,13.86,4.36
82.2,0.108,2.54,48.5,33.2,0.913,89.23,7.9,6.15
64.8,0.099,2.07,34.4,21.7,0.973,88.99,6.09,5.64
100.0,0.158,2.06,69.3,51.0,0.934,89.28,14.38,4.82
78.2,0.123,1.86,45.7,31.4,0.975,88.89,9.18,4.98
90.3,0.141,2.15,60.9,44.3,0.969,89.22,12.02,5.07
73.2,0.109,2.06,41.2,27.1,0.953,88.84,7.41,5.56
81.4,0.121,1.2,38.5,23.6,0.954,87.33,9.14,4.22
85.1,0.15,2.11,58.7,42.8,0.917,89.49,11.4,5.15
89.6,0.136,2.03,55.9,40.1,0.948,89.14,11.24,4.97
87.7,0.124,2.27,53.9,38.3,0.944,89.18,10.02,5.38
85.5,0.102,1.2,37.4,21.7,0.927,86.66,7.91,4.73
71.2,0.112,2.36,42.1,28.8,0.94,89.38,7.32,5.75
68.1,0.126,2.11,45.2,31.9,0.974,89.24,8.18,5.53
79.0,0.103,2.35,43.5,29.0,0.9,88.39,7.11,6.12
86.2,0.102,1.29,37.9,21.7,0.933,87.51,8.0,4.74
72.3,0.132,1.48,39.1,25.6,0.927,88.36,8.65,4.52
87.8,0.132,1.2,45.5,29.3,0.977,87.22,11.06,4.12
92.4,0.111,2.17,52.6,36.0,0.978,89.03,9.78,5.38
64.0,0.098,1.93,33.0,20.8,0.947,88.55,5.77,5.72
65.0,0.142,2.03,42.0,29.9,0.944,89.95,8.52,4.92
73.3,0.122,1.4,37.3,24.0,0.972,88.35,8.46,4.41
78.7,0.097,1.5,35.2,20.3,0.901,87.38,6.71,5.25
68.7,0.162,1.2,39.9,26.5,0.945,87.64,10.24,3.89
91.2,0.129,1.43,47.1,30.1,0.902,88.05,10.37,4.54
80.1,0.098,1.77,39.5,24.2,0.977,88.42,7.45,5.3
75.5,0.099,1.8,36.3,22.1,0.926,88.46,6.74,5.38
57.8,0.101,2.07,30.2,19.1,0.942,89.28,5.33,5.66
59.2,0.12,2.48,37.4,26.2,0.933,89.08,6.48,5.76
78.4,0.1,1.76,37.2,23.4,0.971,88.03,7.4,5.03
50.0,0.122,2.34,33.2,23.0,0.98,89.57,5.83,5.69
87.2,0.123,2.49,53.3,37.3,0.905,89.62,9.46,5.63
73.1,0.096,2.68,40.9,27.1,0.959,88.6,6.53,6.27
100.0,0.107,2.34,56.5,38.3,0.929,88.91,9.69,5.83
100.0,0.104,2.14,52.8,34.3,0.911,88.48,9.23,5.72
72.8,0.11,1.56,35.7,22.2,0.932,88.4,7.25,4.93
73.7,0.095,2.24,40.0,26.0,0.98,89.29,6.72,5.95
86.9,0.101,1.91,41.8,26.1,0.929,89.08,7.95,5.26
95.4,0.096,2.79,53.3,36.7,0.922,88.68,8.27,6.45
55.3,0.115,2.15,32.7,22.0,0.968,89.14,6.0,5.46
53.6,0.108,2.02,30.8,19.7,0.969,89.24,5.48,5.62
67.5,0.145,2.81,51.8,39.1,0.927,90.59,8.83,5.87
82.0,0.143,1.86,50.0,35.3,0.924,89.14,10.54,4.75
81.0,0.115,2.1,46.7,31.6,0.952,89.02,8.63,5.41
87.8,0.131,3.1,65.2,48.8,0.916,90.18,10.25,6.36
60.6,0.121,2.23,36.8,24.9,0.939,89.36,6.69,5.5
50.0,0.095,2.66,28.6,18.1,0.911,90.1,4.22,6.77
85.3,0.105,2.85,50.3,35.0,0.924,89.98,8.08,6.23
65.1,0.11,1.82,34.7,21.7,0.924,88.74,6.46,5.37
50.8,0.118,2.55,33.5,24.2,0.956,89.34,5.58,6.0
76.7,0.111,1.93,39.8,26.4,0.923,88.84,7.67,5.2
84.5,0.127,3.12,64.7,49.8,0.972,90.33,10.14,6.38
73.5,0.098,2.82,45.2,31.2,0.979,89.63,6.89,6.56
69.5,0.149,2.47,50.6,38.1,0.906,89.43,9.12,5.54
73.1,0.121,2.62,47.7,34.3,0.932,90.08,8.06,5.92
70.6,0.129,1.75,40.1,27.0,0.924,89.1,8.21,4.88
58.8,0.089,2.96,33.6,21.9,0.928,89.97,4.72,7.12
66.4,0.12,1.65,34.6,21.4,0.921,88.97,7.16,4.83
81.3,0.15,2.3,57.0,41.6,0.931,89.42,11.03,5.17
78.9,0.099,1.74,36.4,22.4,0.911,88.68,6.93,5.25
77.0,0.118,2.53,48.1,33.7,0.922,89.25,8.2,5.87
63.1,0.114,2.97,43.1,31.1,0.96,89.46,6.75,6.38
72.8,0.11,2.33,41.3,27.7,0.928,88.99,7.26,5.69
50.0,0.112,2.26,29.7,19.7,0.917,89.82,5.0,5.94
77.1,0.091,2.04,36.0,21.8,0.909,88.55,6.23,5.78
92.1,0.125,2.15,54.4,37.9,0.928,89.52,10.44,5.21
57.3,0.099,1.93,29.2,18.3,0.951,89.33,5.29,5.53
68.0,0.125,2.92,48.0,35.4,0.92,90.14,7.62,6.3
78.9,0.134,2.5,54.8,39.7,0.934,90.09,9.62,5.69
90.0,0.101,1.93,46.1,29.7,0.976,88.05,8.63,5.34
69.6,0.117,2.13,40.9,27.3,0.944,89.55,7.48,5.46
66.7,0.16,3.2,61.9,48.8,0.943,90.65,9.82,6.3
51.4,0.118,2.24,32.5,21.7,0.933,89.17,5.52,5.88
76.2,0.111,2.83,49.2,35.5,0.945,89.32,7.78,6.33
99.5,0.103,1.81,51.1,33.0,0.979,88.12,9.79,5.21
78.3,0.114,2.34,45.5,31.5,0.92,89.19,7.99,5.69
74.7,0.091,1.79,37.3,22.6,0.975,88.34,6.45,5.78
78.9,0.118,1.83,43.3,28.5,0.912,88.47,8.27,5.24
74.9,0.113,2.5,44.4,30.6,0.909,89.94,7.48,5.94
65.2,0.098,1.65,31.6,19.3,0.952,87.91,5.95,5.31
84.9,0.092,1.5,36.8,20.9,0.92,87.23,6.99,5.27
77.7,0.101,2.44,42.6,28.3,0.936,88.87,7.19,5.92
75.2,0.096,1.86,35.7,22.2,0.958,88.29,6.72,5.31
63.3,0.122,1.96,36.9,24.6,0.943,88.92,7.13,5.18
90.6,0.086,1.2,34.9,17.9,0.901,87.22,6.87,5.07
83.0,0.089,1.47,34.6,19.3,0.924,87.32,6.67,5.18
68.4,0.134,2.21,43.3,30.1,0.905,89.48,8.09,5.35
87.0,0.102,1.98,46.5,30.8,0.974,88.16,8.44,5.5
69.0,0.128,2.55,48.9,35.8,0.964,89.57,8.33,5.87
65.6,0.092,1.65,31.4,18.8,0.979,88.46,5.74,5.47
65.9,0.142,2.02,42.4,30.0,0.971,89.68,8.85,4.79
53.7,0.118,2.12,32.0,21.8,0.938,89.8,5.79,5.53
80.7,0.119,2.0,47.2,32.6,0.971,88.56,9.05,5.22
53.0,0.11,2.4,31.8,21.6,0.954,89.4,5.43,5.87
60.3,0.095,1.56,27.1,15.7,0.942,88.46,5.26,5.16
50.1,0.106,2.36,28.8,18.8,0.93,89.6,4.83,5.96
74.0,0.127,2.67,52.1,38.2,0.954,89.69,8.75,5.95
73.2,0.1,1.69,35.6,21.9,0.947,88.52,6.79,5.25
71.1,0.087,2.3,36.3,23.0,0.949,89.36,5.73,6.33
62.5,0.11,2.28,36.7,24.6,0.932,89.15,6.26,5.86
60.9,0.101,2.39,35.3,23.9,0.959,89.37,5.77,6.12
80.6,0.123,2.1,47.3,32.3,0.907,89.05,8.73,5.41
68.4,0.12,2.81,45.8,33.5,0.958,89.45,7.65,5.99
78.8,0.094,3.16,46.8,32.6,0.958,89.56,6.89,6.79
64.4,0.125,2.41,41.9,30.0,0.941,89.47,7.4,5.66
77.2,0.124,2.26,47.3,33.2,0.921,89.32,8.58,5.52
90.6,0.132,2.11,56.3,39.7,0.942,89.28,10.95,5.14
82.0,0.128,1.44,42.5,27.3,0.91,88.07,9.33,4.56
70.1,0.127,1.39,35.9,22.6,0.923,87.68,8.0,4.49
78.1,0.139,1.52,44.1,29.3,0.934,88.43,9.87,4.47
72.1,0.145,2.23,49.6,36.0,0.954,89.68,9.74,5.09
75.1,0.117,2.0,41.5,27.9,0.915,88.79,7.84,5.29
71.1,0.122,2.86,47.9,34.5,0.913,89.49,7.69,6.23
73.0,0.102,1.2,31.8,18.4,0.949,87.13,6.87,4.62
77.5,0.092,2.12,37.7,23.5,0.954,88.29,6.61,5.71
63.1,0.123,2.32,39.4,27.1,0.907,89.2,6.85,5.75
62.8,0.122,2.55,39.8,27.8,0.903,89.3,6.74,5.91
58.3,0.119,2.17,33.9,22.4,0.912,89.03,6.15,5.52
55.8,0.138,2.28,38.8,27.9,0.972,89.67,7.32,5.3
60.4,0.087,2.19,28.4,17.3,0.954,89.43,4.88,5.81
76.9,0.127,2.32,50.0,35.9,0.974,89.63,9.27,5.4
64.3,0.094,2.09,33.0,20.4,0.953,89.37,5.6,5.88
81.2,0.125,3.16,62.2,47.1,0.977,89.58,9.65,6.45
75.4,0.087,2.39,38.0,24.4,0.935,88.32,5.99,6.35
51.4,0.12,2.2,31.1,21.0,0.948,89.39,5.69,5.46
82.9,0.165,1.73,56.2,40.9,0.948,89.41,12.61,4.46
84.7,0.105,1.93,42.8,27.4,0.9,88.46,7.84,5.45
63.1,0.102,2.86,37.9,25.9,0.902,89.66,5.63,6.72
80.0,0.134,1.2,41.0,26.1,0.912,87.28,9.5,4.32
64.7,0.125,2.13,39.4,26.3,0.941,89.63,7.43,5.3
76.2,0.101,2.09,39.6,25.2,0.934,89.17,7.01,5.65
59.8,0.116,2.35,36.7,24.9,0.943,89.03,6.41,5.73
53.5,0.116,2.23,33.8,23.6,0.964,88.71,5.84,5.79
70.4,0.127,2.86,50.9,38.1,0.966,90.09,8.4,6.06
73.5,0.135,2.15,48.7,35.2,0.978,89.32,9.47,5.14
70.2,0.123,2.07,42.6,29.4,0.945,89.44,7.97,5.34
60.8,0.122,2.58,39.9,28.1,0.928,89.7,6.71,5.95
70.2,0.106,2.87,43.9,30.5,0.925,89.8,6.68,6.57
78.2,0.152,2.44,57.9,43.1,0.927,89.75,10.76,5.39
74.5,0.114,2.61,46.1,31.7,0.926,89.26,7.66,6.02
77.2,0.122,1.99,44.3,30.8,0.931,88.86,8.56,5.18
67.0,0.136,2.16,41.6,29.3,0.906,89.46,8.04,5.17
89.1,0.108,2.84,57.5,40.6,0.951,89.57,8.92,6.45
60.9,0.122,2.36,39.6,27.7,0.945,89.58,6.87,5.77
80.9,0.121,1.98,45.1,30.2,0.937,88.54,8.93,5.05
89.2,0.155,2.12,60.5,45.1,0.906,89.95,12.23,4.95
80.8,0.096,2.62,43.9,29.5,0.907,89.32,6.89,6.37
72.6,0.089,2.66,38.9,25.0,0.944,89.76,5.96,6.53
68.7,0.113,1.68,33.6,20.8,0.903,88.14,6.86,4.91
87.4,0.115,2.28,52.6,36.4,0.958,88.99,9.41,5.59
57.9,0.084,2.1,28.0,16.9,0.98,89.03,4.65,6.02
63.4,0.119,2.07,38.8,25.8,0.948,89.49,6.98,5.56
70.2,0.085,2.77,38.0,24.8,0.958,88.65,5.55,6.85
89.9,0.109,1.98,46.9,31.1,0.935,87.99,8.93,5.25
79.6,0.126,1.81,45.2,30.2,0.953,88.52,9.34,4.84
63.4,0.094,1.69,29.8,17.7,0.952,88.58,5.51,5.42
71.3,0.123,2.01,42.6,29.4,0.966,88.89,8.27,5.15
67.6,0.107,1.73,35.6,22.7,0.957,88.52,6.75,5.27
66.5,0.116,1.67,35.5,22.4,0.96,88.58,7.19,4.94
86.7,0.123,1.66,47.1,31.3,0.945,88.03,9.82,4.8
58.5,0.112,1.68,29.8,18.8,0.939,89.18,5.98,4.98
94.3,0.126,1.72,50.7,33.6,0.937,88.09,10.85,4.67
84.9,0.121,2.3,52.4,37.1,0.931,88.49,9.36,5.6
88.1,0.131,1.2,43.5,27.3,0.921,86.86,10.36,4.2
69.4,0.085,1.75,31.1,17.5,0.903,88.01,5.22,5.96
73.2,0.141,2.05,47.8,34.6,0.954,89.42,9.63,4.97
57.8,0.112,2.67,36.3,25.8,0.972,89.86,6.15,5.91
68.7,0.098,1.98,36.3,22.4,0.974,89.02,6.42,5.66
80.9,0.094,2.02,39.9,24.9,0.946,89.3,7.02,5.69
90.6,0.1,2.06,45.0,29.0,0.908,88.62,7.97,5.64
61.7,0.117,1.2,29.8,18.3,0.97,87.73,6.83,4.36
70.6,0.103,2.43,40.6,27.5,0.96,89.16,6.8,5.97
73.2,0.132,2.41,49.5,35.7,0.92,89.71,8.69,5.7
58.3,0.096,2.51,32.6,22.2,0.964,89.35,5.27,6.18
82.1,0.121,3.2,60.6,45.2,0.938,89.7,9.07,6.68
66.3,0.127,1.45,36.0,23.7,0.971,88.27,7.95,4.53
72.7,0.121,1.36,36.4,22.2,0.92,88.15,7.9,4.61
69.6,0.107,2.45,42.0,28.8,0.964,89.37,6.98,6.02
65.5,0.101,1.93,35.1,22.2,0.957,88.82,6.2,5.66
74.9,0.126,1.61,39.5,25.6,0.901,88.54,8.26,4.78
72.4,0.104,1.96,38.6,24.9,0.945,89.12,6.96,5.54
70.5,0.105,1.79,36.1,22.3,0.957,88.1,6.93,5.21
66.3,0.104,2.96,41.4,29.2,0.913,89.79,6.15,6.73
78.8,0.134,3.2,62.0,47.2,0.943,89.48,9.68,6.41
94.8,0.128,1.28,46.4,29.0,0.924,87.79,10.91,4.25
76.7,0.089,1.36,32.6,17.8,0.956,87.48,6.33,5.15
87.0,0.125,1.72,48.0,32.3,0.943,88.9,10.03,4.79
58.3,0.088,1.76,26.9,15.9,0.95,87.93,4.76,5.64
76.9,0.111,1.71,39.9,25.2,0.906,88.38,7.57,5.28
61.8,0.128,2.0,36.2,24.4,0.911,89.61,7.02,5.15
57.3,0.108,1.88,31.1,20.3,0.944,89.46,5.72,5.44
66.1,0.084,1.42,27.8,15.4,0.914,87.76,4.96,5.59
89.3,0.14,1.59,51.1,35.4,0.94,88.19,11.44,4.47
86.4,0.134,2.87,64.2,48.4,0.955,89.62,10.78,5.96
77.9,0.113,1.92,43.6,30.3,0.965,88.42,8.3,5.25
56.6,0.116,1.9,32.0,20.8,0.911,89.61,5.82,5.49
72.6,0.13,1.34,37.7,24.7,0.959,88.08,8.8,4.28
78.6,0.093,1.87,36.8,21.7,0.929,88.39,6.62,5.56
77.1,0.097,2.58,43.7,29.7,0.954,89.44,6.97,6.27
52.9,0.105,2.4,29.5,19.4,0.912,89.54,4.95,5.96
64.3,0.172,2.51,54.2,41.9,0.941,90.18,10.13,5.35
74.2,0.117,1.5,38.6,24.5,0.967,87.83,8.17,4.72
81.4,0.126,1.49,41.2,26.1,0.909,87.82,9.1,4.53
50.0,0.125,2.67,33.8,24.4,0.966,90.18,5.88,5.74
73.1,0.118,2.51,45.7,31.9,0.936,89.89,7.9,5.79
76.7,0.087,1.97,37.5,23.2,0.966,88.44,6.31,5.94
85.2,0.09,2.53,45.5,29.9,0.977,88.73,7.27,6.26
83.3,0.128,1.5,42.3,26.8,0.913,88.42,9.48,4.46
82.0,0.129,1.48,43.8,29.0,0.954,88.1,9.85,4.44
65.4,0.111,1.29,29.9,17.9,0.919,86.82,6.52,4.59
52.1,0.11,2.28,31.2,20.6,0.911,89.3,5.1,6.12
70.3,0.088,2.21,35.0,22.5,0.95,89.1,5.72,6.12
87.0,0.096,1.84,40.4,24.3,0.909,88.04,7.41,5.44
91.7,0.124,1.71,49.9,33.7,0.937,88.38,10.41,4.8
83.5,0.107,3.2,57.5,41.6,0.951,89.13,8.3,6.92
80.2,0.128,1.97,47.2,32.9,0.94,88.85,9.4,5.02
79.6,0.119,2.79,53.7,39.5,0.956,89.22,8.83,6.08
68.3,0.114,2.03,40.7,26.8,0.964,88.64,7.3,5.57
73.4,0.094,1.85,36.6,22.3,0.97,88.25,6.52,5.6
95.0,0.108,2.81,59.6,42.7,0.945,89.55,9.47,6.29
63.7,0.109,2.49,38.1,26.4,0.922,89.69,6.24,6.1
94.4,0.112,2.09,51.6,34.9,0.941,89.46,9.71,5.32
71.1,0.102,2.67,42.5,29.0,0.931,89.25,6.62,6.43
90.9,0.12,3.2,64.1,47.5,0.918,89.96,9.74,6.59
58.1,0.147,1.73,36.9,25.8,0.942,89.84,7.87,4.69
82.0,0.102,2.34,44.2,28.4,0.902,89.44,7.34,6.02
66.2,0.162,1.9,46.1,33.8,0.948,89.91,9.93,4.64
58.0,0.127,1.63,32.0,21.5,0.966,88.8,6.94,4.61
77.6,0.099,1.62,38.6,23.1,0.98,88.17,7.31,5.29
87.1,0.096,2.9,52.4,36.1,0.974,88.94,7.96,6.58
64.9,0.146,1.2,34.4,22.1,0.907,86.79,8.35,4.11
57.0,0.089,2.35,29.0,17.7,0.913,89.36,4.51,6.42
73.9,0.107,1.69,35.7,21.9,0.911,88.05,7.02,5.09
74.0,0.107,2.99,47.0,33.8,0.945,89.48,7.3,6.43
81.6,0.112,1.96,42.4,27.3,0.904,88.48,8.04,5.26
86.4,0.128,1.92,52.3,36.3,0.975,88.94,10.48,4.99
74.3,0.099,2.88,44.0,29.9,0.905,89.41,6.46,6.81
97.3,0.106,2.54,54.6,38.0,0.931,89.47,9.34,5.84
77.7,0.119,2.38,48.6,34.1,0.972,89.1,8.75,5.56
70.8,0.119,2.5,45.8,32.3,0.976,89.62,8.01,5.72
55.7,0.138,1.56,31.3,20.4,0.937,88.69,7.0,4.47
71.8,0.092,2.47,38.0,25.0,0.939,89.09,6.06,6.28
71.0,0.126,2.0,42.8,28.9,0.951,89.12,8.3,5.16
86.5,0.109,2.28,48.8,33.0,0.933,89.55,8.54,5.72
80.5,0.12,2.34,48.6,33.8,0.926,89.6,8.75,5.56
60.8,0.101,1.54,29.0,17.3,0.959,88.06,5.77,5.02
77.1,0.129,2.4,51.2,37.4,0.948,89.3,9.22,5.55
83.1,0.099,2.01,42.3,26.3,0.939,88.38,7.55,5.61
93.3,0.126,1.48,47.8,30.5,0.908,87.91,10.4,4.6
85.7,0.124,2.03,49.3,33.9,0.906,88.41,9.36,5.27
84.1,0.105,2.11,44.2,29.5,0.941,88.75,8.07,5.48
75.7,0.156,2.4,57.8,43.5,0.95,89.98,10.95,5.28
79.7,0.125,1.2,39.5,24.5,0.953,87.0,9.22,4.29
90.0,0.099,2.29,48.2,31.8,0.972,88.87,8.41,5.74
59.0,0.116,1.84,33.7,22.4,0.965,89.07,6.42,5.24
70.8,0.099,2.5,38.4,25.8,0.911,88.7,6.22,6.17
65.7,0.123,2.1,41.3,28.5,0.964,89.38,7.58,5.45
79.5,0.13,1.93,47.6,33.5,0.954,88.81,9.61,4.95
89.8,0.098,2.01,46.5,30.1,0.966,89.19,8.26,5.64
67.8,0.087,2.27,35.2,22.1,0.967,89.1,5.58,6.32
50.0,0.086,2.55,26.8,16.9,0.928,89.18,3.87,6.92
70.1,0.143,1.65,41.5,28.4,0.921,88.18,9.02,4.6
86.0,0.116,1.93,47.8,33.0,0.944,88.69,9.22,5.18
81.5,0.116,2.83,52.4,37.8,0.924,90.01,8.51,6.16
80.1,0.107,1.92,41.6,27.0,0.928,88.46,7.73,5.39
71.6,0.1,2.28,37.7,24.9,0.906,89.24,6.3,5.98
59.7,0.088,1.48,28.8,16.8,0.979,88.19,5.02,5.74
81.2,0.146,1.24,44.0,29.3,0.925,87.87,10.69,4.11
65.0,0.094,1.58,29.5,17.3,0.962,88.14,5.74,5.14
100.0,0.121,1.76,56.8,38.1,0.979,88.05,11.55,4.92
81.8,0.121,2.62,55.0,39.5,0.978,89.41,9.48,5.8
68.0,0.105,2.67,43.2,29.6,0.951,89.17,6.63,6.51
67.7,0.097,1.2,27.5,14.2,0.943,86.77,6.04,4.56
73.9,0.119,1.83,40.4,26.3,0.925,89.12,7.93,5.1
72.1,0.101,2.45,42.5,29.3,0.969,89.4,6.91,6.15
88.4,0.094,2.05,43.2,27.7,0.927,88.67,7.55,5.73
77.2,0.097,2.85,45.1,30.4,0.909,89.15,6.64,6.79
66.2,0.104,2.44,36.6,24.2,0.924,89.82,6.21,5.9
97.7,0.088,1.97,45.0,28.3,0.925,88.17,7.79,5.78
75.6,0.084,2.01,34.9,20.6,0.957,88.63,5.93,5.88
84.2,0.086,2.07,38.5,22.9,0.914,88.97,6.47,5.95
67.7,0.112,1.68,34.9,22.6,0.925,88.26,6.84,5.1
79.4,0.084,2.57,39.5,24.3,0.906,88.83,5.88,6.72
78.7,0.085,2.47,39.0,24.8,0.968,89.36,6.28,6.21
52.3,0.136,2.33,36.4,25.2,0.958,90.19,6.65,5.48
99.2,0.097,2.22,51.9,33.5,0.935,88.75,8.75,5.93
90.5,0.112,1.59,45.3,28.4,0.934,87.23,9.21,4.92
70.2,0.132,2.35,46.4,33.4,0.913,90.06,8.28,5.61
61.8,0.099,2.16,32.8,20.8,0.931,88.95,5.57,5.89
79.2,0.131,3.1,61.4,46.7,0.973,89.68,9.87,6.22
76.0,0.112,1.45,35.1,21.1,0.911,87.83,7.57,4.64
79.3,0.121,1.74,44.5,29.8,0.961,88.14,8.97,4.96
77.3,0.14,1.31,41.4,26.4,0.904,88.24,9.54,4.34
81.1,0.102,1.99,41.5,26.8,0.925,88.76,7.47,5.55
92.4,0.124,1.23,45.7,28.7,0.968,87.4,10.81,4.22
81.8,0.082,2.69,41.6,26.8,0.936,88.8,6.11,6.81
62.4,0.084,2.65,33.0,21.7,0.956,89.71,4.91,6.73
91.4,0.123,2.02,52.3,35.3,0.908,89.33,9.93,5.27
94.7,0.104,1.59,45.2,27.8,0.955,87.4,9.16,4.93
100.0,0.113,1.34,48.9,30.5,0.966,86.85,10.65,4.59
61.5,0.094,1.75,29.0,17.6,0.964,88.24,5.43,5.34
77.9,0.122,2.41,49.3,35.1,0.935,89.74,8.64,5.71
50.0,0.142,1.71,31.6,21.4,0.972,89.26,6.72,4.7
81.6,0.109,3.05,54.7,39.4,0.946,89.53,8.17,6.7
68.4,0.114,2.85,46.6,33.2,0.965,89.86,7.32,6.37
98.1,0.113,2.1,54.7,37.0,0.917,89.39,9.95,5.5
65.7,0.096,1.87,32.6,19.9,0.917,88.07,5.64,5.78
54.7,0.105,1.82,28.6,17.1,0.96,88.76,5.37,5.32
69.3,0.088,2.9,38.1,25.1,0.952,88.36,5.67,6.72
51.3,0.155,1.77,34.3,24.0,0.954,89.63,7.41,4.63
84.0,0.124,2.57,54.7,39.3,0.919,89.85,9.34,5.85
50.2,0.122,2.11,30.0,19.9,0.932,89.44,5.56,5.39
75.3,0.114,2.46,46.1,31.5,0.921,89.62,7.71,5.98
50.1,0.16,1.69,32.5,22.7,0.905,88.84,7.08,4.59
71.2,0.083,1.93,31.3,18.3,0.916,88.71,5.28,5.93
94.7,0.091,2.09,46.9,29.4,0.98,89.34,8.22,5.71
79.3,0.134,1.78,46.0,30.7,0.919,88.66,9.51,4.84
64.6,0.138,2.72,47.8,36.0,0.913,90.17,7.96,6.0
74.6,0.108,1.72,36.9,23.1,0.956,88.24,7.52,4.9
75.2,0.149,1.81,47.7,33.5,0.948,89.14,10.35,4.61
80.7,0.121,2.78,56.7,41.8,0.96,89.99,9.13,6.22
58.6,0.163,2.68,48.6,37.2,0.952,90.59,8.85,5.49
82.1,0.133,2.89,59.3,44.1,0.918,89.74,9.76,6.08
50.0,0.119,1.2,24.5,14.8,0.94,87.59,5.47,4.49
67.4,0.106,2.2,36.2,24.5,0.914,88.78,6.39,5.67
69.1,0.131,2.15,43.2,30.1,0.92,89.76,8.11,5.32
82.6,0.091,1.82,40.1,25.0,0.979,88.56,7.2,5.57
75.3,0.1,2.26,40.0,26.5,0.958,88.62,7.01,5.7
58.1,0.109,1.94,31.7,20.6,0.963,89.11,5.93,5.34
63.2,0.14,2.18,41.5,29.1,0.902,89.32,7.78,5.34
77.4,0.123,3.2,56.4,42.1,0.931,89.69,8.66,6.51
74.1,0.131,2.26,47.9,34.0,0.944,89.73,8.9,5.38
68.1,0.131,2.28,43.2,30.8,0.912,89.91,7.95,5.44
69.2,0.138,2.51,50.6,37.3,0.968,90.07,9.03,5.61
83.4,0.115,2.19,49.0,32.7,0.911,88.96,8.52,5.75
68.8,0.125,1.55,37.2,24.0,0.951,88.55,7.94,4.69
73.9,0.121,1.28,36.0,22.0,0.944,87.28,8.25,4.36
100.0,0.139,2.09,64.9,46.8,0.968,89.24,13.11,4.95
57.9,0.109,1.97,30.6,19.6,0.925,89.08,5.68,5.38
52.8,0.101,1.2,22.8,12.0,0.923,87.2,4.78,4.78
84.4,0.087,2.91,47.0,31.6,0.968,88.95,6.92,6.79
66.9,0.109,2.15,36.8,23.4,0.918,89.43,6.52,5.65
71.2,0.101,2.82,43.7,29.6,0.96,89.47,6.7,6.53
65.6,0.114,1.2,31.0,18.7,0.915,87.16,6.67,4.65
71.9,0.089,2.83,40.9,27.1,0.97,89.2,6.03,6.79
94.2,0.088,1.86,44.4,27.6,0.967,87.7,7.79,5.7
84.6,0.094,2.73,49.1,33.1,0.963,89.25,7.49,6.56
85.3,0.153,2.21,59.8,44.5,0.939,89.59,11.94,5.01
58.0,0.106,2.33,32.5,21.1,0.903,88.93,5.39,6.02
61.2,0.114,2.33,35.2,23.2,0.911,89.12,6.18,5.7
50.0,0.137,1.89,31.5,21.2,0.937,88.87,6.27,5.02
65.3,0.116,1.78,33.0,20.9,0.903,89.2,6.65,4.96
86.5,0.115,1.92,46.7,30.7,0.905,88.89,8.79,5.31
81.2,0.095,1.36,34.2,19.1,0.91,87.77,6.85,4.99
72.3,0.144,1.86,44.3,31.2,0.921,89.71,9.37,4.73
74.7,0.1,1.75,37.0,22.5,0.96,88.55,6.98,5.29
66.7,0.099,1.35,30.3,16.9,0.904,87.59,5.82,5.2
77.5,0.121,2.33,48.8,34.4,0.979,89.41,8.93,5.47
84.2,0.129,2.1,50.7,35.3,0.922,88.89,9.79,5.18
55.6,0.107,2.22,31.4,20.6,0.926,89.12,5.37,5.84
78.6,0.095,2.45,43.6,28.0,0.92,88.97,6.72,6.49
86.2,0.1,1.98,44.6,28.4,0.948,88.5,7.98,5.59
70.0,0.109,1.63,35.3,22.4,0.902,87.77,6.69,5.27
83.4,0.12,2.25,48.2,33.5,0.907,88.74,8.86,5.44
100.0,0.099,1.2,40.1,22.2,0.908,86.2,8.79,4.56
73.7,0.18,2.05,58.1,44.4,0.953,89.35,12.34,4.71
79.7,0.15,2.48,58.5,43.7,0.926,90.0,10.77,5.43
66.1,0.111,2.62,41.3,28.7,0.935,89.49,6.68,6.18
77.2,0.095,1.84,38.9,24.1,0.976,88.38,6.99,5.56
80.5,0.093,1.2,30.6,16.8,0.916,86.99,6.68,4.58
77.3,0.149,1.2,41.2,26.6,0.906,87.87,10.2,4.04
62.8,0.125,2.42,41.2,28.8,0.935,89.84,7.13,5.78
77.5,0.088,1.92,34.8,21.2,0.913,89.07,6.1,5.71
92.5,0.129,3.11,67.4,51.0,0.912,89.67,10.61,6.35
80.4,0.093,1.39,34.6,19.9,0.933,87.52,6.78,5.1
86.5,0.098,2.27,47.2,31.2,0.954,88.67,7.89,5.98
72.2,0.127,2.93,50.3,36.9,0.919,89.21,8.23,6.1
84.0,0.107,2.2,48.4,33.0,0.97,88.98,8.47,5.71
78.4,0.146,1.3,41.9,27.7,0.929,88.16,10.36,4.05
63.6,0.132,3.2,51.7,39.5,0.975,89.9,7.99,6.48
78.8,0.116,2.89,52.4,38.1,0.939,89.44,8.38,6.26
63.1,0.088,1.99,30.8,19.0,0.958,89.13,5.19,5.93
67.4,0.106,2.51,41.2,28.3,0.968,89.45,6.77,6.08
77.3,0.097,2.51,43.5,28.8,0.942,88.88,6.85,6.35
78.6,0.106,2.42,46.5,31.8,0.968,88.89,7.85,5.93
60.7,0.13,1.41,31.7,20.1,0.93,88.46,7.14,4.44
87.6,0.114,2.26,50.7,34.2,0.929,89.0,9.05,5.6
81.9,0.102,2.83,49.4,34.5,0.964,89.33,7.84,6.3
66.5,0.102,2.35,36.4,23.8,0.919,88.82,6.1,5.97
56.5,0.094,2.3,31.3,19.8,0.957,89.47,4.96,6.3
73.3,0.098,1.83,34.2,20.6,0.906,88.9,6.34,5.39
69.6,0.117,1.65,37.5,24.5,0.951,88.37,7.57,4.95
76.4,0.128,1.31,39.5,25.0,0.975,87.84,9.26,4.27
70.6,0.101,2.48,39.4,26.5,0.937,89.18,6.5,6.06
50.9,0.127,1.99,31.5,20.9,0.933,89.66,5.89,5.35
70.3,0.11,1.43,33.6,21.2,0.943,88.07,7.09,4.74
71.3,0.141,2.59,52.6,39.1,0.958,89.73,9.37,5.61
82.6,0.123,1.81,46.0,31.0,0.929,87.9,9.16,5.02
66.6,0.117,1.67,34.6,21.8,0.9,88.3,6.81,5.07
95.1,0.121,1.85,53.2,35.4,0.94,88.63,10.51,5.06
52.1,0.129,2.0,30.7,20.8,0.934,89.78,6.1,5.03
90.7,0.103,2.33,50.0,34.1,0.943,88.72,8.59,5.83
72.3,0.151,1.66,45.8,31.8,0.957,89.35,10.16,4.51
85.3,0.096,2.61,46.4,30.8,0.923,89.65,7.35,6.31
76.0,0.121,2.34,47.2,33.1,0.94,89.62,8.43,5.6
88.7,0.122,1.84,49.4,33.3,0.92,88.22,9.73,5.07
70.4,0.13,2.02,41.7,28.6,0.937,89.48,8.35,4.99
61.8,0.091,1.89,28.6,17.1,0.928,88.52,5.09,5.63
92.0,0.161,2.13,65.5,48.9,0.93,89.2,13.41,4.88
73.6,0.098,2.86,43.0,29.6,0.946,89.63,6.66,6.46
77.7,0.126,1.88,45.3,30.5,0.955,89.03,9.11,4.98
89.8,0.12,2.19,52.5,36.3,0.901,89.18,9.48,5.53
62.6,0.129,1.75,37.4,24.9,0.97,89.16,7.62,4.91
82.1,0.11,2.37,47.2,31.8,0.929,89.16,8.2,5.76
67.9,0.09,2.24,34.4,21.9,0.951,88.53,5.68,6.05
73.4,0.129,2.76,50.3,36.9,0.91,90.53,8.4,5.98
75.9,0.112,1.69,38.9,24.9,0.946,88.27,7.85,4.96
57.0,0.116,2.45,34.8,24.0,0.954,89.43,6.13,5.69
65.7,0.085,2.73,33.6,21.3,0.913,88.95,4.99,6.72
91.2,0.158,1.88,62.5,45.6,0.973,89.12,13.7,4.56
85.6,0.094,2.04,44.3,28.5,0.961,88.61,7.57,5.86
74.2,0.098,2.2,38.6,24.3,0.943,88.95,6.71,5.76
77.9,0.117,1.98,41.6,27.5,0.913,89.43,8.08,5.14
71.5,0.122,2.19,43.5,30.8,0.969,89.54,8.24,5.28
91.3,0.133,2.44,58.7,42.4,0.905,89.01,10.72,5.47
72.6,0.094,2.04,34.9,20.8,0.909,89.52,6.03,5.78
77.8,0.16,2.04,55.9,41.7,0.956,88.97,11.61,4.82
88.8,0.105,2.23,49.0,32.1,0.92,88.86,8.38,5.85
65.7,0.126,1.9,38.4,26.1,0.937,88.83,7.55,5.09
93.7,0.102,1.93,48.3,31.0,0.943,88.55,8.82,5.47
56.6,0.144,1.65,34.3,23.3,0.937,89.24,7.47,4.59
94.6,0.102,2.08,47.0,30.7,0.907,88.46,8.5,5.53
70.5,0.106,2.32,40.6,27.6,0.959,89.64,7.02,5.79
72.1,0.135,1.97,45.0,31.2,0.919,89.26,8.72,5.16
52.3,0.142,1.71,32.7,22.4,0.959,89.68,6.93,4.72
69.5,0.127,2.05,42.4,29.4,0.969,89.58,8.36,5.06
62.5,0.112,2.3,37.2,25.3,0.943,89.27,6.43,5.79
67.7,0.113,2.16,39.7,26.8,0.957,89.6,7.13,5.56
73.4,0.136,3.2,55.2,42.5,0.903,89.84,8.81,6.26
86.5,0.142,1.77,50.8,35.1,0.903,88.98,10.79,4.71
77.5,0.098,2.02,38.6,24.5,0.916,88.93,6.77,5.7
78.7,0.088,2.49,41.3,26.4,0.929,88.87,6.24,6.62
61.9,0.09,1.75,28.2,16.0,0.915,87.78,4.98,5.66
64.4,0.139,3.06,50.5,38.1,0.951,90.7,8.29,6.09
96.6,0.111,2.1,53.0,35.5,0.922,88.85,9.61,5.52
66.2,0.103,2.38,37.1,25.3,0.968,89.35,6.41,5.79
94.9,0.101,2.11,49.4,32.6,0.945,88.63,8.8,5.61
72.1,0.152,2.61,55.1,41.7,0.93,90.34,9.91,5.56
75.0,0.141,1.57,44.2,30.3,0.971,89.29,9.99,4.43
87.8,0.115,2.89,59.0,42.9,0.966,89.79,9.49,6.21
90.3,0.13,2.22,57.8,42.2,0.966,89.28,11.01,5.25
73.7,0.123,2.43,47.6,33.5,0.958,89.61,8.45,5.64
70.3,0.104,1.73,34.9,22.1,0.949,88.61,6.77,5.16
74.3,0.122,2.27,45.0,32.0,0.929,89.0,8.23,5.46
79.1,0.108,1.62,39.1,24.1,0.934,88.38,7.79,5.01
85.7,0.141,2.69,64.4,49.1,0.952,89.26,11.21,5.75
75.1,0.116,1.46,36.8,22.5,0.914,88.13,7.79,4.72
82.4,0.123,2.18,51.6,37.1,0.966,88.98,9.52,5.42
94.7,0.11,1.91,51.2,34.2,0.975,88.78,9.92,5.16
79.6,0.117,1.32,37.9,23.6,0.908,87.67,8.23,4.61
78.7,0.129,1.63,43.2,28.5,0.902,88.34,8.92,4.84
56.8,0.116,2.32,34.4,23.7,0.911,89.23,5.84,5.9
50.0,0.136,1.65,30.0,19.8,0.961,89.53,6.36,4.72
79.7,0.128,1.77,44.8,30.3,0.909,88.66,9.04,4.96
73.9,0.123,2.29,45.9,32.3,0.93,89.99,8.21,5.59
68.8,0.114,2.56,42.4,29.1,0.905,89.13,6.9,6.15
77.9,0.119,2.43,49.0,33.7,0.935,89.31,8.47,5.78
74.3,0.127,2.08,46.6,32.9,0.948,88.41,8.7,5.36
88.5,0.096,2.21,45.7,29.8,0.95,89.03,7.87,5.8
76.0,0.104,2.16,41.1,27.0,0.942,89.29,7.24,5.67
66.0,0.091,1.58,30.3,17.7,0.975,87.88,5.69,5.33
86.9,0.122,2.24,52.1,36.9,0.942,88.91,9.77,5.33
72.4,0.105,1.58,35.5,22.3,0.969,88.02,7.19,4.94
81.3,0.098,2.41,45.3,30.9,0.979,89.0,7.64,5.93
69.3,0.11,2.17,38.2,25.6,0.918,88.99,6.84,5.58
67.2,0.093,1.2,28.1,14.8,0.921,87.44,5.62,5.01
76.0,0.092,2.59,40.3,27.1,0.942,89.05,6.43,6.27
75.2,0.102,1.84,37.1,22.9,0.915,87.9,6.82,5.44
80.8,0.101,1.8,40.2,25.4,0.945,88.31,7.5,5.35
71.8,0.12,2.58,47.4,33.8,0.955,89.43,8.01,5.92
53.0,0.089,2.02,25.5,15.5,0.905,88.54,4.17,6.11
69.8,0.114,2.4,42.2,29.2,0.955,89.5,7.4,5.7
84.5,0.088,1.77,38.8,22.8,0.913,87.48,6.64,5.84
71.4,0.141,2.5,51.0,37.7,0.924,89.95,9.1,5.6
72.0,0.102,2.2,39.8,25.7,0.959,89.06,6.86,5.81
86.8,0.103,2.3,45.4,30.6,0.913,88.76,7.93,5.72
66.5,0.138,2.01,43.2,30.4,0.943,88.98,8.45,5.12
56.5,0.091,2.91,32.0,20.9,0.947,89.15,4.74,6.74
73.1,0.122,3.04,50.2,37.1,0.913,90.15,7.94,6.32
69.2,0.148,1.2,37.8,24.4,0.922,87.58,9.19,4.12
63.4,0.11,2.56,38.8,27.0,0.949,89.01,6.45,6.03
72.9,0.097,1.56,32.7,19.0,0.937,88.01,6.43,5.09
80.9,0.094,2.35,42.5,27.9,0.953,88.89,7.03,6.04
74.9,0.12,1.21,35.6,21.9,0.968,87.8,8.5,4.2
78.7,0.109,2.3,44.8,29.9,0.911,89.02,7.63,5.86
96.8,0.084,1.68,41.1,22.6,0.906,88.09,7.16,5.74
70.9,0.115,1.87,38.6,25.6,0.953,88.76,7.56,5.1
78.3,0.116,1.88,43.8,28.8,0.962,88.34,8.53,5.13
68.9,0.101,1.73,34.6,21.0,0.936,88.63,6.35,5.45
64.8,0.13,1.75,37.3,24.7,0.932,89.33,7.68,4.86
68.0,0.082,1.9,30.4,17.2,0.948,88.85,5.16,5.9
69.3,0.121,2.02,40.3,27.5,0.944,89.26,7.75,5.2
79.3,0.131,2.26,51.7,37.4,0.939,89.73,9.53,5.43
100.0,0.138,3.03,79.4,61.6,0.965,89.69,13.01,6.1
66.4,0.122,1.63,35.8,23.1,0.914,88.58,7.2,4.97
70.0,0.106,2.16,37.9,24.8,0.954,88.59,6.87,5.51
74.2,0.114,2.49,45.7,32.1,0.959,89.5,7.88,5.8
79.7,0.095,1.75,37.3,22.8,0.972,88.79,7.22,5.17
78.2,0.101,1.2,34.2,19.9,0.976,86.43,7.55,4.54
90.4,0.103,1.2,39.2,22.4,0.941,86.37,8.54,4.59
50.0,0.12,1.2,24.8,15.2,0.935,87.53,5.48,4.53
50.0,0.086,2.87,28.5,18.3,0.94,89.21,3.92,7.27
69.0,0.117,2.41,42.8,29.5,0.959,89.72,7.52,5.69
88.2,0.101,2.48,47.9,32.0,0.901,88.46,7.81,6.13
56.2,0.144,2.59,41.3,30.2,0.914,90.37,7.19,5.75
50.0,0.121,1.81,29.9,19.4,0.973,89.48,5.72,5.22
81.9,0.088,3.2,47.2,32.3,0.916,89.59,6.43,7.35
77.9,0.119,2.27,46.6,32.4,0.918,89.27,8.33,5.59
61.9,0.133,2.06,40.7,29.2,0.975,89.64,7.84,5.2
63.2,0.117,2.66,40.5,28.8,0.924,89.34,6.64,6.11
63.4,0.104,2.43,36.0,23.5,0.923,89.53,5.91,6.09
76.3,0.119,2.77,51.9,37.7,0.974,89.42,8.64,6.01
67.5,0.13,2.8,46.6,34.5,0.93,90.23,7.95,5.87
80.9,0.167,1.92,57.1,41.6,0.94,89.63,12.37,4.62
50.0,0.14,2.19,34.4,24.5,0.945,89.57,6.43,5.35
64.7,0.127,1.65,37.9,25.3,0.969,88.81,7.79,4.86
61.5,0.115,1.29,29.2,17.2,0.906,87.83,6.26,4.67
71.9,0.091,2.52,38.7,25.5,0.921,89.05,5.89,6.57
68.5,0.12,2.58,44.3,31.8,0.947,89.66,7.58,5.84
84.6,0.104,1.2,36.8,21.6,0.935,87.11,8.02,4.59
52.7,0.137,1.74,30.4,20.1,0.922,89.0,6.5,4.68
75.5,0.097,2.13,39.6,25.3,0.933,88.58,6.7,5.91
81.7,0.118,2.18,49.7,33.9,0.977,89.17,9.16,5.43
97.3,0.144,3.12,77.3,59.4,0.902,90.29,12.28,6.29
69.2,0.116,1.79,36.6,24.3,0.912,88.69,7.15,5.13
78.9,0.135,2.01,48.1,33.6,0.901,89.04,9.39,5.12
53.4,0.127,2.42,35.1,25.5,0.947,89.59,6.28,5.59
50.0,0.163,1.92,34.8,24.5,0.901,90.21,7.16,4.86
85.1,0.108,1.85,44.1,28.6,0.936,88.81,8.38,5.27
74.9,0.09,1.81,36.4,22.4,0.969,88.32,6.39,5.71
89.1,0.092,2.22,44.0,27.8,0.908,88.44,7.28,6.04
58.5,0.09,2.01,28.5,17.1,0.929,88.64,4.75,5.99
81.2,0.104,2.44,44.9,30.2,0.93,88.88,7.69,5.84
97.4,0.118,2.28,58.4,40.8,0.929,88.8,10.45,5.59
80.0,0.121,1.2,37.9,23.5,0.958,87.01,9.03,4.2
78.3,0.118,1.22,36.3,21.6,0.9,87.02,8.11,4.48
75.1,0.11,1.85,40.5,26.4,0.962,89.08,7.78,5.21
56.1,0.167,2.59,46.8,35.6,0.967,90.96,8.82,5.3
91.3,0.117,1.77,49.0,32.5,0.935,88.02,9.73,5.04
67.7,0.13,2.29,45.6,32.3,0.971,89.36,8.33,5.47
81.1,0.104,2.4,47.0,31.3,0.93,88.82,7.68,6.12
56.2,0.122,2.37,35.1,24.7,0.956,89.82,6.37,5.51
60.8,0.098,1.83,30.0,18.8,0.931,88.59,5.41,5.55
92.2,0.086,1.53,38.2,21.5,0.903,87.16,7.01,5.45
70.8,0.11,1.44,32.6,19.5,0.907,88.5,6.86,4.75
92.4,0.102,3.2,58.6,41.6,0.935,89.54,8.61,6.8
74.1,0.108,2.33,43.8,29.7,0.979,88.9,7.64,5.72
52.9,0.106,3.02,34.5,23.9,0.914,90.48,5.01,6.88
85.7,0.093,1.68,39.7,24.7,0.972,87.63,7.59,5.23
67.9,0.097,2.72,38.8,25.9,0.974,89.69,6.23,6.23
83.4,0.095,1.86,40.2,24.1,0.933,89.24,7.23,5.56
75.3,0.108,2.09,41.3,27.1,0.937,88.92,7.41,5.58
56.5,0.081,1.96,26.9,15.9,0.94,88.67,4.21,6.39
77.0,0.099,1.66,38.0,23.5,0.962,88.25,7.17,5.3
100.0,0.117,1.67,50.3,32.6,0.91,88.85,10.38,4.84
80.9,0.127,2.08,48.6,33.5,0.926,89.62,9.25,5.26
74.3,0.104,1.81,36.1,22.2,0.914,88.4,6.91,5.22
87.9,0.111,2.16,48.5,32.9,0.97,89.01,9.23,5.25
77.5,0.119,1.68,40.2,25.7,0.906,88.79,8.17,4.92
77.5,0.131,2.45,53.5,39.0,0.96,89.41,9.48,5.64
61.9,0.087,1.87,29.1,16.8,0.935,88.23,4.9,5.94
77.8,0.103,2.92,48.2,33.7,0.957,89.87,7.46,6.46
87.4,0.117,2.07,51.8,35.7,0.971,89.07,9.71,5.34
65.0,0.107,2.05,36.1,23.7,0.927,89.19,6.3,5.74
92.1,0.093,2.9,50.9,34.1,0.918,89.54,7.66,6.65
73.9,0.11,1.85,39.8,25.5,0.952,88.3,7.54,5.28
64.3,0.126,1.9,38.8,26.2,0.98,89.03,7.78,4.99
87.0,0.169,1.75,59.7,44.1,0.958,89.97,13.74,4.34
71.6,0.137,2.2,47.6,34.2,0.964,89.7,9.2,5.18
84.1,0.119,1.73,46.5,31.6,0.95,88.67,9.25,5.03
71.5,0.111,2.49,43.3,29.3,0.929,89.47,7.17,6.04
74.3,0.134,2.08,47.6,34.0,0.952,88.65,9.27,5.13
80.9,0.11,2.52,47.6,33.0,0.91,89.03,7.92,6.01
78.5,0.129,2.46,51.9,36.7,0.939,89.85,9.24,5.62
51.1,0.098,1.84,25.5,15.6,0.946,88.69,4.59,5.55
61.5,0.095,1.73,28.6,17.1,0.973,88.45,5.55,5.15
86.2,0.109,1.94,48.2,32.2,0.974,88.74,8.95,5.39
73.4,0.09,2.1,35.8,22.0,0.905,88.47,5.84,6.13
68.7,0.104,2.27,37.9,25.2,0.951,88.77,6.62,5.72
58.7,0.113,2.32,35.7,24.2,0.964,89.52,6.24,5.73
62.0,0.115,2.08,36.7,24.5,0.943,89.13,6.58,5.58
50.7,0.113,1.76,27.1,16.6,0.908,89.01,5.06,5.36
73.8,0.083,1.81,31.3,17.4,0.919,87.8,5.47,5.72
67.8,0.11,2.36,40.0,26.8,0.925,89.2,6.74,5.93
63.4,0.151,1.77,42.0,29.5,0.953,89.46,8.87,4.74
74.2,0.123,2.38,43.9,30.2,0.905,90.49,8.05,5.45
79.4,0.091,2.4,42.1,26.7,0.944,89.06,6.66,6.33
100.0,0.159,2.87,81.3,63.0,0.909,90.05,14.09,5.77
56.9,0.106,1.86,30.9,19.3,0.932,89.1,5.49,5.63
88.9,0.126,1.94,51.4,35.2,0.934,88.9,10.22,5.03
86.7,0.113,1.2,39.6,23.4,0.936,87.25,8.97,4.42
65.7,0.111,1.63,34.4,21.8,0.957,88.1,6.81,5.06
77.4,0.094,1.62,34.4,19.6,0.906,87.92,6.44,5.34
69.5,0.092,2.35,35.6,22.6,0.921,89.22,5.72,6.22
77.2,0.096,3.0,46.9,32.8,0.951,89.12,6.91,6.79
93.1,0.097,2.39,51.7,34.3,0.975,89.03,8.6,6.01
82.3,0.104,2.6,48.3,33.0,0.95,88.6,7.93,6.09
81.1,0.106,1.74,41.2,25.9,0.971,88.65,8.11,5.08
69.8,0.144,1.5,41.0,28.4,0.977,88.44,9.6,4.28
57.2,0.142,1.98,36.5,25.6,0.971,89.76,7.68,4.75
72.5,0.117,1.79,40.1,26.7,0.978,89.06,8.12,4.94
89.5,0.152,1.67,56.7,39.9,0.962,89.14,12.73,4.45
56.7,0.152,2.21,42.5,31.0,0.971,90.01,8.18,5.2
62.3,0.106,1.51,30.5,18.5,0.939,87.55,6.02,5.06
76.5,0.097,2.51,41.7,27.2,0.928,88.6,6.7,6.22
63.2,0.127,1.9,38.1,26.0,0.98,88.69,7.65,4.98
65.5,0.106,2.08,33.7,21.6,0.908,89.34,6.14,5.49
69.9,0.137,2.15,46.8,33.6,0.977,88.98,9.11,5.13
58.6,0.117,1.87,32.0,20.9,0.934,88.95,6.23,5.13
63.3,0.124,2.73,42.8,30.8,0.902,89.73,6.9,6.2
83.4,0.143,1.3,45.6,30.4,0.964,87.85,11.2,4.08
59.3,0.115,2.74,39.8,27.6,0.936,90.08,6.22,6.4
55.8,0.103,1.93,29.7,18.7,0.964,89.03,5.39,5.52
67.4,0.115,2.56,41.9,29.3,0.904,89.88,6.84,6.13
83.8,0.092,2.2,43.5,27.9,0.978,88.4,7.39,5.89
72.6,0.117,2.53,45.3,31.9,0.954,89.87,7.87,5.75
69.4,0.121,2.04,40.8,26.6,0.904,89.21,7.41,5.5
75.5,0.103,2.22,39.2,25.0,0.9,89.32,6.85,5.73
54.1,0.125,2.65,36.4,26.7,0.948,89.79,6.24,5.83
80.9,0.101,2.15,44.2,29.6,0.978,88.16,7.81,5.67
79.6,0.132,2.77,58.6,43.2,0.942,89.98,9.67,6.06
70.1,0.137,2.28,47.0,33.7,0.928,89.55,8.71,5.39
87.1,0.158,1.73,57.8,42.1,0.975,89.31,13.11,4.41
61.5,0.114,1.92,36.2,24.2,0.979,89.19,6.68,5.41
88.5,0.106,2.54,51.9,36.4,0.963,90.2,8.82,5.89
76.9,0.153,1.48,45.4,31.5,0.957,88.89,10.98,4.14
71.0,0.113,2.5,41.6,28.8,0.9,89.39,7.02,5.93
74.8,0.11,1.92,38.7,24.9,0.925,88.23,7.4,5.23
73.7,0.103,1.46,34.9,20.5,0.974,87.52,7.2,4.85
89.6,0.155,2.2,64.1,47.5,0.929,89.12,12.56,5.11
62.1,0.135,1.75,35.9,23.8,0.927,88.83,7.56,4.75
65.8,0.134,1.81,38.8,26.6,0.943,89.01,8.12,4.79
87.4,0.164,1.79,58.4,42.1,0.936,89.15,13.05,4.48
67.9,0.112,2.16,39.1,26.6,0.969,89.69,7.17,5.46
85.8,0.152,1.91,54.9,39.2,0.907,88.8,11.54,4.75
95.4,0.139,2.3,65.8,48.2,0.953,88.77,12.29,5.35
70.2,0.109,2.61,43.4,30.2,0.956,89.8,7.1,6.11
83.2,0.119,2.37,51.8,36.2,0.97,89.74,9.37,5.53
61.2,0.158,3.0,53.3,41.6,0.933,90.27,8.82,6.05
84.1,0.102,3.13,53.2,37.2,0.924,89.83,7.74,6.88
77.4,0.136,1.95,47.6,33.1,0.95,89.38,9.74,4.89
80.7,0.093,1.52,36.0,21.4,0.958,87.17,6.97,5.16
67.3,0.154,1.96,45.7,33.1,0.914,89.26,9.23,4.95
55.1,0.103,2.16,29.4,18.7,0.913,89.13,5.05,5.82
81.0,0.11,3.2,53.3,38.0,0.921,90.33,7.98,6.68
50.2,0.109,1.91,28.2,17.4,0.92,89.32,4.93,5.72
71.2,0.096,2.24,38.1,25.3,0.96,88.87,6.37,5.98
86.3,0.119,1.76,46.0,30.4,0.942,88.23,9.44,4.87
77.3,0.123,1.93,44.8,29.9,0.944,88.37,8.74,5.12
98.4,0.09,1.49,41.0,23.3,0.901,87.77,7.81,5.25
87.3,0.116,1.37,42.2,26.3,0.98,87.69,9.68,4.36
67.2,0.106,2.78,43.8,30.8,0.966,89.84,6.7,6.54
75.3,0.116,2.63,47.7,34.2,0.935,89.09,7.99,5.97
74.4,0.149,1.92,47.7,33.6,0.905,89.52,9.81,4.86
56.0,0.125,2.63,39.1,28.0,0.956,89.86,6.54,5.97
63.7,0.099,1.45,29.1,16.9,0.943,87.66,5.81,5.02
68.3,0.103,2.01,36.3,23.0,0.954,89.11,6.56,5.54
50.6,0.144,2.19,34.9,24.9,0.954,89.47,6.8,5.14
75.6,0.11,2.73,45.7,31.6,0.912,89.58,7.38,6.19
72.0,0.092,2.2,36.4,22.8,0.926,88.86,5.98,6.09
54.9,0.088,2.37,27.6,17.6,0.901,89.7,4.25,6.48
79.9,0.13,1.87,49.2,34.0,0.979,89.19,9.91,4.96
83.6,0.141,2.23,57.5,41.9,0.965,89.43,11.09,5.19
77.7,0.089,2.73,43.3,28.6,0.974,89.33,6.55,6.61
71.1,0.122,1.29,35.4,21.9,0.904,87.86,7.64,4.63
82.1,0.119,2.67,53.9,38.2,0.94,89.5,8.99,5.99
83.2,0.117,2.0,46.6,31.2,0.96,88.56,9.07,5.14
78.7,0.138,1.4,42.2,27.7,0.908,87.86,9.61,4.39
65.1,0.088,1.97,31.2,19.5,0.962,88.31,5.37,5.8
78.3,0.099,2.75,43.9,29.9,0.952,89.67,7.16,6.13
89.3,0.093,1.86,43.3,27.1,0.979,88.41,7.91,5.47
67.8,0.118,2.25,39.5,26.6,0.911,89.23,7.13,5.54
100.0,0.105,1.29,43.9,26.1,0.95,86.76,9.72,4.51
68.7,0.124,1.2,34.2,21.3,0.976,87.5,8.13,4.21
75.4,0.08,1.56,30.5,16.8,0.959,87.29,5.67,5.37
66.9,0.091,2.61,35.4,22.3,0.927,88.97,5.49,6.45
77.7,0.142,2.07,49.8,35.4,0.91,89.33,9.79,5.08
54.1,0.118,2.65,36.8,25.7,0.977,90.75,6.09,6.04
68.4,0.098,2.68,37.3,24.5,0.906,89.61,5.92,6.31
61.9,0.102,1.72,30.5,18.5,0.978,88.63,6.0,5.09
76.6,0.155,2.88,63.4,49.0,0.924,89.71,10.71,5.92
86.9,0.112,1.83,47.3,31.3,0.969,88.17,9.2,5.14
82.8,0.108,2.6,47.9,33.1,0.944,89.79,8.25,5.81
50.0,0.139,2.58,36.6,26.7,0.973,90.0,6.59,5.56
99.5,0.096,2.13,49.2,32.1,0.934,88.54,8.66,5.68
78.5,0.112,2.13,46.1,30.9,0.968,89.24,8.31,5.55
65.7,0.112,2.26,36.7,25.6,0.919,89.2,6.59,5.57
76.9,0.121,2.16,46.7,32.1,0.937,89.01,8.52,5.49
77.1,0.158,1.9,53.6,39.2,0.968,88.71,11.52,4.65
67.0,0.085,1.86,29.4,17.3,0.909,88.1,5.05,5.81
77.4,0.117,1.91,43.2,28.8,0.958,89.02,8.45,5.12
67.7,0.099,2.71,38.8,26.4,0.935,89.35,6.14,6.32
70.1,0.11,1.31,32.1,18.7,0.941,87.8,7.09,4.52
66.8,0.14,1.85,42.0,29.4,0.946,88.62,8.64,4.86
57.8,0.122,1.94,32.3,20.9,0.922,89.5,6.36,5.07
76.8,0.096,1.99,36.5,22.3,0.908,88.67,6.51,5.6
82.0,0.111,2.25,47.0,31.4,0.901,88.57,8.04,5.85
81.2,0.09,1.43,33.7,19.2,0.934,87.88,6.64,5.08
84.8,0.088,2.61,44.8,29.5,0.922,88.56,6.74,6.65
78.9,0.09,2.54,41.8,27.3,0.951,89.5,6.6,6.33
68.6,0.13,2.44,46.2,33.3,0.957,89.67,8.35,5.53
85.1,0.112,2.0,47.0,31.8,0.94,88.45,8.75,5.37
58.7,0.141,1.73,34.8,24.2,0.95,89.74,7.64,4.55
64.2,0.106,1.94,34.3,21.8,0.945,89.07,6.26,5.47
63.4,0.14,2.13,40.6,28.4,0.9,90.01,7.79,5.22
88.0,0.094,2.43,48.2,31.5,0.967,89.09,7.76,6.21
86.3,0.131,2.06,52.1,35.8,0.905,88.97,9.95,5.24
80.8,0.138,2.28,54.7,39.7,0.933,89.15,10.15,5.39
87.9,0.113,1.88,45.8,30.0,0.909,88.51,8.77,5.22
64.4,0.091,2.24,33.4,20.6,0.953,89.16,5.45,6.12
79.2,0.096,1.98,38.5,24.2,0.926,88.91,6.84,5.63
73.5,0.099,2.23,37.7,23.6,0.906,88.91,6.41,5.88
85.2,0.125,1.22,40.6,25.5,0.904,87.41,9.35,4.34
73.6,0.159,2.34,54.3,39.7,0.919,90.45,10.47,5.19
70.4,0.087,2.37,35.1,22.3,0.953,89.14,5.71,6.15
81.5,0.116,2.36,49.6,35.0,0.957,88.57,8.83,5.62
85.5,0.096,1.61,37.7,22.8,0.91,87.93,7.27,5.19
67.0,0.118,1.74,36.4,23.8,0.911,88.69,7.02,5.18
74.3,0.111,1.67,38.9,24.8,0.947,88.34,7.63,5.09
62.3,0.124,2.26,39.2,27.5,0.977,88.99,7.37,5.32
50.0,0.12,2.43,31.3,21.6,0.944,89.93,5.53,5.65
77.4,0.12,1.75,41.3,27.5,0.957,88.42,8.67,4.76
82.3,0.134,2.76,59.3,44.0,0.946,89.69,10.18,5.82
78.1,0.122,2.75,51.3,36.5,0.908,89.96,8.41,6.09
51.6,0.113,2.17,31.8,21.5,0.976,89.2,5.56,5.73
70.8,0.138,2.29,46.8,33.2,0.906,89.58,8.66,5.41
50.0,0.131,1.26,26.0,16.5,0.961,87.9,6.13,4.24
91.4,0.115,1.84,50.2,33.8,0.978,88.41,10.01,5.02
62.0,0.123,1.47,31.5,19.7,0.926,88.13,6.86,4.59
90.1,0.106,1.65,43.7,26.8,0.914,87.91,8.5,5.14
86.4,0.151,2.36,63.3,47.0,0.945,90.18,11.99,5.28
64.2,0.107,2.48,40.5,27.9,0.964,89.35,6.46,6.26
61.4,0.1,2.5,36.6,24.4,0.976,89.56,5.82,6.28
79.2,0.102,2.22,44.0,29.7,0.955,89.03,7.55,5.83
64.9,0.136,2.36,43.9,31.5,0.927,89.77,7.99,5.49
76.2,0.125,1.31,37.8,24.3,0.94,87.81,8.71,4.35
69.2,0.091,1.46,31.0,17.6,0.961,87.53,5.91,5.23
53.6,0.122,2.0,31.0,20.5,0.963,89.85,6.16,5.03
50.0,0.102,2.4,27.4,16.6,0.906,89.27,4.52,6.06
77.7,0.16,1.88,52.8,38.3,0.949,89.22,11.5,4.59
68.3,0.087,1.42,29.9,17.3,0.977,87.22,5.69,5.26
68.4,0.098,1.75,33.1,20.3,0.963,88.79,6.3,5.26
83.4,0.145,1.63,48.8,33.7,0.901,88.27,10.61,4.6
89.1,0.127,1.24,44.0,28.0,0.918,87.53,10.13,4.34
71.7,0.119,3.2,50.7,37.3,0.936,89.97,7.76,6.54
70.9,0.107,2.72,44.7,31.8,0.957,89.61,7.1,6.3
81.0,0.12,1.2,37.8,22.9,0.944,87.57,8.93,4.23
58.7,0.091,1.2,23.0,12.4,0.906,86.95,4.7,4.89
77.7,0.142,1.7,46.6,32.1,0.959,89.28,10.31,4.51
81.6,0.107,1.36,38.2,23.5,0.967,87.36,8.25,4.64
83.2,0.081,3.2,44.5,29.8,0.916,89.41,6.05,7.36
51.8,0.118,1.7,28.2,17.7,0.905,88.8,5.39,5.24
65.9,0.097,2.28,35.5,23.7,0.963,89.4,6.0,5.93
64.5,0.125,1.85,38.6,26.1,0.951,88.66,7.45,5.18
76.2,0.13,1.52,42.8,28.4,0.964,88.31,9.34,4.58
80.8,0.12,2.62,53.2,38.6,0.945,89.51,8.97,5.93
93.0,0.112,2.43,54.8,38.0,0.934,89.24,9.49,5.77
69.1,0.112,2.07,39.6,26.5,0.977,89.24,7.36,5.39
69.0,0.15,3.2,60.8,47.7,0.962,89.99,9.7,6.27
88.8,0.113,2.22,50.3,33.8,0.933,89.43,9.13,5.51
78.6,0.11,1.87,43.5,28.7,0.973,88.65,8.23,5.29
90.2,0.091,3.06,54.1,37.3,0.979,89.48,7.85,6.9
78.5,0.101,2.3,43.0,28.0,0.925,88.62,7.14,6.03
61.1,0.117,2.91,42.0,30.2,0.971,89.77,6.79,6.18
59.0,0.127,2.08,34.9,23.5,0.904,89.82,6.6,5.29
56.4,0.102,1.2,25.1,14.1,0.917,87.91,5.16,4.85
82.9,0.148,1.32,45.7,30.6,0.913,88.02,10.94,4.17
89.3,0.158,2.64,71.6,54.7,0.929,89.8,12.74,5.62
97.2,0.091,1.81,44.5,27.3,0.945,87.68,8.18,5.44
85.1,0.116,2.23,51.2,35.1,0.958,89.36,9.25,5.54
89.0,0.109,2.67,55.5,39.4,0.972,89.38,9.17,6.05
68.0,0.102,2.19,37.2,23.9,0.913,88.31,6.2,6.01
61.1,0.128,1.67,35.2,23.1,0.946,88.19,7.21,4.88
85.2,0.136,2.09,54.2,38.6,0.944,89.29,10.67,5.08
80.0,0.106,2.15,42.3,27.4,0.937,88.66,7.73,5.46
76.3,0.096,1.9,37.5,23.7,0.956,88.21,6.86,5.47
79.6,0.106,1.41,36.4,21.4,0.941,87.62,7.78,4.68
78.9,0.118,1.92,44.9,29.9,0.944,88.95,8.56,5.25
90.4,0.124,2.05,55.6,38.6,0.972,89.4,10.62,5.23
90.5,0.12,1.38,44.4,28.0,0.969,87.3,10.28,4.32
81.5,0.127,1.64,45.9,30.0,0.946,88.56,9.52,4.82
85.1,0.125,1.74,46.5,31.0,0.912,88.17,9.45,4.92
81.2,0.106,1.2,36.7,21.9,0.977,86.83,8.16,4.5
69.5,0.13,2.16,43.4,30.4,0.95,89.48,8.39,5.18
84.1,0.142,2.22,58.2,42.8,0.965,89.34,11.25,5.18
58.3,0.093,1.83,26.1,15.4,0.904,88.22,4.79,5.45
87.6,0.128,1.42,46.7,31.1,0.972,88.0,10.66,4.38
60.7,0.1,2.3,33.3,22.1,0.955,89.58,5.63,5.91
78.4,0.097,2.37,42.5,27.8,0.955,89.91,7.12,5.97
64.9,0.122,2.15,39.2,26.2,0.909,89.45,7.02,5.58
81.6,0.093,2.12,40.5,25.7,0.957,88.81,7.12,5.69
74.6,0.145,2.4,51.5,37.6,0.906,89.84,9.56,5.39
55.9,0.115,2.05,31.7,21.1,0.904,88.83,5.66,5.61
80.0,0.135,1.64,46.5,31.4,0.926,88.08,9.75,4.76
68.1,0.134,2.06,41.1,28.1,0.902,89.33,7.99,5.15
85.6,0.102,1.9,42.8,26.7,0.913,87.71,7.8,5.49
75.0,0.113,2.06,41.9,28.3,0.958,88.61,7.88,5.31
79.7,0.116,2.54,51.0,36.3,0.967,89.24,8.69,5.87
63.5,0.094,1.5,27.8,15.7,0.914,88.33,5.31,5.23
67.9,0.11,2.19,39.9,27.1,0.966,89.31,7.01,5.68
69.5,0.104,1.47,34.1,20.5,0.938,87.42,6.6,5.16
85.3,0.127,1.64,48.9,33.5,0.977,88.35,10.32,4.74
95.1,0.104,2.89,58.6,41.5,0.911,89.44,8.82,6.64
65.3,0.114,2.33,36.7,24.6,0.904,89.69,6.56,5.6
87.9,0.104,2.18,49.0,32.0,0.968,89.2,8.59,5.7
50.0,0.116,1.27,23.4,13.8,0.929,88.25,5.27,4.45
60.7,0.118,1.98,34.3,22.3,0.937,89.38,6.52,5.25
63.5,0.128,1.2,32.0,20.4,0.941,87.7,7.44,4.31
58.8,0.127,2.12,37.6,26.0,0.966,89.57,7.06,5.33
56.0,0.141,1.48,30.0,19.5,0.906,88.9,6.99,4.29
80.0,0.138,2.38,56.8,41.9,0.944,89.28,10.16,5.59
72.4,0.166,2.18,53.3,39.6,0.934,89.74,10.94,4.88
79.6,0.101,1.49,36.2,21.5,0.927,87.56,7.27,4.98
83.3,0.122,2.29,51.3,35.7,0.928,89.39,9.23,5.56
78.2,0.116,3.15,55.8,41.1,0.974,89.64,8.61,6.49
82.9,0.12,2.0,46.8,31.8,0.921,89.25,8.93,5.24
74.2,0.128,2.54,49.6,35.5,0.936,89.66,8.65,5.73
60.8,0.1,1.2,27.0,15.2,0.939,87.61,5.56,4.85
87.7,0.107,2.33,51.5,35.1,0.958,88.29,8.78,5.86
67.9,0.087,1.82,28.9,16.6,0.942,88.2,5.41,5.34
63.8,0.127,1.97,37.3,25.1,0.95,89.55,7.49,4.99
72.9,0.095,2.4,39.4,25.7,0.932,89.17,6.29,6.26
64.0,0.102,1.98,33.7,21.6,0.957,89.3,6.09,5.53
70.0,0.095,1.29,29.7,16.1,0.937,87.42,6.06,4.9
79.1,0.127,2.86,54.7,40.4,0.918,89.41,8.99,6.09
79.2,0.13,1.37,42.3,27.4,0.965,88.5,9.72,4.35
64.2,0.094,1.68,28.8,16.8,0.961,88.13,5.65,5.1
69.1,0.081,2.16,34.5,20.9,0.95,88.57,5.21,6.62
87.9,0.129,2.17,54.5,38.3,0.942,89.42,10.45,5.22
81.0,0.15,2.31,56.7,42.4,0.917,89.31,10.87,5.22
99.9,0.132,2.17,66.2,47.8,0.969,88.53,12.46,5.32
89.2,0.141,2.67,64.3,47.8,0.908,89.38,11.1,5.79
88.7,0.106,2.35,50.0,33.7,0.931,89.3,8.53,5.86
58.3,0.13,1.51,31.7,20.6,0.968,89.27,7.19,4.41
84.2,0.143,1.2,44.2,29.1,0.948,87.41,11.13,3.97
74.4,0.091,2.18,36.8,22.7,0.935,88.63,6.18,5.95
68.4,0.166,2.83,60.3,48.0,0.963,90.78,10.65,5.66
77.0,0.115,1.47,38.6,24.5,0.979,87.75,8.42,4.58
86.3,0.105,1.58,40.6,24.5,0.915,87.79,8.09,5.02
81.0,0.138,2.28,51.8,37.4,0.904,89.6,9.88,5.25
64.5,0.095,2.34,33.9,22.1,0.937,89.64,5.59,6.06
83.9,0.112,2.66,52.3,36.6,0.923,89.4,8.44,6.19
67.3,0.105,2.92,41.7,29.1,0.953,89.55,6.59,6.34
77.6,0.094,2.22,40.3,25.3,0.94,89.73,6.7,6.02
71.4,0.144,1.64,42.8,29.6,0.94,88.53,9.39,4.56
72.4,0.103,1.65,35.2,22.3,0.928,88.1,6.78,5.2
84.2,0.129,1.83,47.7,31.8,0.917,88.6,9.71,4.92
62.5,0.12,2.62,39.1,27.7,0.917,89.96,6.72,5.83
98.3,0.155,1.85,64.4,47.1,0.931,88.71,13.85,4.65
53.1,0.132,2.58,37.6,27.2,0.955,90.32,6.54,5.74
67.8,0.095,1.34,30.1,17.2,0.927,87.49,5.83,5.16
79.4,0.106,2.24,44.6,29.7,0.926,88.94,7.59,5.88
82.0,0.094,1.72,38.5,23.0,0.934,87.98,7.03,5.48
73.8,0.162,2.36,57.5,44.7,0.979,89.91,11.4,5.04
74.3,0.128,1.97,42.8,29.3,0.907,89.24,8.41,5.09
79.9,0.124,2.5,51.7,36.5,0.924,89.46,8.9,5.81
72.2,0.092,1.88,33.6,20.4,0.923,88.64,5.96,5.63
91.7,0.106,2.09,51.5,34.9,0.978,88.43,9.28,5.55
85.1,0.092,2.5,44.4,28.2,0.933,88.77,7.1,6.25
85.5,0.13,2.05,52.1,36.5,0.945,89.04,10.23,5.1
63.4,0.104,2.13,33.8,21.8,0.916,89.19,5.89,5.75
74.0,0.115,2.48,43.9,30.2,0.901,89.46,7.47,5.88
71.4,0.126,2.06,43.2,29.3,0.927,89.02,8.15,5.3
62.9,0.118,1.31,30.2,18.8,0.951,87.8,6.9,4.38
79.3,0.12,1.81,45.7,30.3,0.955,88.69,8.86,5.16
68.5,0.098,1.2,29.2,16.4,0.96,87.05,6.26,4.67
82.9,0.126,1.98,49.4,34.3,0.969,88.71,9.86,5.01
62.2,0.089,2.34,31.4,19.7,0.909,89.38,4.92,6.38
95.6,0.108,2.16,50.7,33.9,0.907,88.75,9.13,5.55
64.2,0.087,2.8,34.7,23.3,0.963,89.19,5.24,6.61
77.6,0.13,2.74,54.6,39.7,0.935,89.69,9.21,5.93
84.5,0.114,2.23,49.5,34.9,0.976,88.86,9.2,5.38
68.2,0.128,1.2,34.8,21.9,0.975,87.47,8.31,4.19
85.2,0.118,2.44,50.7,35.3,0.911,89.78,8.97,5.66
60.2,0.103,1.71,30.3,18.5,0.955,88.64,5.79,5.24
92.4,0.095,2.54,48.5,32.5,0.905,89.04,7.72,6.29
75.2,0.151,2.26,51.7,38.0,0.932,90.17,10.33,5.0
67.8,0.151,2.43,51.2,38.1,0.967,90.02,9.64,5.31
71.4,0.157,2.35,55.2,41.7,0.937,90.04,10.27,5.37
84.7,0.087,3.2,47.2,32.0,0.903,89.35,6.5,7.27
68.0,0.119,2.36,42.3,29.4,0.919,89.36,7.27,5.82
66.0,0.132,1.46,35.8,22.5,0.907,88.47,7.72,4.63
72.3,0.094,2.64,40.1,26.1,0.933,89.92,6.19,6.48
60.9,0.118,1.88,35.5,23.4,0.956,88.58,6.68,5.32
96.8,0.112,2.77,63.4,45.7,0.953,89.09,10.11,6.27
68.2,0.103,2.87,42.2,29.2,0.958,89.31,6.53,6.46
85.0,0.086,2.41,41.6,26.3,0.931,88.62,6.66,6.24
77.5,0.132,1.46,40.5,26.1,0.921,88.57,9.22,4.39
63.2,0.112,1.87,33.5,20.6,0.905,88.86,6.24,5.37
74.9,0.157,2.77,63.9,49.6,0.975,90.36,11.16,5.73
84.4,0.125,3.1,60.3,44.9,0.909,89.49,9.34,6.46
72.7,0.133,2.13,45.4,32.6,0.914,89.14,8.64,5.25
89.3,0.106,1.96,45.2,28.6,0.902,88.22,8.3,5.45
87.3,0.126,1.51,45.2,28.9,0.925,88.54,9.9,4.57
86.0,0.134,1.52,47.7,32.2,0.966,88.44,10.84,4.4
69.5,0.091,2.22,34.8,21.9,0.927,88.63,5.71,6.09
62.0,0.097,2.45,33.6,22.4,0.953,89.78,5.57,6.02
67.6,0.118,1.36,35.3,21.9,0.977,87.75,7.63,4.62
77.4,0.138,2.51,55.9,41.7,0.971,89.85,10.09,5.54
81.5,0.152,2.79,64.1,49.0,0.914,89.98,11.02,5.82
50.0,0.097,2.42,27.6,18.1,0.929,89.04,4.38,6.3
74.9,0.095,2.93,45.0,31.5,0.96,89.16,6.68,6.73
76.9,0.126,2.28,48.8,33.9,0.978,89.84,9.23,5.29
71.7,0.144,2.28,50.1,36.8,0.957,89.99,9.61,5.22
90.5,0.096,2.27,47.0,30.8,0.92,88.44,7.8,6.03
80.1,0.122,2.78,55.9,39.9,0.911,89.7,8.68,6.44
90.7,0.081,2.37,43.6,26.7,0.94,88.62,6.71,6.5
72.4,0.133,1.84,40.6,27.3,0.915,89.37,8.6,4.72
86.2,0.148,2.31,61.3,45.2,0.918,89.45,11.41,5.37
94.6,0.089,2.32,46.6,30.1,0.951,88.42,7.82,5.96
90.7,0.129,1.99,54.6,38.2,0.941,89.14,10.76,5.08
61.9,0.123,2.61,40.2,28.7,0.91,90.23,6.75,5.97
72.0,0.119,2.15,42.0,28.3,0.912,89.37,7.64,5.5
70.9,0.111,2.45,40.7,26.7,0.902,89.63,6.93,5.88
80.9,0.1,2.35,42.9,28.7,0.918,88.65,7.27,5.91
83.2,0.087,1.74,37.5,21.5,0.971,87.64,6.83,5.49
64.9,0.128,1.61,37.3,24.6,0.963,88.14,7.81,4.77
75.8,0.12,1.74,40.0,26.3,0.933,88.98,8.28,4.83
50.8,0.115,2.06,28.2,18.4,0.959,89.26,5.48,5.14
92.3,0.13,2.9,66.7,50.2,0.933,89.88,10.94,6.1
68.9,0.09,2.08,33.0,20.3,0.963,88.63,5.79,5.7
75.7,0.156,2.29,54.3,40.5,0.915,89.75,10.52,5.16
71.3,0.149,2.54,51.3,38.6,0.912,89.65,9.44,5.44
88.8,0.09,1.92,41.3,25.2,0.906,88.23,7.09,5.82
50.0,0.113,1.89,28.1,17.8,0.919,88.55,5.05,5.57
74.8,0.166,2.63,60.5,46.8,0.912,90.03,11.03,5.49
73.7,0.134,2.38,50.6,36.7,0.964,89.46,9.26,5.47
69.6,0.138,1.82,42.0,28.4,0.919,88.45,8.57,4.9
95.7,0.116,1.89,51.0,34.3,0.941,88.66,10.21,4.99
64.4,0.113,2.14,36.9,24.9,0.96,89.47,6.83,5.4
84.3,0.114,2.26,49.8,34.9,0.954,88.87,8.97,5.55
79.3,0.103,2.72,47.4,33.3,0.916,88.96,7.3,6.49
90.1,0.116,2.37,53.6,36.7,0.906,89.73,9.22,5.82
67.0,0.133,1.61,39.0,26.4,0.973,88.73,8.43,4.62
66.2,0.096,1.71,31.8,19.1,0.95,87.57,5.89,5.4
88.2,0.121,2.25,54.8,38.6,0.957,88.97,9.97,5.49
80.1,0.111,2.17,44.2,29.1,0.931,88.81,8.09,5.46
56.5,0.135,1.68,32.4,21.3,0.919,88.71,6.85,4.73
68.5,0.092,2.63,38.0,25.0,0.942,89.73,5.8,6.56
79.6,0.136,1.2,39.9,25.7,0.906,87.48,9.58,4.16
85.1,0.128,2.27,54.4,38.8,0.964,89.48,10.2,5.33
66.8,0.108,1.33,30.6,17.9,0.952,87.59,6.69,4.57
50.0,0.13,2.54,34.6,25.0,0.961,90.33,6.08,5.69
81.3,0.093,1.97,38.4,24.3,0.946,88.42,6.96,5.52
60.4,0.108,2.47,36.8,25.0,0.946,89.64,6.01,6.12
50.8,0.162,1.9,36.9,26.3,0.948,89.93,7.63,4.84
50.0,0.111,2.76,33.1,23.8,0.963,89.71,5.19,6.37
84.8,0.108,1.2,38.2,22.7,0.918,86.25,8.22,4.64
76.5,0.123,2.54,49.9,36.5,0.955,88.96,8.78,5.68
72.3,0.107,1.8,37.3,23.5,0.944,89.4,7.1,5.26
91.7,0.12,2.29,57.2,40.1,0.94,89.31,10.06,5.69
82.6,0.117,2.31,49.6,34.4,0.943,89.45,8.92,5.56
94.4,0.117,1.4,46.0,28.7,0.922,88.06,9.97,4.62
58.3,0.097,2.6,32.4,21.1,0.903,89.15,4.98,6.52
74.6,0.126,2.3,47.7,34.1,0.961,89.16,8.78,5.43
55.6,0.101,2.16,30.2,19.3,0.973,88.88,5.32,5.67
72.2,0.112,2.29,42.9,29.3,0.938,90.11,7.44,5.76
72.0,0.1,2.16,38.5,25.0,0.967,88.67,6.82,5.64
82.5,0.116,2.52,52.7,37.4,0.944,89.8,8.82,5.98
75.5,0.119,1.86,44.1,29.9,0.974,88.57,8.52,5.17
82.5,0.113,2.52,50.6,35.5,0.941,89.35,8.54,5.92
83.4,0.104,2.39,45.9,30.8,0.916,89.55,7.76,5.92
100.0,0.1,2.01,51.5,33.3,0.97,88.52,9.46,5.45
71.2,0.082,3.02,39.6,26.1,0.964,89.34,5.5,7.2
63.7,0.123,2.33,40.4,28.2,0.932,90.37,7.12,5.68
78.0,0.1,2.2,41.7,27.6,0.967,88.32,7.36,5.67
65.4,0.134,2.39,43.5,31.5,0.901,89.4,7.7,5.65
92.8,0.126,2.05,57.2,40.1,0.964,88.77,10.96,5.22
71.6,0.105,2.7,43.4,30.3,0.955,89.87,7.01,6.18
68.2,0.096,2.09,34.9,22.1,0.93,88.76,5.91,5.9
69.3,0.104,2.51,39.7,27.2,0.963,89.74,6.76,5.87
83.6,0.151,1.57,49.8,34.3,0.91,87.91,11.2,4.45
73.1,0.129,1.2,36.7,23.5,0.916,87.81,8.42,4.36
67.3,0.107,2.3,38.6,26.3,0.943,89.62,6.62,5.83
95.0,0.096,1.91,46.9,30.1,0.97,87.92,8.58,5.47
64.7,0.116,2.0,36.1,23.6,0.91,89.11,6.65,5.43
75.4,0.108,1.2,33.8,19.8,0.945,87.02,7.47,4.52
82.8,0.133,2.95,62.4,47.4,0.96,89.95,10.29,6.07
55.4,0.091,2.15,28.5,17.0,0.959,89.55,4.71,6.04
80.8,0.116,2.77,54.1,38.9,0.95,89.3,8.7,6.21
62.3,0.15,1.4,37.2,26.0,0.975,88.57,8.91,4.17
84.9,0.109,2.15,46.6,31.4,0.939,89.0,8.5,5.49
63.4,0.09,2.3,32.6,21.3,0.97,89.2,5.39,6.05
83.3,0.109,2.17,45.9,30.7,0.95,89.46,8.39,5.47
88.3,0.106,2.22,49.9,33.3,0.959,88.96,8.79,5.67
85.3,0.101,1.41,38.2,22.4,0.937,87.08,7.91,4.83
78.0,0.113,2.26,44.2,29.8,0.913,89.43,7.82,5.65
72.2,0.117,1.68,37.1,23.7,0.909,89.07,7.48,4.95
68.1,0.134,1.79,41.4,28.3,0.955,89.03,8.5,4.87
92.7,0.121,2.11,53.1,36.9,0.93,89.37,10.21,5.2
66.6,0.127,1.92,39.9,27.3,0.945,88.98,7.82,5.1
62.6,0.124,1.95,36.6,24.5,0.96,89.33,7.24,5.06
83.0,0.092,2.66,46.0,31.3,0.963,88.61,7.16,6.43
65.4,0.114,2.02,37.9,25.8,0.941,88.91,6.86,5.53
63.6,0.123,1.9,36.8,23.9,0.925,89.14,7.05,5.22
57.7,0.129,2.04,35.5,24.0,0.962,89.67,6.98,5.08
69.2,0.151,1.54,41.5,29.1,0.933,88.84,9.51,4.37
74.0,0.106,2.18,41.5,28.0,0.975,89.52,7.46,5.57
77.9,0.105,2.46,46.3,31.9,0.966,88.72,7.71,6.01
86.4,0.117,2.26,53.6,36.9,0.96,89.61,9.47,5.67
81.3,0.104,2.12,42.9,27.5,0.919,88.62,7.56,5.67
72.7,0.096,2.4,39.1,25.0,0.929,88.74,6.32,6.19
72.6,0.098,1.82,36.4,22.7,0.968,88.89,6.7,5.44
81.1,0.105,2.12,43.0,28.4,0.902,88.5,7.5,5.73
90.3,0.087,2.8,50.2,33.1,0.963,89.56,7.41,6.78
76.5,0.152,1.95,51.6,37.0,0.932,88.55,10.57,4.88
69.4,0.108,2.4,42.1,28.5,0.964,89.11,7.05,5.97
63.1,0.108,2.42,38.2,25.5,0.944,89.78,6.27,6.1
57.7,0.118,1.72,31.1,19.2,0.942,89.06,6.26,4.96
83.0,0.086,2.44,42.1,26.8,0.956,88.02,6.67,6.31
81.9,0.146,1.8,52.4,37.2,0.965,88.69,11.24,4.66
81.9,0.12,2.31,51.7,36.5,0.955,88.66,9.19,5.62
73.5,0.113,1.79,40.5,26.3,0.936,88.69,7.58,5.34
91.9,0.123,2.24,55.8,39.0,0.926,89.09,10.23,5.46
69.2,0.113,2.16,40.7,27.6,0.968,89.12,7.37,5.53
86.5,0.115,2.16,49.3,33.5,0.942,88.93,9.11,5.42
74.5,0.113,2.24,44.6,30.7,0.963,88.82,7.93,5.62
67.7,0.089,1.83,31.7,18.7,0.98,88.26,5.75,5.51
82.1,0.108,1.52,40.2,24.6,0.952,88.29,8.22,4.9
79.9,0.12,2.14,45.8,31.4,0.922,88.94,8.61,5.31
79.3,0.132,2.65,56.0,41.2,0.969,89.49,9.92,5.64
76.0,0.134,2.39,52.0,37.7,0.922,89.97,9.12,5.7
74.5,0.098,2.32,40.9,26.3,0.921,88.69,6.56,6.23
100.0,0.11,1.84,51.1,33.3,0.906,88.82,9.76,5.24
89.2,0.083,2.19,41.2,25.3,0.906,89.14,6.57,6.27
83.7,0.124,1.68,48.3,32.3,0.969,88.08,9.84,4.91
76.3,0.135,1.89,45.8,31.3,0.918,89.34,9.2,4.97
87.1,0.082,2.28,41.1,25.3,0.909,87.93,6.34,6.48
81.2,0.107,1.2,36.0,20.6,0.928,87.06,7.88,4.57
75.3,0.081,2.96,39.9,26.6,0.957,88.93,5.7,7.0
71.4,0.137,1.43,38.1,24.7,0.927,88.4,8.86,4.3
74.0,0.087,3.04,41.6,27.6,0.925,89.52,5.8,7.17
50.0,0.168,1.68,34.1,23.9,0.939,89.36,7.67,4.44
77.5,0.102,1.68,36.2,22.1,0.902,87.86,6.95,5.21
69.1,0.126,1.9,40.4,27.6,0.939,89.36,7.96,5.07
94.1,0.09,1.88,45.5,27.8,0.979,88.19,8.06,5.64
75.2,0.109,1.8,40.2,26.2,0.964,88.33,7.68,5.23
60.7,0.103,1.91,30.5,18.7,0.906,88.73,5.53,5.52
74.4,0.126,2.15,46.0,32.4,0.952,89.24,8.69,5.29
62.4,0.103,1.65,29.7,18.1,0.937,88.4,5.86,5.07
80.7,0.11,2.52,49.2,34.6,0.966,89.43,8.39,5.87
78.5,0.096,2.81,44.7,29.7,0.908,89.69,6.7,6.67
86.5,0.113,1.2,38.1,22.5,0.919,87.38,8.74,4.36
65.5,0.095,3.03,39.8,27.4,0.963,89.55,5.85,6.8
75.4,0.096,2.49,42.9,28.2,0.968,89.34,6.8,6.31
58.6,0.162,2.23,44.5,32.3,0.942,89.95,8.71,5.11
83.4,0.107,1.81,40.3,25.6,0.902,88.88,7.81,5.16
81.2,0.118,2.18,49.0,34.8,0.971,89.07,9.08,5.39
80.9,0.091,2.55,43.3,28.7,0.931,89.14,6.65,6.51
75.0,0.098,3.2,46.0,32.3,0.903,89.57,6.47,7.11
80.0,0.125,3.2,62.1,47.1,0.966,89.99,9.41,6.6
94.3,0.096,1.34,41.0,24.0,0.933,87.34,8.24,4.98
71.6,0.099,2.0,35.5,22.1,0.915,89.29,6.3,5.64
76.7,0.114,2.14,46.1,31.5,0.964,89.51,8.22,5.6
62.0,0.104,2.77,38.0,26.9,0.937,89.69,5.88,6.46
64.6,0.106,2.06,34.8,22.7,0.949,89.06,6.3,5.52
76.2,0.168,1.72,52.9,38.7,0.966,89.06,12.02,4.4
88.2,0.103,2.13,46.9,30.3,0.942,89.12,8.34,5.62
71.9,0.12,1.91,39.6,26.1,0.909,89.02,7.63,5.19
72.2,0.145,2.59,54.3,40.6,0.977,90.78,10.0,5.43
70.1,0.112,3.2,47.6,34.5,0.923,89.8,7.09,6.71
68.6,0.091,2.56,38.2,25.2,0.98,89.82,5.95,6.41
78.5,0.116,2.58,47.1,32.7,0.9,89.99,7.97,5.91
57.0,0.088,2.72,30.7,19.7,0.939,90.05,4.58,6.7
90.4,0.081,2.33,43.8,27.3,0.956,88.55,6.83,6.41
67.0,0.117,1.9,38.7,25.4,0.973,88.94,7.46,5.18
83.7,0.097,1.95,43.0,27.4,0.962,88.49,7.63,5.63
59.8,0.145,2.65,45.0,33.6,0.92,90.65,7.77,5.8
83.0,0.161,2.24,60.7,45.2,0.919,89.5,11.98,5.07
83.1,0.158,1.61,52.0,36.6,0.929,88.5,11.92,4.36
79.6,0.123,2.75,53.0,38.0,0.909,89.87,8.67,6.12
63.1,0.138,1.71,37.6,25.6,0.954,88.5,8.08,4.65
78.0,0.09,1.54,35.9,21.2,0.975,88.08,6.7,5.36
60.8,0.091,1.66,27.9,16.0,0.951,87.93,5.11,5.46
72.0,0.115,2.25,42.5,29.6,0.943,89.14,7.58,5.61
87.4,0.102,2.59,49.4,33.6,0.94,89.57,8.2,6.02
84.6,0.118,2.23,50.0,34.5,0.947,88.91,9.18,5.45
75.2,0.116,1.82,40.3,26.4,0.957,88.81,8.12,4.97
63.3,0.147,1.7,38.6,26.9,0.964,89.46,8.74,4.42
82.7,0.115,2.49,50.6,36.3,0.956,88.92,8.9,5.68
75.2,0.088,2.05,36.9,22.4,0.956,88.75,6.15,6.0
50.0,0.13,2.27,33.6,24.4,0.976,90.03,6.16,5.45
84.4,0.095,2.03,43.6,27.3,0.972,88.12,7.6,5.74
74.7,0.13,2.25,49.1,35.2,0.966,89.06,9.18,5.35
89.4,0.122,2.3,53.4,37.4,0.903,89.72,9.64,5.54
61.9,0.133,3.2,48.3,37.0,0.954,89.79,7.62,6.33
50.0,0.126,2.3,31.6,22.3,0.936,89.68,5.77,5.48
78.3,0.147,1.91,52.2,38.0,0.949,88.45,10.65,4.9
78.5,0.088,2.19,39.2,24.6,0.955,88.52,6.44,6.09
54.7,0.098,1.63,28.1,16.8,0.957,88.71,5.01,5.62
63.3,0.136,1.62,36.6,25.1,0.97,89.09,8.12,4.51
100.0,0.095,2.72,57.5,39.3,0.973,89.25,9.06,6.34
71.3,0.093,2.25,37.0,24.3,0.949,89.02,6.17,5.99
83.8,0.122,2.66,57.5,42.5,0.972,89.12,9.67,5.94
67.2,0.118,1.29,33.0,20.0,0.961,87.79,7.42,4.44
50.0,0.136,1.61,28.5,18.9,0.916,88.78,6.05,4.71
73.0,0.095,2.25,37.7,23.4,0.903,88.46,6.08,6.2
71.8,0.134,1.69,39.8,26.0,0.901,88.74,8.42,4.72
70.2,0.131,1.39,36.7,23.3,0.947,88.49,8.5,4.32
73.6,0.105,1.56,35.0,21.5,0.942,88.49,7.1,4.93
78.2,0.095,1.94,38.8,24.7,0.956,89.0,6.91,5.62
73.2,0.148,2.31,53.5,40.0,0.967,89.82,10.22,5.24
59.8,0.1,2.96,35.8,24.1,0.913,89.42,5.31,6.74
80.8,0.114,1.57,41.0,25.9,0.969,88.34,8.7,4.71
51.6,0.093,1.6,22.5,12.5,0.908,88.42,4.23,5.31
50.4,0.111,1.37,24.2,14.5,0.971,87.98,5.3,4.57
83.9,0.113,2.39,50.0,35.2,0.968,89.44,8.98,5.56
81.1,0.101,2.16,43.2,27.3,0.956,89.05,7.65,5.65
74.3,0.119,1.62,36.9,23.4,0.924,88.16,7.96,4.63
58.3,0.106,1.68,26.6,16.0,0.907,88.37,5.48,4.85
66.5,0.118,2.04,37.1,25.4,0.962,88.76,7.33,5.06
71.8,0.15,2.07,48.5,35.2,0.917,89.59,9.61,5.04
55.8,0.091,1.58,27.5,16.4,0.935,88.57,4.66,5.91
66.1,0.112,2.19,39.3,26.8,0.942,89.06,6.8,5.78
82.8,0.101,1.41,37.8,22.7,0.955,87.18,7.75,4.88
92.1,0.125,2.12,55.2,38.2,0.939,89.14,10.51,5.26
70.0,0.104,2.01,37.1,23.6,0.956,89.46,6.76,5.48
84.1,0.093,2.3,43.8,28.7,0.965,89.59,7.39,5.92
52.0,0.093,2.71,31.2,20.7,0.957,90.19,4.52,6.9
82.9,0.1,1.91,40.5,25.3,0.924,88.52,7.48,5.42
65.4,0.103,2.1,35.7,23.5,0.972,88.77,6.4,5.58
78.7,0.107,1.2,35.7,20.6,0.944,87.27,7.74,4.61
72.0,0.094,3.09,42.7,29.5,0.937,89.51,6.17,6.93
90.8,0.115,1.2,40.8,24.5,0.946,86.91,9.67,4.22
64.5,0.144,2.06,42.3,30.2,0.939,90.2,8.52,4.97
82.5,0.13,1.2,41.2,25.6,0.96,87.76,10.03,4.1
71.6,0.134,1.69,43.1,29.2,0.934,88.97,8.77,4.91
73.1,0.174,2.97,69.6,55.4,0.962,90.41,11.94,5.83
72.8,0.137,2.67,54.8,40.8,0.961,89.86,9.35,5.85
64.9,0.135,2.59,44.9,32.6,0.922,89.35,7.85,5.73
74.8,0.148,2.0,48.6,34.2,0.908,89.73,9.81,4.95
74.2,0.085,2.93,42.7,28.7,0.968,89.79,5.99,7.14
77.9,0.092,2.23,39.3,24.9,0.914,88.62,6.35,6.19
76.0,0.1,2.44,41.4,27.4,0.902,88.99,6.69,6.19
84.6,0.085,3.2,48.5,33.0,0.932,89.62,6.55,7.4
86.1,0.108,2.65,52.7,37.1,0.92,89.18,8.37,6.29
62.4,0.099,2.07,32.9,20.8,0.918,89.43,5.51,5.97
85.4,0.116,2.36,51.3,35.7,0.914,88.92,8.85,5.8
60.8,0.122,2.8,43.5,31.6,0.96,89.82,6.96,6.26
82.1,0.093,2.41,44.0,28.7,0.963,89.2,7.2,6.12
82.4,0.127,2.49,53.3,38.1,0.904,89.36,9.26,5.76
52.1,0.136,2.74,39.0,28.9,0.944,90.06,6.52,5.99
76.1,0.116,3.2,52.5,38.7,0.911,89.64,7.83,6.71
69.4,0.145,1.63,41.9,28.9,0.94,89.04,9.2,4.56
65.9,0.098,2.45,36.2,23.5,0.928,89.68,5.84,6.2
91.2,0.11,2.33,49.5,33.5,0.916,89.18,8.96,5.53
67.2,0.108,1.91,36.1,24.1,0.976,88.61,6.87,5.26
65.3,0.143,1.78,41.5,29.1,0.977,89.59,8.92,4.65
75.9,0.096,2.93,44.6,30.9,0.945,89.53,6.68,6.68
83.2,0.125,1.59,45.4,29.7,0.915,88.62,9.25,4.91
73.3,0.15,1.4,43.6,29.3,0.947,87.8,10.17,4.29
89.0,0.174,1.82,64.0,48.2,0.974,89.6,14.74,4.34
81.4,0.105,1.21,35.4,21.1,0.93,86.89,7.74,4.57
50.0,0.121,1.68,27.3,17.1,0.911,88.74,5.39,5.08
68.6,0.127,1.57,38.4,25.4,0.955,88.61,8.09,4.75
68.3,0.171,2.14,52.8,39.7,0.953,89.18,10.83,4.88
80.8,0.123,2.82,53.8,38.6,0.9,89.77,8.74,6.16
50.0,0.121,1.81,28.4,18.6,0.968,89.02,5.71,4.97
100.0,0.119,2.53,62.6,44.7,0.953,89.63,11.05,5.67
81.4,0.086,2.48,40.7,25.4,0.916,89.08,6.26,6.51
76.8,0.132,1.2,39.0,24.5,0.9,87.04,8.88,4.39
89.2,0.119,1.82,50.6,33.6,0.978,88.26,10.12,5.01
100.0,0.091,1.91,47.1,28.9,0.96,87.31,8.5,5.54
85.4,0.148,2.29,59.3,43.5,0.929,90.36,11.45,5.17
86.4,0.085,2.39,43.5,27.3,0.935,87.95,6.72,6.47
76.6,0.103,2.27,42.5,27.4,0.943,88.89,7.23,5.88
73.3,0.131,1.65,42.2,28.2,0.957,88.87,8.98,4.7
69.3,0.098,1.78,33.0,20.0,0.914,89.03,6.06,5.45
65.1,0.104,1.35,29.0,16.8,0.916,88.32,6.03,4.81
66.8,0.128,2.13,40.5,27.7,0.904,89.36,7.55,5.36
58.8,0.11,1.92,33.3,22.3,0.979,89.2,6.19,5.38
74.1,0.134,2.37,51.4,37.3,0.97,89.48,9.41,5.46
54.8,0.117,2.45,34.4,23.6,0.944,89.19,5.92,5.82
77.3,0.104,1.93,40.6,26.1,0.934,88.34,7.35,5.53
74.6,0.086,2.24,35.2,22.0,0.919,88.28,5.72,6.16
76.8,0.085,1.99,36.3,21.5,0.948,88.68,6.06,5.99
68.7,0.103,1.54,33.1,20.6,0.955,87.99,6.58,5.03
100.0,0.09,1.7,45.5,28.0,0.955,87.75,8.41,5.41
91.3,0.12,1.2,40.6,24.7,0.901,87.26,9.61,4.22
60.1,0.103,1.9,32.1,20.7,0.956,88.98,5.75,5.58
77.8,0.107,1.8,40.5,26.0,0.969,88.76,7.85,5.16
67.7,0.134,1.55,36.9,24.1,0.909,89.16,8.04,4.59
62.8,0.116,2.51,39.9,27.5,0.96,89.37,6.82,5.84
58.9,0.083,2.36,30.7,18.7,0.966,88.53,4.58,6.69
80.2,0.13,2.38,51.8,36.4,0.922,89.25,9.38,5.52
66.8,0.112,2.45,41.2,28.6,0.957,89.42,6.99,5.89
86.6,0.111,2.1,47.8,32.0,0.908,89.0,8.49,5.63
86.9,0.118,2.09,50.2,34.4,0.952,89.18,9.48,5.3
91.5,0.094,2.52,50.0,33.5,0.941,88.58,7.88,6.34
64.8,0.108,2.43,40.0,26.9,0.968,89.05,6.63,6.04
80.7,0.098,2.61,44.9,29.8,0.936,89.71,7.25,6.19
82.6,0.089,2.08,40.0,24.6,0.934,88.74,6.73,5.94
69.3,0.091,1.61,31.9,18.5,0.975,88.23,6.01,5.31
65.7,0.098,2.22,36.7,23.7,0.975,89.23,6.12,6.0
94.3,0.089,1.81,41.7,24.7,0.903,88.14,7.43,5.61
77.7,0.121,2.43,49.5,34.9,0.939,89.34,8.58,5.77
82.6,0.107,2.24,45.1,29.7,0.913,88.78,7.89,5.71
65.1,0.097,2.13,32.9,21.1,0.922,88.85,5.66,5.83
60.4,0.086,1.9,28.0,16.6,0.953,89.46,4.85,5.77
68.2,0.094,2.6,36.6,23.8,0.91,89.99,5.68,6.45
73.5,0.105,2.56,42.4,28.3,0.901,89.71,6.78,6.26
62.2,0.11,1.82,34.6,21.2,0.958,88.81,6.42,5.39
74.9,0.101,1.49,34.6,20.8,0.951,88.06,6.99,4.95
54.7,0.088,2.19,27.7,17.1,0.972,88.66,4.56,6.07
61.6,0.106,2.69,37.3,25.3,0.943,90.01,6.01,6.21
83.1,0.113,1.47,40.2,25.6,0.976,87.76,8.93,4.5
82.2,0.134,2.34,54.1,39.6,0.949,89.44,10.19,5.3
70.3,0.12,1.69,37.5,24.3,0.931,88.64,7.69,4.88
62.8,0.112,1.59,30.0,18.2,0.949,88.35,6.49,4.63
62.7,0.119,2.57,41.5,29.0,0.96,90.0,6.96,5.95
70.5,0.127,2.43,46.8,33.6,0.928,90.16,8.1,5.77
82.7,0.12,2.02,47.1,32.4,0.93,89.23,8.98,5.24
86.1,0.137,2.49,60.2,44.8,0.95,89.56,10.96,5.49
69.0,0.092,2.44,36.7,23.2,0.936,88.85,5.82,6.31
61.2,0.092,1.36,25.1,13.6,0.942,87.64,5.17,4.85
78.2,0.146,2.14,55.1,40.8,0.979,89.42,10.9,5.06
65.1,0.116,2.81,42.2,29.9,0.904,90.08,6.68,6.32
68.8,0.127,2.34,43.8,31.0,0.952,89.32,8.09,5.41
90.9,0.102,1.2,40.9,24.2,0.974,86.51,8.84,4.62
84.9,0.096,1.56,39.2,22.9,0.919,87.94,7.3,5.36
76.9,0.135,2.6,53.1,38.5,0.917,90.04,9.28,5.72
59.7,0.091,1.82,28.1,16.2,0.929,88.69,4.91,5.73
77.5,0.148,2.66,57.4,43.4,0.906,90.25,10.15,5.66
87.8,0.1,3.12,56.0,39.8,0.945,88.94,8.11,6.9
70.5,0.094,1.98,34.9,21.1,0.952,88.92,6.17,5.65
91.2,0.128,1.79,53.4,36.9,0.966,88.11,10.98,4.86
90.5,0.153,1.6,53.7,37.2,0.905,89.43,12.19,4.4
95.0,0.097,2.48,52.5,35.0,0.935,89.38,8.39,6.25
78.7,0.091,1.8,38.0,22.8,0.963,88.45,6.73,5.65
82.0,0.106,1.9,43.9,28.3,0.961,88.05,8.19,5.37
92.0,0.119,1.55,46.4,30.2,0.906,87.49,9.69,4.79
80.4,0.109,1.88,40.2,25.3,0.901,89.31,7.72,5.22
69.0,0.135,1.75,41.1,28.3,0.963,88.5,8.77,4.69
69.6,0.113,1.2,30.8,17.8,0.911,87.44,6.96,4.43
77.9,0.139,1.68,45.2,31.2,0.946,89.34,10.02,4.51
59.5,0.087,2.47,29.7,18.3,0.908,89.35,4.56,6.51
73.3,0.112,2.77,45.4,32.0,0.924,89.18,7.36,6.16
88.2,0.094,2.05,43.4,27.4,0.913,87.94,7.37,5.89
50.0,0.125,2.12,32.0,21.8,0.959,89.73,5.86,5.47
93.4,0.107,2.24,52.4,35.3,0.954,88.47,9.28,5.65
88.5,0.122,3.08,60.8,44.3,0.911,89.62,9.56,6.36
69.5,0.089,1.6,29.6,16.7,0.905,87.68,5.46,5.42
81.5,0.11,1.47,38.6,24.3,0.937,87.62,8.21,4.7
75.0,0.112,2.07,42.8,28.1,0.916,88.82,7.52,5.69
89.8,0.102,2.3,47.5,30.9,0.901,88.81,8.02,5.92
86.8,0.104,2.08,46.5,30.4,0.921,88.5,8.14,5.71
58.2,0.121,1.42,29.4,17.8,0.917,88.28,6.3,4.66
82.0,0.14,2.54,59.7,44.5,0.955,90.02,10.69,5.59
72.5,0.138,2.03,48.3,34.3,0.969,89.18,9.47,5.1
76.0,0.136,2.38,50.9,37.0,0.919,89.68,9.26,5.49
66.3,0.09,2.88,36.7,23.8,0.918,89.17,5.34,6.87
96.0,0.124,1.37,48.3,30.8,0.931,86.98,10.84,4.45
87.5,0.127,1.24,43.0,26.9,0.914,87.44,9.87,4.35
66.1,0.096,2.38,35.3,22.9,0.976,89.56,6.01,5.87
59.0,0.114,1.2,28.1,16.6,0.919,86.77,6.05,4.65
70.4,0.085,1.9,30.7,17.6,0.907,88.5,5.32,5.78
80.2,0.153,1.81,51.7,36.6,0.945,89.21,11.28,4.59
77.9,0.108,2.28,43.9,29.6,0.943,89.24,7.75,5.66
90.0,0.121,1.77,48.8,32.8,0.951,88.25,10.1,4.84
84.5,0.116,2.35,52.6,36.9,0.977,89.21,9.33,5.64
86.6,0.111,1.57,43.4,26.7,0.926,88.32,8.69,4.99
78.9,0.101,1.48,36.3,21.5,0.929,87.49,7.23,5.02
58.3,0.115,2.11,32.6,21.3,0.927,89.88,6.04,5.4
72.7,0.089,2.15,37.4,23.1,0.95,88.37,5.97,6.27
87.7,0.111,2.25,50.6,34.4,0.948,89.31,9.0,5.62
74.4,0.122,2.84,51.7,37.9,0.942,89.75,8.31,6.23
81.0,0.169,2.74,68.3,52.6,0.929,89.97,12.37,5.52
71.2,0.097,2.33,38.3,25.2,0.934,88.51,6.31,6.07
62.6,0.109,2.5,37.7,25.8,0.963,89.98,6.4,5.89
73.5,0.139,2.23,50.4,36.5,0.949,89.2,9.47,5.32
78.7,0.108,2.69,51.2,35.5,0.957,89.42,7.94,6.45
67.1,0.104,2.28,35.8,23.4,0.922,89.41,6.26,5.72
72.2,0.118,1.82,40.3,27.2,0.973,89.61,8.08,4.99
63.7,0.095,1.72,29.2,16.9,0.903,88.34,5.33,5.47
88.4,0.142,2.68,65.4,48.7,0.948,89.69,11.57,5.65
71.5,0.15,2.01,49.8,36.0,0.965,89.58,10.05,4.95
92.4,0.137,3.06,74.5,58.0,0.969,89.78,11.98,6.22
93.3,0.104,1.55,44.4,28.0,0.926,87.5,8.73,5.09
74.0,0.124,2.73,50.1,36.5,0.937,90.23,8.39,5.98
62.9,0.104,1.89,30.9,18.8,0.903,88.69,5.76,5.37
50.0,0.115,2.3,30.8,20.7,0.963,89.82,5.38,5.72
57.3,0.109,1.45,27.2,16.1,0.91,88.06,5.55,4.9
58.5,0.095,1.2,25.4,14.1,0.934,87.0,5.06,5.01
91.5,0.098,2.84,54.9,38.4,0.979,89.55,8.53,6.44
76.4,0.096,1.88,36.9,22.4,0.973,88.63,6.93,5.32
79.7,0.1,2.59,45.9,31.0,0.926,88.49,7.18,6.39
50.0,0.097,1.77,24.6,14.3,0.918,88.88,4.36,5.64
60.6,0.146,2.59,45.7,33.9,0.92,89.88,7.94,5.76
85.6,0.113,1.89,46.0,31.1,0.955,88.05,8.99,5.12
78.4,0.097,1.49,36.2,21.6,0.958,88.12,7.13,5.07
73.2,0.123,2.42,46.0,32.5,0.917,89.25,8.07,5.7
81.8,0.089,2.57,43.3,27.6,0.919,89.17,6.52,6.64
94.6,0.1,2.42,50.5,33.8,0.926,89.23,8.54,5.91
72.3,0.137,2.03,45.3,32.5,0.935,89.21,9.06,5.0
75.8,0.106,1.23,34.8,20.4,0.973,87.27,7.66,4.55
77.3,0.108,1.57,37.3,22.8,0.902,87.86,7.35,5.07
100.0,0.099,1.75,47.4,29.4,0.951,88.4,9.21,5.15
50.0,0.129,1.97,32.3,22.1,0.969,89.4,6.11,5.29
83.2,0.114,2.67,53.6,38.3,0.958,89.61,8.89,6.03
73.6,0.133,2.04,45.1,31.5,0.917,89.77,8.73,5.17
81.8,0.143,1.2,43.7,28.5,0.938,86.8,10.71,4.08
67.1,0.088,1.2,27.6,15.3,0.973,86.76,5.61,4.92
74.4,0.095,1.75,33.6,19.1,0.909,88.28,6.24,5.38
83.5,0.118,1.84,46.8,31.7,0.979,88.69,9.43,4.96
100.0,0.09,2.28,48.0,30.5,0.911,88.8,7.98,6.01
84.7,0.118,1.37,40.6,24.9,0.911,88.06,8.86,4.58
64.8,0.119,1.41,33.6,21.6,0.965,87.78,7.28,4.62
69.9,0.093,2.33,36.8,23.2,0.966,89.05,6.15,5.99
69.6,0.115,2.77,43.8,31.5,0.903,90.09,7.07,6.2
53.5,0.129,1.2,26.4,16.5,0.913,87.82,6.15,4.28
71.0,0.102,1.72,36.5,23.2,0.976,87.83,6.92,5.27
83.8,0.102,2.66,47.5,32.1,0.922,88.64,7.69,6.18
59.7,0.082,2.57,29.8,18.5,0.901,89.16,4.32,6.89
87.6,0.121,1.64,45.7,29.8,0.92,88.44,9.48,4.83
80.9,0.086,2.68,43.9,28.2,0.959,89.32,6.54,6.71
66.2,0.129,2.12,43.0,30.7,0.973,89.09,8.11,5.3
73.3,0.098,2.43,37.6,24.6,0.912,89.45,6.41,5.87
94.2,0.123,1.75,50.9,33.9,0.918,88.47,10.38,4.9
83.8,0.111,2.25,48.1,33.2,0.935,88.67,8.47,5.68
75.1,0.116,1.52,37.8,23.5,0.96,87.9,8.15,4.64
72.1,0.098,1.83,36.2,22.4,0.953,87.86,6.54,5.53
75.9,0.103,1.95,39.0,24.9,0.926,88.31,7.05,5.54
68.9,0.091,2.17,32.8,19.6,0.905,88.3,5.55,5.91
50.0,0.084,3.2,28.9,19.4,0.92,89.25,3.79,7.64
99.5,0.11,3.2,65.9,47.6,0.918,89.95,9.81,6.71
76.9,0.124,1.91,43.9,29.9,0.902,88.77,8.41,5.22
79.8,0.11,2.84,53.7,38.3,0.978,88.89,8.37,6.42
74.3,0.115,1.55,37.1,23.4,0.92,88.32,7.66,4.85
66.2,0.113,2.3,40.3,27.9,0.967,89.49,7.05,5.72
72.8,0.092,1.76,34.2,20.6,0.939,88.42,6.14,5.57
55.8,0.122,1.87,32.0,20.9,0.978,88.85,6.49,4.94
100.0,0.143,3.2,79.8,61.2,0.912,89.96,12.7,6.28
60.2,0.097,1.91,29.6,17.8,0.909,88.45,5.19,5.7
62.6,0.095,1.78,29.4,16.5,0.9,88.85,5.23,5.62
69.7,0.13,1.6,39.9,27.0,0.957,88.86,8.47,4.7
90.5,0.088,1.72,39.1,22.7,0.925,87.94,7.18,5.44
75.2,0.133,1.39,40.7,27.1,0.97,87.48,9.44,4.31
60.2,0.097,2.21,32.3,20.8,0.951,89.49,5.44,5.93
90.1,0.111,2.2,52.6,36.5,0.946,88.71,9.24,5.7
83.8,0.1,2.27,45.2,30.4,0.939,89.04,7.7,5.87
81.5,0.134,2.09,50.6,35.2,0.921,89.44,9.8,5.16
83.6,0.111,1.82,43.3,27.7,0.905,88.22,8.17,5.3
100.0,0.11,1.77,51.2,33.3,0.935,88.93,10.06,5.09
100.0,0.15,2.18,68.3,50.2,0.908,89.2,13.31,5.13
66.8,0.122,2.07,39.9,27.4,0.972,89.02,7.72,5.17
94.5,0.104,1.78,48.7,31.6,0.966,88.55,9.22,5.28
79.6,0.107,1.96,41.7,26.7,0.95,89.28,7.9,5.27
81.0,0.125,2.87,57.7,42.7,0.936,88.97,9.27,6.22
54.7,0.096,3.09,33.3,22.6,0.936,89.34,4.81,6.93
73.0,0.099,1.99,36.5,23.5,0.937,88.5,6.57,5.55
65.2,0.099,1.73,32.2,19.4,0.96,89.25,6.07,5.3
84.9,0.111,2.08,45.7,29.6,0.91,88.68,8.34,5.48
87.9,0.102,2.67,50.2,33.7,0.943,89.73,8.19,6.12
50.1,0.092,2.08,26.0,16.2,0.965,89.23,4.34,6.0
74.7,0.089,2.28,37.7,23.4,0.941,88.45,6.1,6.19
88.5,0.144,1.77,53.1,36.7,0.901,89.07,11.22,4.73
72.8,0.115,1.52,36.9,23.6,0.92,88.25,7.53,4.9
83.7,0.144,2.48,61.6,46.3,0.953,89.35,11.24,5.48
79.2,0.124,2.2,48.1,33.5,0.975,89.0,9.33,5.15
79.1,0.09,2.43,40.4,26.7,0.971,88.66,6.75,5.98
71.7,0.106,1.24,31.8,18.2,0.966,87.07,7.14,4.45
60.4,0.123,3.02,43.7,32.5,0.976,90.26,7.06,6.19
61.5,0.116,2.23,35.6,24.2,0.922,89.11,6.42,5.56
83.5,0.114,1.2,39.1,23.7,0.901,87.1,8.36,4.68
75.2,0.143,2.59,55.3,41.4,0.928,89.95,9.74,5.68
73.3,0.139,1.91,45.8,32.5,0.946,89.13,9.41,4.87
69.9,0.105,2.12,38.0,24.7,0.925,88.49,6.62,5.74
71.3,0.098,1.86,34.3,21.2,0.904,88.88,6.19,5.54
87.6,0.121,2.05,49.8,34.1,0.941,88.5,9.72,5.12
71.0,0.11,2.08,38.4,24.6,0.916,88.86,7.0,5.49
58.9,0.088,1.26,24.9,13.4,0.958,87.17,4.83,5.16
83.9,0.122,2.53,53.1,37.5,0.907,89.41,9.05,5.87
72.5,0.11,2.16,42.6,28.3,0.977,89.15,7.57,5.62
75.4,0.101,2.32,43.1,29.2,0.97,89.37,7.22,5.97
94.3,0.16,2.51,75.1,58.2,0.97,89.59,14.27,5.26
74.8,0.14,2.16,50.2,36.4,0.963,89.03,9.84,5.1
78.5,0.136,2.27,53.2,37.9,0.951,89.83,9.88,5.38
60.9,0.122,1.36,29.1,17.4,0.904,87.87,6.52,4.46
72.4,0.103,1.68,34.4,21.2,0.953,88.29,6.92,4.97
82.3,0.103,2.14,45.7,30.5,0.96,88.53,7.96,5.74
56.3,0.098,2.19,29.1,18.3,0.91,88.96,4.91,5.92
77.4,0.093,2.3,39.7,25.4,0.949,89.49,6.64,5.97
76.2,0.154,2.8,62.8,48.0,0.938,89.59,10.73,5.85
75.5,0.153,2.05,51.2,37.1,0.938,89.04,10.57,4.84
87.4,0.11,2.28,48.6,33.1,0.916,88.86,8.58,5.66
79.0,0.143,2.13,52.8,38.4,0.959,89.5,10.55,5.01
92.7,0.103,1.98,48.4,32.3,0.974,88.17,9.05,5.35
63.1,0.087,1.99,28.8,17.0,0.963,88.24,5.13,5.61
76.6,0.143,1.71,46.2,31.6,0.93,88.39,9.96,4.64
76.0,0.109,2.04,42.1,28.3,0.979,88.78,7.94,5.31
62.2,0.109,1.99,34.4,21.4,0.929,88.71,6.11,5.62
86.5,0.099,2.02,42.7,27.9,0.919,89.4,7.68,5.56
100.0,0.129,1.23,50.2,32.4,0.977,87.8,12.34,4.07
74.8,0.141,2.05,51.3,37.3,0.963,89.75,9.94,5.16
81.1,0.12,1.66,44.3,29.3,0.961,88.52,9.13,4.85
76.0,0.106,2.07,39.9,25.5,0.906,89.05,7.13,5.6
66.4,0.11,1.55,32.5,20.0,0.915,88.71,6.49,5.01
53.2,0.106,2.12,29.7,18.6,0.901,89.37,4.96,5.98
66.5,0.143,1.95,43.1,30.9,0.962,89.07,8.94,4.82
58.3,0.125,1.79,33.3,22.1,0.922,89.75,6.56,5.08
95.4,0.103,2.24,49.8,33.0,0.911,88.99,8.77,5.68
73.6,0.096,2.29,38.1,24.6,0.915,89.57,6.28,6.07
70.8,0.092,2.08,35.0,21.7,0.951,89.47,6.03,5.79
85.7,0.091,2.38,44.7,28.7,0.935,88.29,7.1,6.3
61.5,0.088,1.89,29.2,17.8,0.975,88.38,5.13,5.7
65.8,0.106,2.3,36.9,24.5,0.929,89.24,6.31,5.85
75.8,0.119,2.08,46.2,32.1,0.967,89.27,8.53,5.42
87.3,0.13,1.6,48.0,31.9,0.944,88.61,10.48,4.58
81.0,0.149,1.7,49.9,35.4,0.956,88.77,11.22,4.44
78.0,0.094,2.68,42.5,27.9,0.913,89.71,6.5,6.54
75.9,0.131,2.89,57.5,42.8,0.96,90.05,9.28,6.19
79.8,0.108,2.46,46.0,30.8,0.907,89.46,7.59,6.07
77.4,0.115,1.81,41.8,27.5,0.955,88.54,8.28,5.05
62.6,0.1,2.81,37.5,25.3,0.937,89.75,5.74,6.53
75.6,0.126,2.41,47.7,33.7,0.918,89.6,8.5,5.61
62.1,0.093,2.27,33.2,20.9,0.938,89.52,5.28,6.3
76.0,0.128,3.02,57.9,43.5,0.968,89.41,9.21,6.28
69.2,0.097,1.67,31.7,19.1,0.912,88.55,5.99,5.3
100.0,0.103,2.49,55.7,37.7,0.914,88.34,9.21,6.05
74.5,0.093,1.69,34.6,21.0,0.943,87.92,6.38,5.43
58.1,0.098,1.8,29.4,18.1,0.95,88.91,5.27,5.58
73.4,0.166,3.2,66.9,53.6,0.934,90.12,11.07,6.04
81.2,0.107,2.35,45.1,30.2,0.921,89.14,7.78,5.8
95.1,0.166,3.02,82.3,65.2,0.905,89.71,13.95,5.9
67.9,0.102,2.37,37.7,24.9,0.904,89.51,6.13,6.15
56.0,0.088,2.3,27.3,16.3,0.903,89.26,4.33,6.3
84.8,0.109,1.79,43.7,28.7,0.972,88.41,8.73,5.0
58.4,0.11,2.59,35.0,23.3,0.911,90.08,5.71,6.12
69.8,0.14,2.11,46.7,33.2,0.924,89.62,8.82,5.29
71.9,0.148,2.14,51.0,37.0,0.979,89.74,10.15,5.03
74.2,0.098,1.97,38.9,25.1,0.974,89.11,6.88,5.66
83.3,0.096,2.05,40.7,25.3,0.903,89.09,7.03,5.79
66.8,0.114,2.11,38.7,25.5,0.944,88.87,7.03,5.5
71.7,0.11,2.16,40.9,27.7,0.951,89.4,7.32,5.58
74.8,0.093,2.07,36.4,22.2,0.904,88.94,6.13,5.94
76.8,0.118,1.32,38.4,24.4,0.958,88.07,8.5,4.51
76.2,0.107,2.37,45.2,30.8,0.979,88.78,7.75,5.83
80.2,0.104,2.04,42.0,27.1,0.934,88.55,7.58,5.54
85.1,0.15,1.2,45.8,30.5,0.936,87.41,11.65,3.93
79.7,0.112,1.31,38.6,23.7,0.953,87.94,8.32,4.64
80.4,0.159,1.86,55.3,40.6,0.959,89.11,11.99,4.61
56.0,0.112,2.74,36.2,25.3,0.963,89.83,5.88,6.15
75.6,0.107,2.4,42.3,27.9,0.906,89.03,7.16,5.91
80.8,0.092,1.76,38.2,22.9,0.964,88.49,6.95,5.5
83.7,0.098,2.0,42.6,27.1,0.969,88.87,7.78,5.48
66.7,0.104,2.65,37.7,25.1,0.904,89.34,6.09,6.2
67.1,0.139,1.79,40.9,27.8,0.903,88.69,8.23,4.97
68.1,0.091,1.56,29.4,16.6,0.944,88.28,5.71,5.15
81.4,0.143,2.54,58.4,43.0,0.94,89.89,10.66,5.48
87.4,0.09,2.66,48.0,32.3,0.978,88.83,7.48,6.42
70.1,0.128,1.8,39.7,26.5,0.924,89.13,8.11,4.89
85.9,0.098,2.34,45.3,30.0,0.947,89.17,7.74,5.85
76.5,0.125,2.08,46.1,31.9,0.941,89.59,8.8,5.24
73.5,0.111,1.8,38.9,24.6,0.943,88.93,7.47,5.21
72.5,0.109,2.68,47.3,33.1,0.953,89.41,7.34,6.44
84.0,0.095,1.77,40.1,24.0,0.943,87.96,7.3,5.49
78.9,0.132,2.48,50.5,36.2,0.901,90.28,9.13,5.54
100.0,0.098,2.13,53.6,34.5,0.967,88.35,9.21,5.82
64.8,0.092,2.01,32.2,19.4,0.916,88.21,5.34,6.03
81.2,0.147,1.82,51.1,35.7,0.918,88.57,10.72,4.76
68.6,0.14,1.61,39.9,26.8,0.952,87.99,8.94,4.46
64.6,0.133,1.98,40.1,28.3,0.938,89.73,7.88,5.09
74.9,0.088,1.84,33.4,19.6,0.946,89.05,6.08,5.49
76.6,0.103,2.15,41.4,27.3,0.94,89.05,7.22,5.74
100.0,0.087,1.5,42.8,24.8,0.933,86.8,7.96,5.37
72.8,0.109,2.02,39.2,25.7,0.939,89.37,7.28,5.38
61.4,0.119,2.3,37.4,25.6,0.911,89.7,6.49,5.77
78.3,0.133,1.76,47.7,32.9,0.978,89.2,9.95,4.79
50.1,0.107,2.47,29.4,19.4,0.946,89.91,4.94,5.96
73.9,0.096,2.52,41.3,27.6,0.923,88.77,6.4,6.45
75.2,0.113,1.5,37.6,23.7,0.957,88.26,7.9,4.76
84.5,0.096,1.72,39.8,23.7,0.97,87.61,7.67,5.19
86.7,0.138,1.43,47.2,31.5,0.924,87.72,10.8,4.37
69.0,0.117,2.31,41.3,27.9,0.926,89.77,7.29,5.66
73.2,0.115,2.16,42.5,28.8,0.935,89.52,7.69,5.53
65.8,0.145,1.3,34.9,23.1,0.917,87.7,8.54,4.09
61.5,0.119,1.77,35.0,22.2,0.965,88.47,6.86,5.1
78.7,0.091,2.25,40.0,24.9,0.947,88.91,6.64,6.02
59.7,0.098,2.16,31.6,19.2,0.905,89.87,5.16,6.13
70.0,0.116,2.71,47.4,33.8,0.98,89.86,7.75,6.12
63.1,0.099,1.52,29.2,17.1,0.946,88.93,5.73,5.09
81.6,0.121,2.1,49.2,33.9,0.971,88.99,9.34,5.27
96.6,0.133,1.6,53.7,36.4,0.94,88.49,11.79,4.55
59.4,0.102,2.16,32.6,21.5,0.947,89.11,5.61,5.82
52.8,0.094,2.01,26.7,15.4,0.936,88.77,4.51,5.92
73.5,0.09,2.24,35.9,22.2,0.934,88.61,6.01,5.97
75.2,0.126,1.9,42.3,28.2,0.917,89.06,8.46,4.99
77.6,0.104,2.48,44.8,30.2,0.977,89.71,7.66,5.85
69.6,0.13,1.74,38.6,25.5,0.915,88.71,8.06,4.79
72.6,0.093,1.59,33.7,19.7,0.942,88.54,6.17,5.45
79.4,0.118,2.21,44.7,30.0,0.907,89.81,8.26,5.41
87.5,0.119,3.03,64.0,46.6,0.979,89.89,9.93,6.44
51.5,0.087,1.34,21.5,12.0,0.944,87.77,4.13,5.2
70.6,0.107,1.53,34.5,21.5,0.965,87.87,7.11,4.85
77.6,0.114,2.22,46.2,31.3,0.945,89.61,8.18,5.65
64.0,0.106,2.66,38.8,27.2,0.964,89.21,6.4,6.07
95.8,0.124,2.25,59.0,41.6,0.943,89.25,10.93,5.39
67.4,0.13,1.8,39.0,26.4,0.936,88.5,8.02,4.86
74.5,0.097,2.31,40.0,26.2,0.936,88.71,6.6,6.07
81.7,0.127,2.36,53.1,37.5,0.9,89.35,9.09,5.84
67.9,0.1,1.76,33.1,20.1,0.93,88.77,6.17,5.36
52.8,0.124,2.51,35.4,25.3,0.976,90.24,6.22,5.7
69.9,0.124,2.08,42.2,28.6,0.954,89.24,8.06,5.24
87.4,0.136,1.23,47.4,31.3,0.974,87.22,11.3,4.19
71.0,0.093,2.03,33.7,20.9,0.916,88.51,5.88,5.74
64.8,0.107,1.82,32.9,20.8,0.939,88.99,6.36,5.17
86.1,0.098,2.75,48.5,32.7,0.903,89.47,7.46,6.5
71.0,0.134,1.44,40.4,26.8,0.954,88.26,8.86,4.57
68.9,0.129,1.86,40.7,27.7,0.963,89.12,8.32,4.89
76.8,0.137,2.23,51.8,37.2,0.96,90.02,9.87,5.25
84.2,0.101,3.2,51.0,35.5,0.907,89.84,7.54,6.76
100.0,0.096,3.08,59.8,42.0,0.92,88.64,8.58,6.96
84.9,0.116,2.08,48.6,33.0,0.952,89.23,9.15,5.31
88.9,0.128,2.27,57.8,41.3,0.961,89.69,10.62,5.44
68.9,0.091,2.4,35.9,23.0,0.922,88.88,5.62,6.39
62.7,0.097,1.59,28.8,17.2,0.932,88.58,5.56,5.18
75.7,0.112,2.11,41.6,27.4,0.928,90.08,7.65,5.44
76.3,0.119,2.78,49.1,35.3,0.9,89.81,7.98,6.16
62.1,0.109,2.17,35.0,22.5,0.946,89.2,6.24,5.61
72.9,0.125,3.07,54.6,40.5,0.954,89.86,8.48,6.44
79.8,0.127,1.88,46.0,31.3,0.922,88.9,9.11,5.05
79.3,0.15,2.06,54.9,40.0,0.955,88.83,11.07,4.96
81.1,0.112,2.06,44.6,29.7,0.919,88.34,8.16,5.47
78.5,0.132,1.45,43.1,27.9,0.957,88.19,9.69,4.44
68.9,0.102,2.65,39.7,27.3,0.937,89.46,6.39,6.21
68.8,0.123,1.93,40.0,26.9,0.97,89.28,8.0,5.0
60.6,0.11,2.23,34.2,22.9,0.944,89.27,6.11,5.6
96.4,0.127,1.8,55.1,37.5,0.915,88.51,10.91,5.05
75.2,0.11,2.96,49.3,36.0,0.966,89.97,7.77,6.34
72.3,0.091,2.72,41.2,27.5,0.962,88.54,6.17,6.67
63.9,0.109,2.13,35.7,22.7,0.907,88.88,6.15,5.81
100.0,0.134,1.49,53.0,35.2,0.904,87.71,11.82,4.49
62.1,0.098,2.47,33.5,22.2,0.911,89.36,5.41,6.19
69.9,0.109,2.64,44.1,30.7,0.968,89.05,7.17,6.15
80.0,0.099,1.64,37.6,22.9,0.926,87.78,7.16,5.25
82.2,0.126,2.03,48.9,33.3,0.94,89.26,9.48,5.16
86.5,0.129,2.14,53.6,37.3,0.948,89.28,10.35,5.18
96.7,0.099,2.64,56.9,39.0,0.959,88.04,8.95,6.36
81.1,0.108,2.02,45.2,30.3,0.966,88.74,8.28,5.47
62.3,0.093,2.58,34.6,21.9,0.941,89.37,5.31,6.53
71.9,0.12,1.71,39.7,25.9,0.933,88.3,7.87,5.04
78.7,0.099,1.57,36.0,21.7,0.916,87.93,6.94,5.19
99.8,0.126,3.02,73.4,55.7,0.949,89.62,11.64,6.31
58.2,0.156,1.44,37.0,25.2,0.944,88.91,8.33,4.44
89.4,0.105,1.72,44.4,27.9,0.923,88.23,8.49,5.24
77.2,0.084,2.49,38.2,24.1,0.936,89.26,5.89,6.48
85.1,0.095,1.83,40.1,24.6,0.959,88.34,7.59,5.28
73.8,0.097,1.82,36.7,22.9,0.95,87.7,6.61,5.55
64.9,0.117,2.0,38.0,25.3,0.939,89.09,6.96,5.46
84.0,0.13,1.2,41.3,25.9,0.922,86.82,9.8,4.21
82.9,0.103,2.66,50.0,34.2,0.953,89.32,7.91,6.33
86.7,0.109,2.19,48.5,32.5,0.95,88.86,8.79,5.52
74.8,0.094,1.69,34.8,20.2,0.937,88.14,6.42,5.42
67.8,0.123,1.24,31.8,19.4,0.919,87.26,7.5,4.24
56.3,0.094,1.42,25.4,13.8,0.914,87.74,4.7,5.4
84.8,0.12,1.3,41.2,25.2,0.927,87.56,9.21,4.48
80.1,0.089,2.21,41.5,26.6,0.973,88.5,6.79,6.11
63.4,0.117,2.22,38.4,26.5,0.96,89.19,6.96,5.52
68.5,0.091,2.41,37.5,24.0,0.971,88.57,5.89,6.36
69.4,0.081,2.47,34.6,21.7,0.967,89.2,5.31,6.51
57.2,0.095,2.41,32.2,21.0,0.937,88.96,4.98,6.46
65.2,0.161,2.87,56.9,44.2,0.942,90.37,9.64,5.9
61.4,0.125,2.7,40.8,29.4,0.914,90.15,6.86,5.95
70.1,0.136,2.58,50.4,37.3,0.958,90.27,8.91,5.66
66.1,0.095,2.22,34.9,22.6,0.934,88.99,5.74,6.07
55.5,0.116,2.46,32.6,22.4,0.913,89.94,5.71,5.71
99.3,0.098,1.89,48.6,29.9,0.908,88.24,8.62,5.64
90.0,0.101,1.99,46.3,30.2,0.956,87.9,8.51,5.44
65.7,0.126,2.96,48.9,36.2,0.939,89.45,7.59,6.44
78.3,0.124,1.82,44.1,28.8,0.901,89.06,8.55,5.16
80.0,0.13,1.78,45.5,31.0,0.966,89.14,9.77,4.66
89.3,0.106,1.92,46.2,30.5,0.95,87.79,8.79,5.26
65.2,0.163,1.83,45.0,31.9,0.903,89.55,9.38,4.8
88.1,0.119,1.87,48.4,32.7,0.924,88.72,9.48,5.11
68.4,0.106,2.22,38.0,25.3,0.958,88.92,6.8,5.59
59.0,0.091,2.24,28.7,17.5,0.905,88.9,4.73,6.07
83.7,0.111,2.56,52.0,36.5,0.959,88.94,8.69,5.98
90.5,0.097,3.19,55.7,39.9,0.94,88.66,8.04,6.92
100.0,0.091,1.92,48.0,29.8,0.963,87.81,8.58,5.6
60.6,0.138,2.07,39.9,28.0,0.968,89.77,7.87,5.07
83.4,0.104,1.2,37.1,21.4,0.961,86.83,8.17,4.54
70.1,0.123,1.45,37.1,23.6,0.906,88.38,7.62,4.87
84.4,0.112,2.03,46.7,31.1,0.937,88.12,8.67,5.39
57.4,0.104,2.33,31.6,20.6,0.925,89.6,5.38,5.89
59.8,0.103,2.35,34.1,22.5,0.941,89.68,5.66,6.02
65.7,0.131,2.41,45.3,33.0,0.977,88.79,8.21,5.52
75.9,0.137,2.73,53.9,39.7,0.91,89.65,9.21,5.85
67.3,0.133,2.95,51.2,38.7,0.969,90.14,8.45,6.06
82.9,0.106,1.98,44.7,29.4,0.979,89.16,8.39,5.33
87.3,0.153,1.7,56.9,41.1,0.979,88.27,12.72,4.47
82.2,0.131,2.43,55.6,40.8,0.964,89.97,10.15,5.48
94.4,0.093,2.57,50.6,33.1,0.937,89.09,8.02,6.31
80.0,0.148,2.17,54.9,39.8,0.914,89.13,10.56,5.2
60.4,0.13,2.01,37.9,26.2,0.949,89.72,7.28,5.2
91.4,0.102,1.85,44.2,28.3,0.949,89.14,8.62,5.13
67.7,0.134,2.08,41.6,29.1,0.925,89.27,8.16,5.09
85.9,0.119,2.45,54.0,38.3,0.949,89.14,9.45,5.71
93.9,0.136,1.77,54.7,37.5,0.909,88.25,11.36,4.82
80.5,0.103,1.7,39.7,24.6,0.951,88.9,7.68,5.17
57.0,0.125,2.4,38.1,26.8,0.972,89.5,6.74,5.65
64.0,0.109,1.68,31.6,19.4,0.938,88.19,6.36,4.98
90.9,0.091,2.18,46.1,29.7,0.961,88.41,7.71,5.98
73.0,0.104,2.15,39.0,25.6,0.951,88.82,7.04,5.55
76.0,0.108,2.1,42.0,27.2,0.9,88.78,7.2,5.84
84.1,0.117,1.78,45.5,29.6,0.91,88.24,8.75,5.2
83.4,0.094,2.97,49.4,33.8,0.962,89.08,7.37,6.7
78.3,0.091,2.3,38.8,24.7,0.903,89.0,6.29,6.16
72.5,0.086,1.84,33.8,20.7,0.976,88.89,5.91,5.72
71.2,0.16,2.27,55.2,41.8,0.972,89.5,10.82,5.1
85.3,0.1,3.02,51.1,35.6,0.929,88.93,7.73,6.61
81.6,0.127,2.14,49.2,34.6,0.925,89.29,9.37,5.26
71.9,0.113,2.87,47.9,34.3,0.949,89.86,7.49,6.39
88.0,0.115,1.53,44.3,29.0,0.949,88.47,9.33,4.75
73.5,0.103,1.67,34.7,21.0,0.907,88.8,6.66,5.21
64.8,0.112,1.2,28.8,16.3,0.917,86.77,6.48,4.45
65.9,0.102,3.09,44.2,31.5,0.951,89.03,6.26,7.07
63.3,0.109,1.25,28.8,17.4,0.964,87.67,6.49,4.44
71.7,0.112,2.19,40.5,27.8,0.915,89.38,7.2,5.63
89.8,0.142,2.97,71.1,54.9,0.956,90.33,11.93,5.97
65.3,0.167,2.59,55.5,43.3,0.97,90.41,10.32,5.38
77.3,0.092,2.29,38.0,24.2,0.909,88.77,6.32,6.02
67.1,0.114,2.74,41.9,30.0,0.935,90.06,6.97,6.01
71.9,0.126,1.77,42.3,29.2,0.968,88.42,8.55,4.95
56.9,0.129,2.36,37.6,26.5,0.93,90.48,6.66,5.64
72.4,0.096,2.04,35.8,22.3,0.922,88.91,6.21,5.76
72.7,0.106,2.03,39.7,26.5,0.96,88.67,7.23,5.49
81.5,0.114,2.2,46.1,31.4,0.932,88.76,8.42,5.47
77.7,0.104,2.69,46.9,32.6,0.957,89.46,7.53,6.23
60.6,0.112,2.88,38.8,27.4,0.91,89.82,6.03,6.43
88.0,0.146,1.97,57.2,41.0,0.944,89.04,11.85,4.83
77.5,0.137,1.56,43.6,28.9,0.93,87.96,9.66,4.51
77.4,0.132,1.69,44.6,30.0,0.98,88.58,9.77,4.56
74.9,0.124,3.07,53.6,40.1,0.947,90.14,8.57,6.26
68.8,0.106,2.84,44.8,31.7,0.955,89.36,6.78,6.61
77.6,0.105,1.55,35.6,21.0,0.91,88.12,7.26,4.9
80.7,0.123,2.93,58.9,43.4,0.979,90.09,9.48,6.21
54.0,0.116,1.74,29.3,17.9,0.904,89.11,5.51,5.33
68.5,0.133,2.43,45.7,32.3,0.906,89.28,8.04,5.69
71.9,0.1,1.74,34.5,21.2,0.906,88.54,6.35,5.44
78.1,0.099,3.18,49.7,35.5,0.97,90.05,7.32,6.79
89.3,0.109,1.81,47.1,30.9,0.958,88.57,9.09,5.18
65.7,0.143,1.58,39.9,27.6,0.978,89.13,8.98,4.44
69.0,0.091,1.87,31.9,18.1,0.905,88.92,5.56,5.74
68.8,0.141,3.2,58.5,45.1,0.955,89.79,9.03,6.47
65.4,0.099,2.23,35.0,22.3,0.943,89.8,5.96,5.88
70.8,0.12,1.59,36.7,23.0,0.951,88.82,7.88,4.65
84.2,0.133,1.71,49.3,33.3,0.941,88.48,10.29,4.8
62.4,0.132,1.23,32.3,20.1,0.954,88.14,7.64,4.23
80.1,0.127,2.37,54.1,39.3,0.973,89.37,9.69,5.58
54.6,0.136,1.47,31.9,20.8,0.947,88.53,6.87,4.64
68.3,0.097,2.65,39.7,26.5,0.972,89.12,6.28,6.32
71.0,0.095,2.5,39.6,26.7,0.963,88.9,6.33,6.26
95.1,0.098,2.05,49.5,31.3,0.969,88.56,8.78,5.64
71.7,0.112,2.72,44.7,31.5,0.953,89.5,7.44,6.01
50.0,0.128,2.56,34.8,24.2,0.941,89.5,5.87,5.93
51.0,0.123,2.18,29.9,19.8,0.906,89.74,5.54,5.4
75.4,0.136,1.72,45.5,31.0,0.967,88.94,9.67,4.71
82.4,0.108,2.31,47.4,32.2,0.919,89.2,7.97,5.94
79.5,0.133,2.3,50.3,36.2,0.903,89.54,9.32,5.4
77.0,0.1,2.35,43.0,28.2,0.942,89.26,7.1,6.05
88.9,0.125,2.14,54.4,37.6,0.951,89.1,10.33,5.27
68.5,0.095,2.26,36.0,23.0,0.953,89.23,6.07,5.92
85.7,0.12,2.25,52.8,36.8,0.954,89.31,9.54,5.54
55.4,0.099,2.78,33.1,22.5,0.952,89.51,5.07,6.51
64.1,0.136,1.46,36.1,23.8,0.965,87.95,8.23,4.38
53.3,0.15,1.6,34.5,23.6,0.962,89.14,7.5,4.61
71.7,0.106,2.14,40.2,26.6,0.965,89.12,7.16,5.61
74.4,0.118,1.72,41.2,27.0,0.937,88.72,8.02,5.13
76.4,0.105,2.21,41.7,27.0,0.905,89.45,7.08,5.89
75.7,0.111,1.54,37.8,23.0,0.951,88.09,7.8,4.84
63.9,0.115,1.62,33.1,20.4,0.917,88.45,6.54,5.06
72.7,0.117,3.13,51.8,38.1,0.969,89.99,8.05,6.44
57.0,0.099,1.99,30.9,19.8,0.958,88.65,5.25,5.88
91.4,0.145,1.51,53.3,36.6,0.961,88.23,12.42,4.29
71.4,0.1,2.04,36.7,23.8,0.923,88.85,6.44,5.7
69.1,0.092,2.62,38.8,25.7,0.951,89.65,5.92,6.56
94.1,0.129,2.7,64.8,48.2,0.942,89.3,11.17,5.8
60.1,0.145,1.37,33.8,22.3,0.921,88.35,7.85,4.3
61.5,0.118,1.72,34.3,22.2,0.965,88.7,6.84,5.01
61.8,0.093,2.21,32.4,20.7,0.944,88.26,5.29,6.13
74.2,0.126,2.08,45.0,30.5,0.915,89.02,8.37,5.37
80.2,0.12,1.3,38.4,23.6,0.924,87.51,8.69,4.42
83.9,0.106,1.38,39.1,23.2,0.918,87.21,7.96,4.91
100.0,0.083,1.57,41.3,23.4,0.925,87.41,7.49,5.52
50.0,0.096,1.21,22.0,12.0,0.915,87.87,4.28,5.13
82.3,0.097,1.87,38.9,23.3,0.93,88.79,7.27,5.35
68.3,0.118,2.7,45.9,33.0,0.956,89.05,7.49,6.12
68.0,0.132,1.77,41.2,28.2,0.977,89.19,8.57,4.8
67.6,0.095,2.64,37.4,24.8,0.917,89.61,5.74,6.51
64.1,0.098,2.11,32.9,21.5,0.924,89.02,5.65,5.82
95.2,0.118,2.01,52.8,35.8,0.9,87.87,9.83,5.38
85.1,0.141,1.27,46.2,30.0,0.918,87.87,10.77,4.29
75.3,0.11,2.68,47.2,33.0,0.933,89.35,7.52,6.28
91.2,0.122,2.16,54.8,37.8,0.937,89.05,10.13,5.4
56.8,0.105,1.3,25.6,14.1,0.921,87.34,5.37,4.76
59.0,0.084,2.29,29.8,18.1,0.912,88.88,4.41,6.77
50.0,0.108,1.81,27.0,16.3,0.945,89.29,4.98,5.41
66.6,0.148,2.13,44.8,32.3,0.933,90.2,8.96,5.0
76.9,0.103,2.22,42.8,27.9,0.934,88.89,7.24,5.92
76.2,0.12,2.71,50.9,36.4,0.972,90.15,8.69,5.86
76.8,0.123,1.54,40.4,25.9,0.945,88.07,8.72,4.63
58.1,0.154,2.39,42.3,31.8,0.931,89.93,8.14,5.19
84.6,0.121,2.76,56.0,40.3,0.92,89.03,9.16,6.11
77.9,0.1,3.2,50.7,35.9,0.934,89.73,7.07,7.18
83.8,0.104,2.62,50.7,35.2,0.969,89.2,8.25,6.14
52.3,0.113,2.28,32.1,21.3,0.977,89.53,5.62,5.71
78.7,0.086,2.24,38.7,23.6,0.93,88.69,6.17,6.28
60.7,0.122,2.88,42.3,30.6,0.917,89.61,6.64,6.37
70.2,0.1,1.96,35.4,22.1,0.973,89.01,6.66,5.31
81.4,0.128,2.5,53.1,38.1,0.912,89.48,9.28,5.72
76.1,0.092,3.2,44.6,30.6,0.924,89.77,6.29,7.09
64.8,0.104,2.05,34.3,21.9,0.916,88.71,6.03,5.69
75.1,0.088,1.2,29.6,15.5,0.945,86.97,6.09,4.86
56.6,0.12,1.67,29.5,19.2,0.933,89.51,6.18,4.77
88.8,0.148,2.25,61.3,45.1,0.923,89.17,11.83,5.18
72.5,0.09,1.68,32.6,18.9,0.961,88.02,6.14,5.32
88.4,0.105,1.93,47.3,31.1,0.953,88.36,8.61,5.49
68.7,0.1,1.95,36.2,23.2,0.98,88.44,6.56,5.52
68.7,0.103,2.38,38.4,25.9,0.925,89.89,6.41,6.0
65.8,0.099,1.63,31.2,19.2,0.968,87.49,6.17,5.07
85.5,0.103,1.81,42.2,26.7,0.924,87.94,7.92,5.32
66.5,0.094,2.8,35.7,23.8,0.901,89.67,5.51,6.49
82.7,0.127,1.86,46.6,31.4,0.912,88.53,9.37,4.97
70.4,0.088,2.46,35.7,22.8,0.941,89.16,5.71,6.25
51.3,0.127,2.11,32.7,22.4,0.965,89.57,6.11,5.36
68.2,0.09,2.09,33.5,20.8,0.905,89.05,5.44,6.16
60.9,0.087,2.47,31.9,20.9,0.967,89.33,5.0,6.38
75.4,0.143,1.2,41.4,27.7,0.957,87.4,10.07,4.11
60.7,0.114,2.32,36.0,24.2,0.903,89.55,6.09,5.91
86.1,0.122,2.38,53.3,37.2,0.909,89.2,9.3,5.73
73.9,0.129,2.52,47.7,34.0,0.906,90.24,8.42,5.66
72.9,0.084,1.91,33.7,20.0,0.954,88.3,5.72,5.9
82.9,0.087,2.1,39.3,24.2,0.945,88.82,6.67,5.9
86.6,0.095,1.2,36.0,20.2,0.929,87.11,7.44,4.84
74.8,0.124,1.77,39.8,26.1,0.907,88.25,8.19,4.86
65.7,0.105,2.19,36.1,23.6,0.931,88.8,6.27,5.75
53.7,0.113,2.84,35.5,25.2,0.955,90.62,5.66,6.27
66.8,0.117,3.02,46.8,33.5,0.907,89.63,6.89,6.79
67.6,0.112,1.93,36.7,24.1,0.969,88.94,7.16,5.12
76.3,0.154,2.54,57.7,43.5,0.905,89.86,10.35,5.58
70.9,0.136,2.03,45.0,32.1,0.949,89.28,8.88,5.07
83.3,0.132,1.29,42.0,26.8,0.915,87.45,9.79,4.29
67.6,0.113,2.4,39.7,27.3,0.907,89.5,6.78,5.86
74.3,0.139,3.02,57.6,43.9,0.928,89.74,9.37,6.14
89.2,0.118,1.91,50.4,33.8,0.953,88.58,9.79,5.15
79.1,0.142,1.65,46.6,31.9,0.91,87.95,9.96,4.67
74.3,0.143,2.13,51.6,37.3,0.938,89.43,9.74,5.3
67.8,0.091,2.04,33.4,20.7,0.932,88.94,5.61,5.97
67.4,0.118,3.2,48.5,35.4,0.934,90.26,7.22,6.72
64.8,0.127,2.6,46.5,33.8,0.975,90.22,7.85,5.92
68.5,0.115,2.16,39.0,25.8,0.928,89.12,7.13,5.47
84.1,0.134,1.2,43.9,28.1,0.979,87.59,10.74,4.09
72.3,0.123,2.03,43.1,29.3,0.943,88.72,8.17,5.28
58.8,0.12,3.03,41.9,30.6,0.967,89.84,6.65,6.3
96.2,0.101,2.14,49.1,32.2,0.928,89.21,8.81,5.57
78.8,0.086,2.51,38.1,23.8,0.907,89.11,6.0,6.36
58.1,0.124,2.3,35.2,23.7,0.907,89.72,6.35,5.54
69.7,0.123,1.86,40.1,26.5,0.946,88.86,7.9,5.08
76.3,0.102,2.95,47.8,33.4,0.974,90.17,7.39,6.47
95.5,0.114,2.19,53.6,36.4,0.906,89.05,9.61,5.58
61.7,0.112,1.75,32.6,20.9,0.955,89.25,6.42,5.08
86.7,0.133,2.11,55.0,39.1,0.945,88.92,10.59,5.19
91.8,0.135,2.81,68.3,51.4,0.952,89.28,11.53,5.93
67.5,0.095,1.36,29.8,17.0,0.917,87.31,5.76,5.18
71.7,0.095,2.24,36.4,23.1,0.906,89.25,6.0,6.07
62.6,0.113,2.14,34.7,23.1,0.906,89.86,6.26,5.55
72.6,0.128,1.33,36.6,23.3,0.92,88.07,8.33,4.39
74.6,0.124,2.48,47.1,33.5,0.917,89.85,8.25,5.71
82.9,0.143,2.23,56.0,40.8,0.91,89.5,10.55,5.31
88.1,0.169,2.54,72.0,56.2,0.921,89.48,13.38,5.38
66.0,0.085,2.67,34.2,21.9,0.943,90.04,5.17,6.63
51.4,0.11,2.07,30.0,19.5,0.976,89.57,5.38,5.57
74.7,0.089,1.82,35.0,20.9,0.974,88.57,6.3,5.56
78.5,0.1,1.39,36.9,21.7,0.922,87.85,7.07,5.22
78.0,0.091,1.78,35.2,20.6,0.905,87.69,6.25,5.64
71.1,0.112,2.11,41.5,28.7,0.98,88.93,7.62,5.44
76.5,0.122,1.62,41.8,28.2,0.938,88.61,8.56,4.88
93.2,0.096,2.39,51.2,34.2,0.978,88.81,8.49,6.03
79.6,0.108,1.65,38.7,24.0,0.943,88.21,7.94,4.87
70.5,0.11,1.22,33.6,20.4,0.971,87.73,7.35,4.57
69.0,0.112,1.81,35.7,23.1,0.936,88.77,7.04,5.07
73.0,0.092,2.19,36.0,22.7,0.95,89.76,6.19,5.81
94.6,0.115,1.47,48.2,30.6,0.943,87.68,9.98,4.83
72.8,0.093,1.66,32.4,18.3,0.918,88.45,6.05,5.35
74.8,0.12,1.78,42.7,28.6,0.961,88.87,8.44,5.06
69.2,0.146,1.85,43.1,29.7,0.904,88.99,8.88,4.85
88.2,0.126,2.25,53.1,37.5,0.929,88.81,10.04,5.29
98.5,0.09,2.42,52.4,34.5,0.97,88.75,8.39,6.24
80.4,0.128,1.86,44.9,30.3,0.94,89.51,9.42,4.77
76.0,0.109,1.58,37.1,22.4,0.906,88.02,7.29,5.09
75.4,0.085,2.17,34.8,20.6,0.917,88.97,5.76,6.04
50.0,0.097,2.36,26.2,16.8,0.909,89.41,4.31,6.08
83.9,0.135,2.91,62.0,47.1,0.922,89.86,10.22,6.07
76.6,0.105,2.67,45.1,30.9,0.913,89.81,7.14,6.32
80.1,0.105,1.47,37.8,23.4,0.957,87.84,7.88,4.8
66.5,0.131,2.03,42.7,29.6,0.953,89.1,8.12,5.26
70.4,0.14,2.33,46.5,34.0,0.911,90.24,8.78,5.3
70.1,0.126,1.67,38.7,25.5,0.936,88.44,8.08,4.79
87.3,0.096,1.92,41.7,26.3,0.924,88.68,7.56,5.51
70.5,0.099,2.44,38.4,25.3,0.927,88.76,6.33,6.08
100.0,0.112,2.22,57.3,39.8,0.946,89.25,10.34,5.54
80.2,0.149,2.1,55.6,40.8,0.972,90.32,11.29,4.92
59.7,0.129,1.77,35.4,24.3,0.972,89.0,7.28,4.87
73.5,0.099,1.38,32.3,18.8,0.933,87.22,6.6,4.89
67.2,0.105,1.94,35.7,22.5,0.931,89.14,6.4,5.57
50.0,0.146,2.05,34.2,24.3,0.941,89.8,6.7,5.1
94.2,0.108,1.37,41.1,25.1,0.938,88.1,9.33,4.4
83.4,0.114,2.12,45.5,30.2,0.905,88.76,8.42,5.41
81.4,0.117,2.3,49.5,33.9,0.946,88.74,8.78,5.64
77.0,0.157,1.75,50.5,36.1,0.947,89.16,11.15,4.53
58.4,0.128,2.3,38.9,27.2,0.936,89.9,6.85,5.68
69.2,0.113,2.24,40.3,27.5,0.933,89.02,7.12,5.66
85.1,0.09,1.95,41.7,25.8,0.975,88.77,7.3,5.7
62.4,0.09,1.89,30.5,18.7,0.948,88.71,5.19,5.88
50.0,0.101,1.93,27.5,17.4,0.965,88.98,4.77,5.76
72.3,0.087,1.67,32.4,18.3,0.976,88.32,5.97,5.43
73.3,0.105,2.27,42.1,28.8,0.965,89.07,7.26,5.79
76.6,0.113,1.68,39.9,26.4,0.975,88.14,8.25,4.84
83.7,0.117,1.71,44.7,29.4,0.961,87.83,9.18,4.86
82.7,0.103,2.35,45.3,29.9,0.914,88.86,7.61,5.95
78.1,0.102,1.98,39.8,24.6,0.918,89.6,7.17,5.55
89.3,0.098,2.13,45.3,29.0,0.916,88.7,7.79,5.81
56.8,0.129,1.24,29.1,17.8,0.926,87.44,6.61,4.4
81.1,0.087,1.84,36.9,22.2,0.928,88.74,6.38,5.78
82.5,0.13,2.94,62.5,47.5,0.965,89.73,10.06,6.21
60.1,0.09,1.21,24.5,12.8,0.929,87.26,4.89,5.01
57.0,0.123,2.97,41.4,29.6,0.958,90.17,6.56,6.3
66.0,0.121,2.23,41.6,29.0,0.972,89.95,7.58,5.48
67.1,0.121,1.83,37.7,24.8,0.909,88.45,7.21,5.22
84.0,0.113,2.0,44.8,29.6,0.9,89.3,8.33,5.37
67.6,0.113,2.72,43.0,30.4,0.971,89.93,7.23,5.95
64.7,0.106,1.2,28.5,15.7,0.919,87.28,6.13,4.66
67.7,0.082,2.81,34.6,22.4,0.912,89.05,4.96,6.98
88.4,0.132,2.23,55.5,39.7,0.924,89.14,10.51,5.28
75.2,0.111,2.61,44.7,30.8,0.915,89.48,7.41,6.03
72.8,0.124,1.23,37.6,23.9,0.963,88.07,8.51,4.41
73.7,0.102,1.99,37.6,23.8,0.951,89.3,6.95,5.4
90.5,0.098,1.2,38.6,21.8,0.913,86.64,7.9,4.88
66.0,0.106,2.7,41.6,27.9,0.947,90.3,6.43,6.48
90.8,0.096,1.61,40.8,24.7,0.917,88.18,7.82,5.21
77.5,0.14,1.6,45.0,30.5,0.916,88.71,9.67,4.65
73.1,0.111,1.2,32.9,19.5,0.948,87.09,7.49,4.39
100.0,0.13,2.32,65.7,47.3,0.953,88.91,12.1,5.43
62.3,0.102,2.14,34.3,21.6,0.928,89.35,5.77,5.94
70.8,0.133,1.73,40.6,27.3,0.961,88.95,8.83,4.6
60.2,0.107,2.23,36.1,24.1,0.967,89.21,6.07,5.95
86.4,0.132,1.71,50.2,34.8,0.973,88.93,10.85,4.63
95.3,0.087,1.22,37.9,20.1,0.95,86.69,7.68,4.93
95.0,0.112,1.92,51.6,33.7,0.918,88.66,9.55,5.4
89.7,0.102,2.92,55.8,39.5,0.96,89.68,8.58,6.5
72.6,0.113,2.59,43.9,30.0,0.909,89.8,7.26,6.05
70.6,0.134,2.33,46.4,33.6,0.914,89.03,8.42,5.51
54.9,0.11,2.22,30.6,20.0,0.967,89.71,5.68,5.38
99.4,0.121,1.92,57.8,39.6,0.973,88.56,11.38,5.08
80.6,0.102,2.47,46.2,30.4,0.905,89.02,7.23,6.39
69.1,0.116,2.38,40.6,28.3,0.925,89.48,7.25,5.6
90.9,0.115,2.06,51.0,34.4,0.95,88.69,9.71,5.25
63.3,0.106,2.2,37.0,24.3,0.975,89.3,6.4,5.77
79.9,0.135,1.3,42.5,26.9,0.946,87.68,9.94,4.27
72.9,0.093,1.86,36.6,23.0,0.966,88.77,6.39,5.72
82.7,0.113,1.5,42.2,26.4,0.974,87.4,8.9,4.74
74.2,0.136,1.49,41.6,27.4,0.942,88.38,9.29,4.48
57.6,0.131,2.34,39.8,27.9,0.959,89.76,7.08,5.63
75.9,0.1,1.47,33.7,19.6,0.953,88.59,7.08,4.76
87.6,0.09,2.48,46.4,30.4,0.954,88.26,7.32,6.34
74.6,0.168,2.62,62.6,48.9,0.941,90.48,11.49,5.45
84.3,0.144,2.07,55.9,40.5,0.95,89.4,11.26,4.97
62.5,0.115,1.8,32.9,21.0,0.944,89.11,6.59,4.99
74.7,0.142,2.62,54.9,41.3,0.951,89.69,9.82,5.59
67.5,0.105,2.38,38.1,24.6,0.94,89.45,6.49,5.87
84.0,0.116,2.7,52.9,37.5,0.918,89.49,8.68,6.1
75.4,0.131,1.56,42.1,28.2,0.955,89.62,9.18,4.58
83.3,0.122,1.97,47.2,32.0,0.931,88.77,9.22,5.12
88.1,0.102,1.99,44.3,28.9,0.91,88.32,8.0,5.54
83.3,0.165,2.2,63.0,47.4,0.968,90.37,12.97,4.86
78.3,0.102,2.41,43.9,29.7,0.915,89.29,7.11,6.16
63.0,0.154,2.17,45.6,33.7,0.943,89.99,8.94,5.1
75.0,0.133,2.77,55.1,40.6,0.958,90.22,9.33,5.9
68.6,0.121,1.91,38.4,25.6,0.952,89.03,7.7,4.99
70.9,0.123,1.58,37.0,23.4,0.913,88.24,7.75,4.77
70.5,0.132,1.77,40.3,27.2,0.916,88.92,8.28,4.86
63.2,0.114,1.7,33.2,21.3,0.912,88.37,6.42,5.17
51.5,0.109,1.87,25.6,15.6,0.906,88.54,4.95,5.17
67.0,0.121,1.97,38.9,26.2,0.923,88.8,7.27,5.35
77.3,0.149,1.99,51.5,37.7,0.942,88.48,10.58,4.86
58.8,0.1,2.22,30.9,19.2,0.914,89.14,5.26,5.88
75.2,0.125,1.87,44.1,28.9,0.978,88.72,8.97,4.92
97.8,0.104,2.62,58.4,40.5,0.956,89.27,9.49,6.16
87.3,0.107,1.2,38.6,23.0,0.947,86.97,8.61,4.48
94.7,0.171,1.2,56.8,39.3,0.955,87.53,15.04,3.77
79.7,0.144,2.6,58.5,44.3,0.935,90.2,10.45,5.6
89.0,0.09,2.56,47.9,32.0,0.938,88.83,7.3,6.56
66.3,0.127,2.72,47.0,34.6,0.971,89.47,7.98,5.89
67.3,0.09,2.42,35.7,22.5,0.958,88.31,5.64,6.32
50.0,0.133,2.1,33.7,23.4,0.947,89.68,6.16,5.47
89.2,0.087,1.97,41.7,26.0,0.976,88.35,7.41,5.63
93.5,0.086,1.3,38.3,21.0,0.953,87.34,7.45,5.14
68.4,0.124,2.17,41.1,28.4,0.932,89.06,7.69,5.35
72.0,0.098,1.38,32.1,18.4,0.904,87.87,6.22,5.17
66.0,0.147,3.2,55.1,42.8,0.931,89.44,8.83,6.23
79.6,0.104,1.58,39.2,24.5,0.974,87.6,7.89,4.97
88.5,0.125,2.06,51.3,35.5,0.904,89.09,9.78,5.25
54.1,0.121,2.85,36.6,26.0,0.915,90.28,5.83,6.28
79.9,0.095,1.92,38.9,24.6,0.965,87.95,7.16,5.43
71.7,0.139,1.92,45.3,32.1,0.929,88.9,9.0,5.03
76.4,0.107,1.2,33.8,19.8,0.915,87.11,7.29,4.63
80.5,0.12,1.45,40.6,26.1,0.965,87.88,9.11,4.46
72.7,0.112,2.38,42.2,28.7,0.945,89.55,7.54,5.6
73.8,0.147,2.94,60.2,46.4,0.944,90.4,9.95,6.05
72.4,0.153,1.65,45.1,31.0,0.924,88.45,10.0,4.51
86.6,0.093,2.2,43.8,28.4,0.954,88.9,7.5,5.84
80.0,0.1,3.2,51.8,37.4,0.969,89.27,7.55,6.85
77.6,0.095,2.38,42.2,27.7,0.96,89.2,6.92,6.09
59.7,0.088,2.59,30.4,19.5,0.949,89.24,4.86,6.26
70.5,0.099,1.72,33.5,20.1,0.928,88.77,6.33,5.29
85.8,0.09,2.88,49.0,33.3,0.968,89.41,7.31,6.7
75.5,0.127,1.75,43.1,28.8,0.945,88.37,8.82,4.89
82.9,0.083,1.67,37.6,21.4,0.971,87.34,6.55,5.74
96.2,0.097,2.84,55.2,37.7,0.92,89.52,8.36,6.6
87.5,0.115,1.78,46.9,31.1,0.952,88.19,9.32,5.03
76.1,0.12,2.1,46.1,31.5,0.975,88.91,8.7,5.29
68.9,0.111,2.91,45.8,32.8,0.93,89.99,6.96,6.58
50.0,0.101,1.64,24.9,15.0,0.976,88.23,4.82,5.17
73.0,0.111,1.98,40.6,26.2,0.931,88.99,7.38,5.49
71.1,0.108,1.79,36.9,23.2,0.935,88.63,6.98,5.28
79.7,0.132,1.94,48.9,34.6,0.965,88.98,9.9,4.94
73.2,0.104,2.12,39.0,25.7,0.921,89.41,6.82,5.73
71.2,0.113,2.77,45.4,32.5,0.956,89.8,7.49,6.06
53.6,0.115,2.92,35.9,25.7,0.924,90.34,5.54,6.48
63.7,0.093,2.18,33.6,21.0,0.948,88.98,5.48,6.14
80.7,0.112,1.74,42.5,27.7,0.962,88.18,8.48,5.01
95.6,0.13,2.44,60.7,44.1,0.902,89.63,10.91,5.56
73.8,0.105,2.1,38.4,24.5,0.907,88.78,6.85,5.61
78.9,0.105,2.12,43.6,28.9,0.975,88.97,7.9,5.52
86.4,0.085,1.58,36.0,20.3,0.965,87.88,6.95,5.17
65.3,0.099,1.29,28.9,16.7,0.97,87.19,6.11,4.72
79.4,0.139,2.09,51.4,36.7,0.935,89.02,10.08,5.1
66.1,0.096,1.57,29.9,17.3,0.957,88.02,5.91,5.05
85.4,0.113,1.83,47.0,31.2,0.98,88.8,9.24,5.08
76.8,0.104,2.84,47.0,33.4,0.935,89.6,7.26,6.47
78.6,0.093,2.06,39.3,25.2,0.968,88.24,6.87,5.72
65.6,0.085,2.65,33.2,20.9,0.906,90.0,4.9,6.77
83.5,0.117,2.25,48.9,34.1,0.944,89.27,9.01,5.43
100.0,0.107,2.39,57.4,39.2,0.927,88.75,9.71,5.91
62.9,0.102,1.82,31.4,19.0,0.942,88.67,5.87,5.34
70.9,0.106,2.68,40.5,27.4,0.909,89.43,6.69,6.06
77.8,0.082,2.26,37.8,23.1,0.929,88.67,5.75,6.58
84.4,0.114,1.97,45.9,30.3,0.906,89.17,8.51,5.4
68.3,0.098,2.26,35.5,22.5,0.936,89.97,6.1,5.83
50.0,0.147,1.74,29.6,20.8,0.935,89.14,6.71,4.42
91.3,0.114,1.95,49.6,33.0,0.926,88.48,9.41,5.27
84.1,0.101,2.07,44.7,29.5,0.976,88.71,8.09,5.52
54.1,0.096,1.84,26.5,15.9,0.907,88.32,4.57,5.8
67.7,0.13,2.88,50.0,37.3,0.966,90.14,8.31,6.02
93.8,0.163,1.89,64.4,47.8,0.928,89.17,13.84,4.65
92.4,0.141,3.14,72.7,56.1,0.916,89.87,11.61,6.26
86.3,0.107,2.13,47.4,31.8,0.922,88.21,8.32,5.7
72.9,0.108,1.98,40.4,26.4,0.972,88.09,7.46,5.42
76.0,0.116,1.85,41.6,27.5,0.966,88.61,8.32,5.01
73.4,0.098,2.31,37.8,24.3,0.901,89.34,6.3,6.0
88.5,0.121,2.55,56.1,40.4,0.912,88.73,9.53,5.88
64.5,0.088,1.2,27.5,14.1,0.954,87.35,5.26,5.23
65.3,0.16,2.1,47.2,34.4,0.925,89.66,9.45,5.0
87.1,0.107,1.2,38.9,22.9,0.974,86.64,8.84,4.41
74.5,0.124,2.59,49.9,36.5,0.963,89.66,8.69,5.74
91.5,0.095,2.6,50.7,34.7,0.97,88.57,8.22,6.17
66.9,0.138,2.12,43.4,30.0,0.915,88.61,8.24,5.27
74.3,0.098,2.2,39.5,24.9,0.912,89.42,6.47,6.1
63.9,0.088,1.39,27.2,14.9,0.975,87.6,5.37,5.07
75.1,0.126,1.83,42.1,28.4,0.932,88.59,8.63,4.88
57.3,0.17,1.79,40.2,29.3,0.933,89.38,8.86,4.54
69.1,0.116,1.88,37.6,24.9,0.955,88.61,7.48,5.03
57.8,0.086,2.54,30.6,18.5,0.932,89.26,4.53,6.75
83.3,0.109,2.74,54.2,39.0,0.97,89.36,8.6,6.3
83.6,0.124,2.41,55.0,39.3,0.977,89.59,9.88,5.57
54.2,0.101,1.94,28.7,17.6,0.927,88.78,4.96,5.79
91.0,0.14,1.73,54.4,38.4,0.917,88.22,11.37,4.79
100.0,0.16,2.15,70.6,52.6,0.906,89.11,14.16,4.99
75.6,0.113,2.25,43.1,29.2,0.917,90.06,7.62,5.66
67.3,0.104,1.99,35.5,22.2,0.911,88.98,6.24,5.69
100.0,0.11,1.77,50.0,31.7,0.902,88.32,9.7,5.15
59.2,0.121,2.41,36.7,25.3,0.904,89.6,6.32,5.82
75.2,0.104,2.46,42.9,28.8,0.941,89.88,7.15,6.0
77.2,0.117,1.44,37.9,23.8,0.957,88.21,8.39,4.52
91.1,0.081,1.91,41.3,25.1,0.979,87.82,7.06,5.84
79.3,0.101,2.49,42.5,28.1,0.912,89.26,7.12,5.97
69.0,0.116,2.59,44.7,31.5,0.956,89.48,7.46,5.99
63.6,0.099,2.13,33.7,21.2,0.944,89.24,5.79,5.82
70.9,0.111,2.28,40.6,27.0,0.938,89.62,7.17,5.65
62.9,0.117,2.23,38.0,26.6,0.958,88.99,6.88,5.52
75.6,0.092,2.58,39.9,25.7,0.919,89.34,6.26,6.38
68.2,0.099,1.55,31.5,18.3,0.925,87.8,6.1,5.16
57.1,0.153,2.23,42.0,30.2,0.931,90.44,7.93,5.3
90.1,0.098,1.66,39.5,23.7,0.915,88.31,7.86,5.03
69.0,0.095,2.64,39.9,26.5,0.938,88.69,5.99,6.67
59.8,0.136,1.57,34.3,22.1,0.911,88.31,7.23,4.74
73.0,0.124,2.3,45.0,31.7,0.925,88.96,8.18,5.5
75.8,0.131,1.66,41.4,27.0,0.909,88.57,8.82,4.69
54.0,0.132,2.48,35.5,25.5,0.903,90.05,6.27,5.65
79.0,0.129,2.32,50.5,35.9,0.928,89.69,9.23,5.47
62.4,0.148,2.22,44.1,32.6,0.949,89.71,8.56,5.16
95.5,0.124,3.08,67.9,50.3,0.912,89.45,10.56,6.43
81.3,0.134,1.75,48.2,33.2,0.979,88.81,10.39,4.64
70.2,0.136,2.56,48.5,35.4,0.922,90.91,8.56,5.67
66.1,0.085,2.69,34.0,21.1,0.902,88.81,4.93,6.89
73.7,0.113,2.56,44.7,31.3,0.902,88.83,7.35,6.08
82.4,0.107,1.76,41.6,26.4,0.953,88.21,8.22,5.06
74.7,0.091,1.98,37.0,22.8,0.954,88.4,6.3,5.88
72.4,0.125,1.8,42.8,29.4,0.972,88.56,8.59,4.99
75.7,0.11,1.95,39.8,25.7,0.907,88.82,7.38,5.39
67.8,0.112,1.68,35.4,22.7,0.93,88.11,6.86,5.17
70.9,0.113,1.92,40.7,26.8,0.971,88.68,7.61,5.34
50.0,0.117,2.83,35.4,24.8,0.964,89.94,5.49,6.44
86.7,0.112,1.94,46.0,30.2,0.919,88.56,8.66,5.31
78.6,0.099,2.15,41.7,27.2,0.971,88.85,7.39,5.65
65.7,0.091,1.74,30.9,18.8,0.954,88.35,5.55,5.56
97.8,0.123,2.09,58.9,40.3,0.921,88.55,10.83,5.43
76.0,0.102,2.51,42.1,27.6,0.904,89.19,6.84,6.16
62.6,0.091,2.34,32.9,20.5,0.94,89.22,5.2,6.33
85.3,0.083,2.81,45.2,29.0,0.957,89.42,6.59,6.86
79.8,0.109,1.5,38.5,23.8,0.921,87.4,7.84,4.91
79.7,0.14,1.72,47.2,32.5,0.913,88.77,9.96,4.74
69.9,0.107,1.89,35.4,21.6,0.906,88.84,6.59,5.37
80.4,0.125,2.86,57.4,42.7,0.967,89.76,9.46,6.06
71.9,0.088,2.25,35.1,21.6,0.904,89.04,5.58,6.28
81.7,0.101,1.39,37.3,22.1,0.949,87.06,7.65,4.88
52.1,0.109,2.65,33.7,23.8,0.961,89.87,5.33,6.32
69.8,0.103,2.15,37.7,24.2,0.962,89.11,6.77,5.57
95.7,0.11,2.55,59.1,41.6,0.952,89.3,9.79,6.04
65.8,0.128,2.89,47.2,34.9,0.952,89.9,7.79,6.06
67.8,0.114,1.61,33.9,20.6,0.938,88.22,7.05,4.81
69.6,0.093,2.89,39.6,26.9,0.933,89.83,5.87,6.74
60.4,0.096,2.06,30.1,18.6,0.911,88.6,5.15,5.85
50.0,0.096,1.89,25.8,15.2,0.943,88.47,4.41,5.85
72.2,0.135,2.18,46.1,32.6,0.906,89.01,8.6,5.35
76.6,0.117,1.5,38.3,24.7,0.937,88.19,8.17,4.69
74.4,0.104,2.09,40.1,26.1,0.958,88.69,7.23,5.55
73.3,0.096,1.98,36.7,23.1,0.935,88.69,6.42,5.72
75.5,0.112,1.63,37.1,22.9,0.941,88.79,7.73,4.8
87.3,0.104,1.78,44.6,28.2,0.967,87.89,8.52,5.24
72.7,0.109,2.67,46.0,32.4,0.952,88.92,7.33,6.28
68.1,0.122,2.01,38.1,26.2,0.91,89.44,7.35,5.18
71.6,0.129,1.61,40.0,26.3,0.943,88.23,8.47,4.72
82.0,0.119,2.32,49.2,34.5,0.929,88.84,8.84,5.57
91.9,0.131,2.48,61.2,44.3,0.917,89.33,10.76,5.69
67.5,0.088,2.1,33.2,20.1,0.952,88.8,5.53,6.01
76.2,0.117,1.48,39.1,24.4,0.931,87.73,8.1,4.82
79.1,0.133,1.2,40.7,25.7,0.961,87.56,9.86,4.13
63.1,0.105,1.65,32.2,20.2,0.947,88.18,6.12,5.26
75.2,0.085,2.63,38.6,24.6,0.908,88.88,5.66,6.82
57.4,0.104,2.58,35.3,24.0,0.928,88.98,5.41,6.53
53.8,0.127,1.7,30.5,19.6,0.922,88.1,6.15,4.96
79.4,0.136,1.98,48.7,34.4,0.912,89.2,9.59,5.08
70.4,0.099,2.45,39.5,25.8,0.964,88.82,6.52,6.05
77.4,0.102,2.03,39.7,26.0,0.93,88.75,7.14,5.56
74.8,0.128,2.57,49.8,36.7,0.949,90.33,8.86,5.62
63.3,0.1,2.05,33.1,21.6,0.971,89.18,6.0,5.52
74.5,0.121,2.34,47.0,32.8,0.943,89.4,8.26,5.69
60.2,0.099,1.94,30.9,19.0,0.921,89.05,5.35,5.77
91.7,0.095,1.71,43.6,26.8,0.963,88.77,8.22,5.3
58.7,0.098,2.68,34.3,23.1,0.935,88.95,5.27,6.51
72.7,0.091,1.35,31.4,17.6,0.945,87.37,6.11,5.14
62.5,0.124,1.8,35.7,23.9,0.972,89.47,7.32,4.87
81.8,0.084,2.05,37.2,22.3,0.939,88.65,6.26,5.94
71.0,0.099,2.53,39.3,26.2,0.927,89.75,6.33,6.2
68.8,0.118,1.66,36.0,22.7,0.958,88.32,7.59,4.74
85.2,0.125,2.16,51.2,35.8,0.911,88.68,9.5,5.39
75.4,0.133,1.41,41.7,27.5,0.973,88.7,9.48,4.4
81.2,0.095,2.32,44.1,29.0,0.973,88.99,7.31,6.02
63.2,0.137,3.01,49.6,36.8,0.946,90.45,7.99,6.21
58.1,0.127,1.2,27.3,16.0,0.912,87.91,6.55,4.17
76.3,0.128,1.74,43.8,29.1,0.936,89.14,8.92,4.92
71.2,0.162,2.52,56.3,42.6,0.934,90.18,10.51,5.36
82.5,0.114,3.2,55.5,40.8,0.924,89.77,8.46,6.56
74.0,0.12,2.39,45.6,32.0,0.914,89.61,7.89,5.78
77.5,0.123,1.74,41.3,27.1,0.921,88.39,8.58,4.82
55.5,0.1,2.03,29.1,18.0,0.944,89.47,5.1,5.71
97.7,0.161,1.49,62.5,44.5,0.955,88.05,14.66,4.26
73.0,0.106,2.5,43.9,30.0,0.978,89.76,7.41,5.92
83.4,0.121,2.62,52.7,37.7,0.917,89.76,9.05,5.83
65.0,0.098,2.8,38.3,26.0,0.916,88.8,5.71,6.72
78.7,0.085,1.93,35.3,20.9,0.909,88.74,5.95,5.93
59.4,0.125,1.7,33.2,21.5,0.975,88.92,7.08,4.69
80.4,0.12,2.85,53.4,39.2,0.931,90.09,8.74,6.11
70.7,0.089,2.79,40.4,27.1,0.974,89.98,5.96,6.77
75.4,0.107,1.61,37.8,24.5,0.971,88.24,7.63,4.96
83.4,0.089,1.91,37.4,22.5,0.904,88.53,6.56,5.7
60.2,0.1,2.49,34.9,22.6,0.922,89.04,5.42,6.44
66.8,0.111,1.97,37.1,23.8,0.924,88.94,6.68,5.56
80.5,0.091,2.12,39.3,24.7,0.922,89.31,6.58,5.98
100.0,0.093,1.37,42.4,24.2,0.934,87.08,8.49,4.99
73.3,0.123,1.54,39.6,25.7,0.94,88.6,8.28,4.78
82.1,0.109,2.05,45.4,29.7,0.961,88.83,8.36,5.43
73.7,0.147,1.75,45.9,32.0,0.921,88.94,9.72,4.72
98.3,0.13,1.53,51.4,34.1,0.924,88.16,11.53,4.46
54.0,0.103,1.94,27.3,17.0,0.948,88.03,5.15,5.31
76.1,0.168,1.66,50.3,36.0,0.914,89.16,11.37,4.43
55.5,0.146,2.11,39.2,29.0,0.938,88.97,7.42,5.28
50.0,0.115,2.6,31.2,21.9,0.92,89.86,5.17,6.04
78.6,0.096,1.95,38.3,23.4,0.916,88.31,6.71,5.71
76.7,0.127,1.89,47.5,32.2,0.964,88.52,9.17,5.18
71.6,0.128,2.64,49.2,36.0,0.957,90.26,8.56,5.74
73.7,0.105,2.47,40.9,27.2,0.92,89.71,6.96,5.88
100.0,0.115,2.5,61.7,43.8,0.933,88.94,10.46,5.9
71.9,0.109,1.2,32.8,19.2,0.912,88.01,6.94,4.72
81.1,0.138,1.88,48.1,33.5,0.904,89.32,9.88,4.87
67.2,0.132,1.81,40.1,27.4,0.947,88.95,8.2,4.9
78.5,0.111,1.69,39.9,25.0,0.929,87.7,7.89,5.06
72.1,0.129,2.63,48.5,35.2,0.917,89.71,8.32,5.83
70.1,0.104,1.83,35.1,21.9,0.909,88.43,6.48,5.42
96.8,0.099,1.4,43.8,25.9,0.954,87.14,8.93,4.91
89.1,0.11,2.22,49.6,33.3,0.922,89.08,8.77,5.65
76.6,0.149,2.1,51.1,37.5,0.973,89.23,10.8,4.73
50.0,0.093,1.64,22.1,13.0,0.915,88.94,4.13,5.34
70.7,0.117,2.61,43.4,30.5,0.92,89.42,7.39,5.87
100.0,0.103,2.37,57.6,39.1,0.968,88.46,9.73,5.92
72.2,0.127,2.36,47.3,33.9,0.946,89.75,8.44,5.6
88.2,0.084,2.34,42.4,26.2,0.909,88.73,6.53,6.5
92.3,0.098,2.64,52.2,34.9,0.944,89.37,8.3,6.28
77.6,0.113,2.02,41.5,27.6,0.925,88.98,7.88,5.27
64.9,0.085,1.48,28.7,15.3,0.959,87.32,5.14,5.59
50.0,0.162,2.0,35.5,25.6,0.906,90.0,7.17,4.96
83.2,0.14,1.27,46.4,30.8,0.973,87.3,11.06,4.19
65.2,0.1,1.57,30.6,18.5,0.938,88.24,5.97,5.13
77.1,0.095,2.91,44.8,30.9,0.959,89.19,6.83,6.56
60.0,0.087,1.55,27.1,15.5,0.956,87.99,4.86,5.58
71.8,0.109,1.51,34.1,20.8,0.914,88.08,6.95,4.9
75.4,0.124,2.43,49.4,35.3,0.97,89.76,8.85,5.58
78.2,0.1,2.53,42.5,28.8,0.919,89.04,6.98,6.08
61.6,0.086,1.27,23.5,12.2,0.915,86.3,4.74,4.95
89.4,0.113,2.22,52.1,36.0,0.942,88.63,9.25,5.63
67.8,0.099,1.83,33.7,21.3,0.979,88.66,6.39,5.27
54.9,0.107,2.27,31.9,19.9,0.925,89.88,5.32,5.99
73.7,0.107,1.95,40.3,26.4,0.977,88.91,7.49,5.38
75.4,0.107,1.42,35.9,21.7,0.935,88.11,7.36,4.87
76.9,0.138,1.86,46.7,32.8,0.967,89.06,10.03,4.65
91.3,0.139,2.41,64.1,47.8,0.942,89.5,11.7,5.48
72.2,0.145,3.07,59.2,45.8,0.916,90.06,9.37,6.31
73.6,0.111,2.29,44.2,30.0,0.97,89.62,7.75,5.7
61.8,0.087,1.9,27.7,16.4,0.906,89.27,4.76,5.82
84.8,0.117,1.51,44.7,29.2,0.955,87.63,9.24,4.83
77.2,0.137,2.02,49.4,34.8,0.966,89.3,9.99,4.94
70.0,0.123,1.91,40.0,27.7,0.967,88.59,8.12,4.92
52.1,0.117,2.25,31.5,21.8,0.952,90.19,5.67,5.55
92.3,0.136,2.07,57.8,41.6,0.92,89.1,11.3,5.11
60.3,0.134,2.34,40.5,28.9,0.943,89.76,7.4,5.47
67.9,0.135,1.92,41.5,28.8,0.95,88.79,8.48,4.89
79.3,0.113,2.95,55.2,40.1,0.971,89.53,8.48,6.51
60.6,0.134,2.39,39.5,28.7,0.913,89.78,7.24,5.46
57.1,0.095,1.75,27.2,16.2,0.937,88.23,4.97,5.48
50.0,0.131,2.6,35.8,25.4,0.927,90.13,5.91,6.06
83.7,0.111,1.52,41.3,26.6,0.934,87.64,8.49,4.86
68.5,0.106,1.67,33.5,20.6,0.915,88.57,6.46,5.19
100.0,0.102,1.7,48.0,29.7,0.917,87.6,9.09,5.28
63.1,0.09,2.76,36.8,24.2,0.962,89.54,5.33,6.9
63.9,0.098,2.01,32.1,20.3,0.938,88.87,5.75,5.57
68.2,0.128,1.79,39.1,26.0,0.941,89.0,8.01,4.88
77.9,0.14,2.18,52.8,38.3,0.972,89.48,10.33,5.11
69.4,0.101,2.37,36.9,24.2,0.919,89.29,6.25,5.9
82.3,0.091,2.89,45.0,30.3,0.926,89.01,6.74,6.67
63.3,0.122,1.35,32.4,20.8,0.925,88.13,6.96,4.66
58.4,0.112,2.73,38.8,26.0,0.953,89.9,6.08,6.38
53.4,0.09,1.2,23.0,12.0,0.945,87.45,4.41,5.22
50.0,0.104,2.55,29.8,19.7,0.938,89.72,4.76,6.25
68.8,0.141,2.68,52.2,39.5,0.953,89.91,9.04,5.77
71.4,0.099,2.71,42.0,28.4,0.939,89.08,6.48,6.49
67.4,0.126,2.38,44.9,32.6,0.965,89.37,7.99,5.62
89.9,0.101,1.57,41.8,25.3,0.933,87.66,8.25,5.07
89.7,0.125,2.47,60.1,43.4,0.971,89.66,10.63,5.65
71.0,0.138,1.57,40.4,27.1,0.91,88.12,8.72,4.63
53.5,0.117,1.63,27.7,17.4,0.908,88.23,5.52,5.02
68.2,0.088,1.87,32.1,19.4,0.952,88.53,5.59,5.73
67.8,0.131,1.92,41.1,27.9,0.931,88.87,8.05,5.11
67.1,0.116,2.22,38.9,26.2,0.936,89.21,7.14,5.45
66.6,0.148,1.75,43.6,30.3,0.956,88.95,9.17,4.75
67.2,0.092,2.26,34.1,22.1,0.917,88.88,5.55,6.15
70.4,0.109,1.41,32.2,19.4,0.904,87.58,6.74,4.78
67.4,0.165,2.12,49.7,36.9,0.935,89.48,10.12,4.91
77.5,0.098,1.96,40.1,25.5,0.972,88.54,7.22,5.56
79.3,0.091,2.61,43.9,29.3,0.936,88.65,6.58,6.68
64.1,0.12,2.66,42.9,30.1,0.946,89.98,7.09,6.05
90.3,0.121,2.02,51.4,35.3,0.917,88.51,9.78,5.26
63.2,0.1,1.2,27.3,15.2,0.937,87.37,5.79,4.72
55.6,0.134,1.36,30.8,19.5,0.938,87.99,6.79,4.54
79.6,0.114,2.66,49.6,34.1,0.919,89.84,8.15,6.08
65.2,0.119,2.03,38.1,25.8,0.913,89.21,6.93,5.5
78.9,0.123,2.97,56.8,41.1,0.928,89.36,8.75,6.49
50.0,0.122,2.55,32.0,21.9,0.903,90.82,5.39,5.93
91.7,0.135,2.23,59.1,41.8,0.913,89.06,11.02,5.37
83.1,0.128,2.16,52.5,37.4,0.959,88.99,9.96,5.27
57.0,0.088,1.53,26.3,15.2,0.952,87.9,4.64,5.66
57.3,0.103,1.78,30.0,18.4,0.925,88.9,5.31,5.65
95.1,0.123,2.31,59.7,42.1,0.944,88.58,10.79,5.53
66.2,0.104,1.93,35.1,22.5,0.966,88.91,6.49,5.4
65.0,0.106,2.33,37.8,25.8,0.967,88.77,6.53,5.79
50.0,0.131,2.61,35.5,24.4,0.952,90.06,6.08,5.84
70.8,0.105,2.01,36.5,23.3,0.91,89.31,6.61,5.52
72.3,0.109,1.88,37.8,24.2,0.913,88.57,7.04,5.37
83.6,0.111,1.65,40.4,25.8,0.923,88.53,8.36,4.83
58.2,0.121,2.52,39.3,28.2,0.954,89.2,6.57,5.99
56.8,0.158,2.48,43.5,32.1,0.921,90.0,8.07,5.39
80.4,0.115,3.19,55.8,41.0,0.937,89.27,8.44,6.61
87.1,0.108,2.19,50.5,33.5,0.966,89.58,8.86,5.7
56.1,0.097,2.05,29.8,18.7,0.971,88.94,5.15,5.79
88.0,0.121,2.33,55.1,39.2,0.967,88.96,10.04,5.49
75.5,0.101,1.96,38.9,24.2,0.909,88.63,6.72,5.79
88.1,0.103,1.66,44.5,27.4,0.973,88.06,8.6,5.17
74.2,0.137,2.14,50.5,36.1,0.955,89.27,9.46,5.34
50.0,0.107,2.33,28.5,18.4,0.95,89.18,4.97,5.73
73.2,0.168,2.36,56.3,42.7,0.92,90.47,11.03,5.11
87.7,0.146,2.32,63.7,48.3,0.974,89.87,12.19,5.22
64.3,0.101,2.63,37.0,24.6,0.901,89.64,5.72,6.48
70.3,0.138,2.36,47.0,33.5,0.907,89.77,8.55,5.49
72.9,0.106,2.24,39.2,26.0,0.912,89.22,6.89,5.69
50.0,0.092,1.47,22.9,12.9,0.956,87.93,4.29,5.33
95.1,0.109,2.22,53.5,35.8,0.95,88.64,9.56,5.59
64.2,0.137,2.01,40.8,28.6,0.976,89.96,8.38,4.87
81.1,0.101,1.54,37.7,22.6,0.928,88.11,7.37,5.12
74.0,0.107,2.35,41.8,28.8,0.928,88.78,7.13,5.86
90.1,0.112,2.36,55.0,37.9,0.954,88.92,9.4,5.85
79.9,0.125,2.31,48.9,34.4,0.914,89.51,8.91,5.49
72.2,0.091,2.38,37.0,23.6,0.937,89.24,6.01,6.16
64.3,0.135,2.16,40.6,28.2,0.901,89.73,7.63,5.32
84.6,0.099,1.98,42.4,26.9,0.947,88.07,7.76,5.46
52.5,0.143,2.99,43.8,33.0,0.963,90.49,7.06,6.21
82.8,0.126,2.17,49.6,34.5,0.916,89.57,9.32,5.32
61.8,0.142,1.2,32.6,21.0,0.925,87.21,7.93,4.11
90.0,0.102,1.2,38.1,21.3,0.911,87.43,8.12,4.7
76.9,0.106,2.7,46.2,33.0,0.949,89.55,7.53,6.14
82.7,0.122,1.2,39.5,24.8,0.945,87.21,9.29,4.25
76.0,0.134,1.83,47.5,33.2,0.966,88.58,9.58,4.96
54.0,0.111,1.49,27.7,16.7,0.978,88.09,5.7,4.86
64.7,0.141,1.95,44.0,31.3,0.979,89.22,8.7,5.05
83.1,0.096,2.29,40.6,26.4,0.909,88.42,7.03,5.77
77.0,0.107,1.77,39.4,25.3,0.944,88.37,7.61,5.18
89.2,0.119,1.69,47.8,31.2,0.963,88.0,10.0,4.78
79.8,0.106,2.46,45.7,31.3,0.953,89.48,7.85,5.82
63.4,0.086,3.2,37.2,25.1,0.972,88.54,5.16,7.2
65.4,0.1,2.37,35.7,23.0,0.935,89.22,5.96,5.98
76.2,0.102,1.64,36.2,22.0,0.934,87.86,7.07,5.12
50.0,0.113,2.54,32.0,21.8,0.902,89.82,4.96,6.46
95.1,0.109,2.97,58.7,41.6,0.901,90.15,9.1,6.45
80.3,0.112,2.63,49.5,34.4,0.955,90.0,8.35,5.93
89.7,0.099,1.33,39.6,23.0,0.938,87.02,8.1,4.89
56.0,0.123,2.36,36.7,25.4,0.953,89.66,6.42,5.72
89.9,0.094,1.87,44.0,27.3,0.919,88.01,7.59,5.8
100.0,0.127,2.13,62.7,44.3,0.969,88.82,12.0,5.23
59.1,0.153,1.91,39.1,27.9,0.972,89.79,8.58,4.56
84.3,0.138,2.47,59.1,43.8,0.953,89.1,10.77,5.49
75.0,0.095,1.92,35.9,21.9,0.922,89.16,6.43,5.59
56.5,0.113,2.81,36.3,24.5,0.917,90.2,5.7,6.38
80.9,0.133,2.1,50.8,35.8,0.95,89.5,9.93,5.11
85.0,0.112,1.99,48.0,31.7,0.975,88.88,9.02,5.32
67.8,0.146,2.39,49.7,36.3,0.946,89.53,9.15,5.44
89.0,0.111,2.28,51.8,34.9,0.967,89.36,9.28,5.58
55.0,0.128,2.4,37.6,26.3,0.945,89.72,6.51,5.78
57.1,0.105,2.03,31.8,21.1,0.954,88.56,5.58,5.7
76.6,0.122,2.77,52.0,38.1,0.945,89.69,8.61,6.04
75.3,0.105,2.6,45.4,31.7,0.946,88.98,7.31,6.21
66.4,0.104,2.09,36.8,23.7,0.959,88.86,6.46,5.7
84.7,0.136,2.51,57.7,42.3,0.932,89.8,10.45,5.52
81.4,0.083,1.97,37.7,22.9,0.972,88.4,6.44,5.85
85.3,0.087,2.39,43.2,27.8,0.969,88.85,7.01,6.16
73.5,0.09,2.51,38.8,24.9,0.958,89.59,6.2,6.26
82.2,0.146,2.22,57.8,42.9,0.959,88.69,11.25,5.14
69.7,0.096,1.69,32.8,19.9,0.933,88.71,6.09,5.39
99.6,0.174,1.5,66.2,48.4,0.967,88.46,16.35,4.05
65.2,0.088,2.25,34.9,22.1,0.975,89.03,5.46,6.39
100.0,0.086,1.74,44.3,27.0,0.964,87.82,8.07,5.49
75.4,0.101,2.63,42.5,28.4,0.911,89.58,6.77,6.28
58.5,0.11,1.35,27.7,16.5,0.963,88.21,6.05,4.59
91.4,0.123,2.76,63.7,46.8,0.937,89.38,10.31,6.18
76.5,0.1,2.13,40.2,26.0,0.949,88.86,7.1,5.67
85.2,0.147,1.67,53.2,37.9,0.979,88.88,11.95,4.45
89.7,0.134,1.87,54.9,37.6,0.929,88.06,10.91,5.03
79.1,0.105,2.0,40.8,25.6,0.928,88.74,7.5,5.45
67.9,0.13,2.34,43.0,30.0,0.921,89.79,7.95,5.41
86.7,0.106,1.49,41.0,24.9,0.91,87.58,8.17,5.02
75.0,0.1,1.62,34.0,20.3,0.913,87.87,6.69,5.09
83.2,0.129,1.94,49.5,34.1,0.941,88.86,9.84,5.04
50.0,0.104,2.08,28.0,17.0,0.973,89.09,4.92,5.7
80.4,0.124,2.46,53.3,37.9,0.965,89.36,9.37,5.68
67.3,0.11,2.23,37.7,25.3,0.915,89.11,6.61,5.7
94.8,0.135,1.91,56.4,39.0,0.945,89.31,11.79,4.78
82.5,0.12,2.22,50.7,35.4,0.968,88.75,9.3,5.45
77.9,0.127,2.18,48.7,34.0,0.943,89.56,9.1,5.35
80.8,0.109,1.97,44.9,29.3,0.973,88.56,8.38,5.36
63.0,0.141,2.16,42.1,30.4,0.973,89.74,8.41,5.01
94.5,0.099,1.2,39.3,22.3,0.928,86.95,8.48,4.64
98.9,0.129,2.57,67.3,49.9,0.97,89.83,12.02,5.6
79.7,0.089,2.37,41.9,27.1,0.947,89.1,6.53,6.43
94.1,0.123,2.85,64.8,47.7,0.938,89.32,10.56,6.14
68.2,0.123,1.69,38.6,24.8,0.962,88.7,7.87,4.9
65.4,0.152,2.39,48.7,36.5,0.963,90.61,9.33,5.22
75.5,0.127,1.2,38.3,23.9,0.954,87.41,8.95,4.28
80.2,0.094,1.22,33.1,19.3,0.965,86.48,7.1,4.67
70.3,0.113,1.98,41.0,27.0,0.976,88.85,7.58,5.41
81.5,0.101,1.81,41.5,26.4,0.97,88.27,7.79,5.32
78.7,0.098,2.62,42.8,28.1,0.906,89.53,6.82,6.27
63.0,0.11,2.69,40.7,28.7,0.968,89.26,6.53,6.22
81.2,0.082,2.74,42.9,27.7,0.963,88.93,6.24,6.87
85.4,0.152,2.4,64.2,48.7,0.974,89.73,12.35,5.2
77.1,0.119,2.42,49.1,34.7,0.959,89.31,8.6,5.7
88.8,0.094,1.46,40.1,23.3,0.97,87.54,7.93,5.05
60.4,0.101,2.8,35.4,23.9,0.901,89.73,5.37,6.59
80.6,0.111,2.73,52.1,37.4,0.978,89.53,8.53,6.12
61.0,0.098,1.41,26.0,14.4,0.915,87.52,5.32,4.89
61.6,0.1,2.33,35.1,22.9,0.969,89.61,5.82,6.04
67.4,0.114,1.83,37.5,24.8,0.974,88.61,7.28,5.15
63.7,0.142,3.02,49.4,37.4,0.9,90.21,7.94,6.22
68.4,0.136,1.61,40.1,27.1,0.973,88.24,8.85,4.53
72.4,0.128,2.15,45.9,31.9,0.966,89.34,8.76,5.24
85.0,0.094,2.19,43.8,28.7,0.974,88.84,7.59,5.78
71.1,0.101,2.07,37.5,23.8,0.914,88.96,6.43,5.83
56.0,0.125,3.17,43.8,32.7,0.962,89.9,6.54,6.69
88.7,0.099,2.95,54.0,37.6,0.939,89.69,8.04,6.71
65.0,0.119,1.28,31.6,19.2,0.921,87.87,6.94,4.56
74.3,0.085,2.34,35.7,21.8,0.96,88.92,5.91,6.04
80.4,0.121,2.09,47.3,32.1,0.938,89.01,8.91,5.31
77.4,0.154,2.52,60.4,46.6,0.972,89.63,11.28,5.36
88.1,0.141,2.21,59.2,43.4,0.957,89.09,11.59,5.11
80.7,0.14,1.69,45.5,31.3,0.911,89.2,10.05,4.53
64.7,0.128,1.58,35.1,22.1,0.92,88.43,7.41,4.74
100.0,0.118,1.9,55.5,37.0,0.921,89.44,10.57,5.25
77.3,0.152,2.04,50.9,37.3,0.928,89.01,10.63,4.78
73.2,0.1,2.2,39.4,25.5,0.953,89.16,6.82,5.78
86.6,0.127,1.81,50.0,34.2,0.972,88.74,10.41,4.8
78.0,0.133,2.95,58.6,43.9,0.947,89.88,9.61,6.1
79.8,0.1,2.37,45.0,30.1,0.96,88.53,7.46,6.02
100.0,0.111,2.54,60.5,42.5,0.925,88.57,10.03,6.03
71.7,0.111,2.03,38.9,25.4,0.942,89.07,7.32,5.31
71.2,0.137,1.58,41.4,27.6,0.94,88.21,8.96,4.61
76.4,0.11,2.54,46.4,32.5,0.956,89.82,7.85,5.91
87.9,0.104,1.6,41.7,25.8,0.941,87.89,8.37,4.98
56.9,0.137,1.2,29.4,18.0,0.927,87.84,7.06,4.16
51.4,0.154,2.38,39.2,28.6,0.92,90.16,7.09,5.52
68.0,0.148,1.72,41.4,28.4,0.92,89.0,9.03,4.58
55.4,0.089,1.93,26.1,15.4,0.978,89.38,4.71,5.55
69.9,0.132,2.45,46.8,34.3,0.929,90.07,8.38,5.59
81.0,0.089,1.63,35.8,21.5,0.965,88.02,6.81,5.26
64.3,0.139,1.3,33.1,20.9,0.906,88.21,7.91,4.19
57.9,0.147,2.71,43.5,32.2,0.907,90.62,7.5,5.8
75.8,0.114,2.07,42.8,28.8,0.955,88.81,8.03,5.33
85.4,0.093,2.73,48.1,32.9,0.937,88.62,7.24,6.65
54.7,0.133,2.41,37.5,27.2,0.97,90.09,6.87,5.45
84.8,0.089,2.43,44.6,28.9,0.969,89.36,7.1,6.27
84.8,0.091,2.18,43.4,27.3,0.96,88.13,7.2,6.03
86.4,0.142,2.18,59.6,44.0,0.965,89.1,11.52,5.17
89.6,0.093,2.67,50.4,34.1,0.97,88.98,7.85,6.42
100.0,0.158,2.51,79.6,61.9,0.963,89.25,14.83,5.37
70.7,0.141,1.81,44.2,30.6,0.942,88.99,9.15,4.83
76.3,0.104,2.35,42.0,27.9,0.921,88.78,7.13,5.9
70.0,0.089,1.79,33.0,19.4,0.963,88.3,5.84,5.65
75.0,0.094,1.94,36.0,22.0,0.925,88.87,6.36,5.67
93.4,0.138,2.38,62.9,46.0,0.92,88.63,11.55,5.45
58.9,0.17,1.78,39.6,28.5,0.914,89.16,8.89,4.45
64.7,0.102,2.17,35.6,23.6,0.95,89.65,6.13,5.81
91.5,0.147,2.29,62.4,45.6,0.919,89.12,12.08,5.17
87.2,0.122,1.93,50.7,34.6,0.93,87.85,9.66,5.25
70.6,0.116,2.46,44.4,30.3,0.957,89.56,7.66,5.79
85.3,0.123,1.88,49.1,33.9,0.964,88.7,9.84,4.99
79.1,0.121,2.57,51.0,35.9,0.925,89.56,8.67,5.88
93.0,0.094,2.17,47.0,30.0,0.967,88.65,8.28,5.67
75.9,0.125,2.19,45.7,31.9,0.905,89.73,8.38,5.45
87.3,0.131,1.65,47.9,33.0,0.979,88.15,10.91,4.39
100.0,0.097,1.98,49.4,31.6,0.933,88.3,8.79,5.62
82.2,0.145,2.2,55.6,40.6,0.926,89.29,10.79,5.15
75.6,0.113,2.61,48.7,34.9,0.974,89.72,8.1,6.02
83.7,0.086,1.94,38.4,22.7,0.911,88.67,6.41,6.0
70.6,0.094,2.61,39.0,25.8,0.929,89.46,6.01,6.48
100.0,0.093,1.72,45.7,27.6,0.929,88.64,8.4,5.44
77.2,0.103,2.27,42.1,28.3,0.934,89.27,7.24,5.82
71.7,0.136,1.85,44.6,31.0,0.968,89.48,9.2,4.85
65.0,0.129,2.87,47.4,35.6,0.968,89.66,7.89,6.01
88.2,0.088,2.78,48.2,31.8,0.947,88.85,7.15,6.74
85.4,0.092,2.24,44.7,28.6,0.979,89.49,7.5,5.95
69.0,0.167,1.83,48.7,36.2,0.968,88.96,10.89,4.47
81.9,0.084,1.34,35.3,19.4,0.954,87.45,6.43,5.48
56.9,0.118,2.29,33.9,23.0,0.916,90.03,6.0,5.65
77.2,0.084,2.2,36.4,21.9,0.944,89.2,5.99,6.08
80.4,0.093,2.53,43.1,27.9,0.917,88.56,6.68,6.44
95.5,0.15,1.37,53.1,36.1,0.924,87.72,12.93,4.11
65.8,0.115,2.17,39.6,27.3,0.955,89.51,7.03,5.63
59.7,0.085,2.31,29.1,17.7,0.915,89.43,4.54,6.41
64.3,0.097,1.65,30.2,17.8,0.907,88.33,5.52,5.47
59.0,0.091,2.16,30.4,18.7,0.943,88.85,4.94,6.16
91.0,0.139,1.74,53.7,36.5,0.9,88.5,11.08,4.84
93.6,0.103,1.69,46.2,28.7,0.949,87.82,8.89,5.19
78.8,0.113,1.83,43.4,28.2,0.972,88.2,8.44,5.14
89.7,0.114,1.97,48.8,32.1,0.915,88.57,9.11,5.35
76.6,0.143,2.72,56.7,42.2,0.931,90.54,9.94,5.71
73.9,0.133,1.94,45.8,32.2,0.973,89.01,9.31,4.92
71.0,0.148,1.68,45.5,32.3,0.956,88.37,9.82,4.63
71.3,0.095,2.51,38.0,25.2,0.911,89.14,5.99,6.34
56.4,0.089,2.61,30.7,19.1,0.931,90.09,4.56,6.74
78.2,0.108,2.51,48.7,34.2,0.96,88.77,7.94,6.13
74.5,0.156,2.78,61.4,47.3,0.953,90.12,10.81,5.68
83.9,0.137,2.2,52.8,38.5,0.912,89.57,10.22,5.17
76.1,0.126,2.18,45.6,31.7,0.905,88.88,8.48,5.37
73.0,0.116,1.75,39.7,25.6,0.955,88.68,7.9,5.02
64.5,0.097,2.8,38.5,26.0,0.949,89.24,5.76,6.67
75.9,0.123,2.05,43.9,30.1,0.905,88.68,8.22,5.35
83.9,0.083,1.95,38.4,23.1,0.978,88.59,6.63,5.79
61.3,0.138,1.9,37.9,25.3,0.92,89.95,7.61,4.98
76.0,0.127,2.42,50.2,36.2,0.931,89.37,8.73,5.75
77.8,0.106,2.14,41.9,27.4,0.914,89.18,7.38,5.67
66.4,0.123,2.19,40.8,28.2,0.966,89.58,7.69,5.3
67.9,0.101,1.94,35.0,22.0,0.977,88.87,6.51,5.37
77.8,0.101,2.0,41.2,26.3,0.917,88.51,7.06,5.84
61.4,0.132,2.03,40.3,27.4,0.923,89.04,7.28,5.53
79.2,0.132,2.81,59.0,43.7,0.957,89.49,9.73,6.06
64.3,0.092,1.2,26.4,14.0,0.942,87.03,5.42,4.87
87.8,0.104,2.32,48.5,32.0,0.908,88.84,8.09,6.0
100.0,0.111,2.64,62.9,45.4,0.974,88.72,10.58,5.94
64.7,0.127,1.2,32.8,20.4,0.949,87.44,7.6,4.31
81.4,0.102,2.06,42.2,27.5,0.924,88.57,7.51,5.63
66.3,0.127,2.59,44.8,32.4,0.939,89.98,7.73,5.79
87.5,0.153,1.72,55.9,39.5,0.94,88.66,12.27,4.56
59.8,0.092,2.23,31.2,19.1,0.942,89.47,5.07,6.16
80.8,0.128,1.63,44.7,30.3,0.94,88.51,9.51,4.7
64.5,0.092,2.12,32.4,20.1,0.945,88.81,5.49,5.89
72.5,0.128,2.74,51.4,38.1,0.931,89.73,8.42,6.11
62.6,0.098,2.95,38.9,26.6,0.912,89.63,5.48,7.1
84.9,0.129,2.23,54.4,38.4,0.953,89.29,10.18,5.35
65.0,0.101,1.46,31.1,17.8,0.963,88.07,6.14,5.06
81.6,0.099,1.94,42.1,26.6,0.967,88.43,7.61,5.53
70.9,0.115,1.2,32.3,18.6,0.902,87.18,7.15,4.53
73.6,0.097,1.95,36.7,23.3,0.932,88.74,6.52,5.62
76.8,0.089,2.58,42.6,28.6,0.978,88.13,6.52,6.53
65.9,0.092,1.42,28.7,16.1,0.905,87.91,5.32,5.39
77.5,0.091,2.0,38.8,23.4,0.963,88.29,6.6,5.88
93.4,0.139,1.69,53.7,36.7,0.91,88.38,11.53,4.66
65.7,0.116,3.0,45.4,32.3,0.966,89.62,7.15,6.34
89.1,0.142,2.3,61.2,45.1,0.954,89.66,11.78,5.2
93.0,0.098,2.53,51.6,34.7,0.958,89.35,8.52,6.06
65.2,0.101,2.25,35.8,23.3,0.978,89.17,6.28,5.69
57.5,0.15,2.48,43.9,32.9,0.975,90.07,8.19,5.37
78.6,0.093,2.64,42.8,27.9,0.924,89.2,6.56,6.52
68.4,0.111,2.12,37.7,25.3,0.93,89.14,6.88,5.48
97.4,0.132,1.83,56.8,40.0,0.933,88.94,11.71,4.86
75.4,0.139,1.63,43.5,29.5,0.914,89.69,9.34,4.65
65.4,0.094,2.98,38.0,25.3,0.93,89.54,5.57,6.82
61.2,0.123,2.51,41.1,29.7,0.978,89.95,7.17,5.74
88.1,0.097,1.2,37.4,20.3,0.939,86.5,7.8,4.79
68.1,0.166,1.98,50.7,37.8,0.976,89.38,10.79,4.7
75.5,0.098,2.31,40.6,26.5,0.906,88.73,6.56,6.19
86.5,0.111,2.94,54.0,38.6,0.903,89.94,8.46,6.39
69.2,0.098,1.55,31.7,18.3,0.946,88.3,6.24,5.07
74.4,0.138,2.31,51.6,37.3,0.959,89.44,9.57,5.39
74.8,0.138,1.9,46.3,32.2,0.917,89.17,9.21,5.03
83.2,0.13,1.5,46.1,30.7,0.94,88.39,9.92,4.65
82.1,0.095,2.77,47.4,32.1,0.97,89.68,7.36,6.44
72.4,0.131,1.62,40.8,27.6,0.961,88.7,8.87,4.6
75.8,0.09,2.59,40.8,26.1,0.919,89.23,6.14,6.64
70.5,0.087,1.3,27.6,14.5,0.927,87.73,5.57,4.97
57.3,0.113,1.85,30.7,18.8,0.924,88.6,5.83,5.27
78.1,0.123,2.39,50.3,36.3,0.958,88.74,9.0,5.58
97.7,0.15,2.46,74.0,56.0,0.977,89.93,13.93,5.31
64.4,0.085,2.32,30.8,18.5,0.922,88.94,4.93,6.26
65.7,0.091,2.59,36.2,23.6,0.947,89.83,5.52,6.55
64.6,0.101,1.96,33.8,21.7,0.979,89.56,6.25,5.41
83.7,0.104,2.8,49.9,34.2,0.913,90.01,7.72,6.46
80.4,0.148,2.28,57.3,42.3,0.953,88.52,11.03,5.2
73.1,0.115,2.47,44.1,29.7,0.927,89.73,7.57,5.83
64.0,0.119,2.28,40.2,27.7,0.979,89.3,7.26,5.53
76.1,0.139,2.35,50.8,36.8,0.909,89.36,9.35,5.43
56.2,0.133,1.6,31.3,20.5,0.936,88.91,6.82,4.59
76.7,0.118,1.63,39.1,24.7,0.92,88.14,8.11,4.83
85.5,0.125,1.83,47.3,31.1,0.903,88.93,9.37,5.05
60.0,0.126,2.36,39.8,28.1,0.977,90.15,7.17,5.55
56.6,0.081,1.81,26.4,15.0,0.945,88.47,4.24,6.24
94.0,0.119,1.95,53.7,36.5,0.956,88.78,10.44,5.14
67.7,0.125,2.06,39.4,27.3,0.95,89.1,7.81,5.04
88.6,0.137,2.81,63.1,46.7,0.912,89.85,10.77,5.86
73.2,0.132,2.4,46.3,32.6,0.914,90.1,8.61,5.38
73.1,0.1,1.37,33.5,19.4,0.95,87.72,6.75,4.97
80.3,0.1,2.18,43.3,27.8,0.962,88.87,7.56,5.72
64.4,0.088,1.95,31.6,18.5,0.949,89.18,5.25,6.01
76.6,0.092,1.99,37.8,23.6,0.946,88.49,6.47,5.85
70.4,0.125,2.1,43.4,30.4,0.96,89.13,8.22,5.29
59.2,0.106,2.66,35.4,24.1,0.919,89.45,5.63,6.29
79.0,0.133,1.69,47.3,32.7,0.959,88.08,9.83,4.81
71.8,0.092,2.2,36.1,22.6,0.933,88.66,6.03,6.0
73.1,0.087,2.25,35.5,22.2,0.954,88.95,5.94,5.98
60.5,0.143,1.99,39.1,27.4,0.922,89.57,7.76,5.04
94.1,0.105,1.78,45.8,29.6,0.911,87.88,8.77,5.23
85.5,0.106,1.72,40.8,24.2,0.902,88.08,7.94,5.13
86.6,0.083,1.89,39.7,24.0,0.964,87.58,6.73,5.91
71.3,0.118,2.47,42.6,29.3,0.916,90.28,7.51,5.67
54.2,0.107,1.92,27.6,16.7,0.929,89.57,5.24,5.27
98.4,0.092,2.05,48.7,30.6,0.962,88.14,8.49,5.74
74.3,0.119,1.52,36.7,23.6,0.936,88.23,8.09,4.54
66.0,0.134,1.86,39.3,27.0,0.917,88.81,7.9,4.97
80.0,0.101,2.21,42.7,27.4,0.916,89.31,7.18,5.95
89.0,0.128,1.27,44.9,28.3,0.933,87.59,10.35,4.34
74.7,0.127,2.62,51.5,38.1,0.945,89.22,8.75,5.89
90.3,0.084,1.8,40.0,23.0,0.931,87.73,6.92,5.78
88.0,0.091,2.98,52.0,35.6,0.972,89.19,7.55,6.89
62.1,0.096,2.31,30.9,19.2,0.9,89.74,5.23,5.9
66.9,0.098,1.2,29.1,16.4,0.932,86.99,5.95,4.89
86.5,0.11,2.24,48.7,33.5,0.959,89.45,8.9,5.47
50.0,0.134,1.94,32.1,21.7,0.971,89.59,6.36,5.04
73.2,0.111,2.24,42.2,27.9,0.929,88.92,7.34,5.76
57.8,0.119,2.91,40.3,29.2,0.954,89.83,6.4,6.3
69.3,0.127,2.45,45.6,32.5,0.946,89.86,8.12,5.62
71.4,0.113,1.99,37.7,24.1,0.916,89.27,7.23,5.21
70.7,0.099,1.4,32.7,19.4,0.954,88.02,6.52,5.01
68.4,0.095,2.54,35.8,23.7,0.92,89.4,5.8,6.17
61.8,0.103,2.35,35.5,23.2,0.963,89.54,5.96,5.97
100.0,0.135,2.68,73.1,54.6,0.969,90.22,12.79,5.72
97.4,0.1,2.03,50.0,32.2,0.938,89.32,8.95,5.59
61.1,0.086,2.25,29.8,17.4,0.904,89.11,4.64,6.42
94.0,0.12,1.98,55.2,38.2,0.959,88.09,10.58,5.21
70.2,0.086,2.14,35.1,21.7,0.937,88.9,5.53,6.34
76.6,0.103,1.34,34.6,20.7,0.908,87.53,7.01,4.94
74.2,0.098,2.26,39.0,25.5,0.926,88.61,6.56,5.95
67.1,0.112,2.29,38.0,25.8,0.923,89.4,6.77,5.62
86.8,0.094,1.85,41.6,25.6,0.958,87.94,7.63,5.45
76.5,0.108,2.4,44.3,30.0,0.934,89.4,7.56,5.86
69.3,0.113,2.54,42.9,29.4,0.947,89.74,7.22,5.94
59.3,0.084,2.8,31.4,20.6,0.94,89.67,4.57,6.87
64.3,0.09,1.59,28.9,16.5,0.958,88.47,5.4,5.34
55.3,0.13,2.43,38.4,26.8,0.957,90.03,6.7,5.73
75.1,0.114,2.77,48.3,34.2,0.936,89.87,7.81,6.18
60.6,0.123,1.92,35.1,23.0,0.911,89.62,6.63,5.29
71.8,0.107,2.8,45.7,31.3,0.933,89.42,6.97,6.55
91.4,0.163,1.74,60.0,42.8,0.913,88.84,13.3,4.51
89.4,0.097,2.13,46.3,30.6,0.977,88.56,8.26,5.61
74.6,0.167,1.24,45.5,31.7,0.976,87.7,11.85,3.84
74.0,0.091,1.2,30.7,16.7,0.937,86.83,6.14,5.0
97.6,0.127,1.32,47.5,29.9,0.902,87.7,10.93,4.35
81.2,0.127,2.81,56.8,41.3,0.93,89.93,9.34,6.08
71.1,0.118,1.71,38.0,24.6,0.972,88.01,7.96,4.77
57.9,0.12,1.71,30.5,19.3,0.923,89.43,6.25,4.88
79.7,0.09,2.3,40.8,25.6,0.95,89.21,6.63,6.16
85.0,0.12,1.73,44.2,29.2,0.915,88.53,9.11,4.86
67.4,0.095,2.7,38.1,25.1,0.966,88.96,6.01,6.33
78.5,0.101,3.03,50.4,36.1,0.971,89.09,7.53,6.69
70.6,0.109,1.2,31.9,18.3,0.949,87.73,7.16,4.46
72.8,0.122,2.36,44.7,31.2,0.95,89.8,8.2,5.46
50.0,0.096,1.2,22.2,12.0,0.93,87.75,4.34,5.12
72.3,0.085,1.42,30.5,17.1,0.957,87.5,5.73,5.32
86.6,0.124,2.34,52.1,37.1,0.938,89.71,9.86,5.29
67.4,0.145,1.63,41.9,29.0,0.96,88.34,9.14,4.58
75.6,0.139,2.23,51.7,38.2,0.977,89.07,10.05,5.15
65.9,0.12,2.12,40.2,27.1,0.966,89.65,7.47,5.39
79.3,0.133,1.28,40.7,25.8,0.941,87.28,9.65,4.21
72.4,0.127,2.43,49.1,35.3,0.978,89.57,8.8,5.59
63.7,0.129,2.25,41.2,29.2,0.949,88.95,7.62,5.42
91.0,0.135,2.12,58.2,41.6,0.905,88.1,10.84,5.37
86.1,0.096,1.78,40.9,26.1,0.958,87.87,7.76,5.27
67.7,0.114,2.29,41.1,28.1,0.966,89.24,7.25,5.67
81.0,0.167,1.45,50.2,35.7,0.911,88.16,11.99,4.19
81.4,0.111,1.6,41.6,26.4,0.954,88.35,8.39,4.96
82.7,0.117,2.26,49.0,34.2,0.974,89.51,9.16,5.34
54.7,0.104,2.62,33.0,22.0,0.92,89.91,5.11,6.45
87.1,0.143,1.86,55.2,39.2,0.947,88.51,11.53,4.79
68.2,0.101,2.33,36.1,23.7,0.922,89.43,6.18,5.84
70.7,0.116,2.2,42.4,28.6,0.962,88.84,7.72,5.5
100.0,0.084,2.31,48.2,30.2,0.946,89.2,7.79,6.18
78.6,0.091,1.75,35.7,21.4,0.934,88.26,6.55,5.45
70.4,0.173,2.03,52.4,38.7,0.902,89.45,10.7,4.89
50.0,0.129,2.08,30.6,20.8,0.976,89.62,6.15,4.98
91.7,0.104,2.85,55.2,38.6,0.94,89.32,8.71,6.34
58.9,0.098,1.55,28.5,16.5,0.964,88.46,5.4,5.27
63.0,0.119,1.4,31.8,19.6,0.931,87.38,6.82,4.66
71.0,0.135,3.2,58.0,44.4,0.968,89.84,9.03,6.42
92.0,0.086,2.25,43.5,26.9,0.913,88.81,7.05,6.17
84.3,0.107,2.37,47.4,32.2,0.919,89.39,8.08,5.86
73.1,0.098,2.42,38.4,24.8,0.927,90.36,6.49,5.92
78.7,0.137,2.49,53.7,40.1,0.907,90.13,9.55,5.62
67.8,0.091,2.55,37.0,23.9,0.936,89.06,5.66,6.55
76.7,0.103,2.49,44.3,29.8,0.939,89.89,7.24,6.12
75.9,0.095,2.66,40.2,26.7,0.909,89.49,6.36,6.33
86.6,0.108,2.18,47.6,31.6,0.934,89.39,8.53,5.57
86.6,0.085,2.64,43.2,28.6,0.916,89.17,6.6,6.55
80.9,0.115,3.05,57.2,41.4,0.97,90.15,8.83,6.48
70.7,0.105,2.2,38.7,25.6,0.941,89.51,6.78,5.7
83.9,0.1,2.34,46.1,30.8,0.976,89.2,7.96,5.78
73.9,0.099,1.81,35.4,21.3,0.927,88.35,6.6,5.36
62.0,0.101,2.02,33.0,20.8,0.927,88.85,5.66,5.82
70.2,0.1,2.28,36.7,24.1,0.927,88.83,6.36,5.77
76.0,0.109,1.91,40.3,26.1,0.921,88.71,7.44,5.42
85.9,0.107,2.15,47.4,31.5,0.963,89.26,8.64,5.49
72.8,0.086,2.27,35.0,21.7,0.923,89.15,5.65,6.19
60.5,0.092,2.86,34.5,22.5,0.923,89.32,5.01,6.89
75.7,0.09,1.67,32.4,18.8,0.904,88.45,5.97,5.42
76.4,0.094,2.31,41.6,27.2,0.977,88.6,6.81,6.11
77.2,0.129,1.8,45.9,32.1,0.971,88.91,9.43,4.87
86.0,0.101,2.48,47.4,31.8,0.923,89.59,7.83,6.06
87.2,0.116,2.52,54.1,38.8,0.942,88.88,9.3,5.81
67.9,0.108,2.94,43.9,30.8,0.939,89.77,6.71,6.55
67.6,0.083,1.89,30.4,17.0,0.907,88.28,4.95,6.14
62.5,0.092,2.17,31.9,19.2,0.942,89.64,5.28,6.04
83.4,0.104,2.5,46.0,30.8,0.909,89.98,7.69,5.98
92.4,0.091,2.43,47.6,31.1,0.935,89.03,7.64,6.23
71.2,0.094,1.2,29.5,15.7,0.907,87.31,5.89,5.01
72.1,0.116,1.76,39.3,25.7,0.947,89.12,7.71,5.09
92.6,0.134,2.39,60.1,43.5,0.904,89.59,10.97,5.48
81.1,0.111,2.0,44.3,29.6,0.95,88.52,8.35,5.31
80.2,0.124,2.51,53.4,38.6,0.957,89.32,9.28,5.75
60.7,0.103,2.62,37.3,25.1,0.946,89.44,5.77,6.47
83.1,0.121,1.99,47.4,32.5,0.938,88.28,9.16,5.17
63.9,0.103,2.4,34.4,21.6,0.905,89.74,5.82,5.9
61.4,0.15,2.83,47.3,35.6,0.901,89.83,8.09,5.85
70.8,0.095,2.61,40.2,26.4,0.927,89.63,6.09,6.6
68.0,0.113,1.71,37.1,24.3,0.962,88.34,7.21,5.14
72.3,0.129,2.01,45.5,31.6,0.952,89.1,8.68,5.24
57.7,0.098,2.11,29.1,18.2,0.91,89.35,5.04,5.77
86.5,0.116,1.63,44.8,28.8,0.955,88.72,9.32,4.81
88.5,0.132,2.63,62.8,46.4,0.946,89.84,10.82,5.81
51.6,0.117,1.78,27.5,18.0,0.913,88.95,5.37,5.12
86.7,0.095,2.05,42.9,26.4,0.96,88.59,7.71,5.56
65.3,0.099,2.64,38.0,26.1,0.966,89.08,6.1,6.24
85.3,0.117,1.87,46.5,30.4,0.919,88.88,8.97,5.18
74.2,0.119,1.93,41.2,27.6,0.951,88.89,8.16,5.05
75.3,0.12,2.27,45.5,31.2,0.93,88.98,8.17,5.57
72.8,0.157,1.9,48.1,34.3,0.905,89.62,10.06,4.78
89.5,0.138,2.87,68.4,52.3,0.969,90.21,11.64,5.88
60.1,0.086,1.64,27.1,15.8,0.966,88.18,4.85,5.58
82.3,0.1,1.2,35.8,20.8,0.925,86.72,7.4,4.84
88.2,0.117,2.52,56.0,40.1,0.943,89.09,9.52,5.88
83.6,0.113,1.92,45.7,30.2,0.941,88.84,8.67,5.27
100.0,0.088,1.7,43.4,25.3,0.914,87.36,7.84,5.53
68.7,0.101,2.29,37.0,24.3,0.912,89.23,6.15,6.01
86.5,0.132,2.31,57.0,41.6,0.968,89.18,10.78,5.29
73.7,0.086,1.72,32.7,19.1,0.969,88.37,6.02,5.44
89.8,0.085,2.69,46.5,30.2,0.958,89.19,7.11,6.54
74.9,0.126,2.53,47.4,33.7,0.906,89.21,8.34,5.68
70.3,0.085,3.09,41.4,28.0,0.973,89.69,5.69,7.28
90.7,0.14,1.87,57.6,41.2,0.978,89.0,12.12,4.76
69.1,0.116,2.18,42.0,28.5,0.962,89.2,7.54,5.57
58.0,0.102,2.22,31.7,20.3,0.928,89.16,5.38,5.9
68.8,0.104,1.94,37.1,23.8,0.932,88.69,6.52,5.68
82.4,0.126,2.3,54.0,39.1,0.97,89.24,9.78,5.52
91.7,0.108,2.34,52.3,35.1,0.922,88.65,8.88,5.89
76.3,0.111,2.34,43.8,29.5,0.911,89.01,7.5,5.85
90.8,0.129,1.94,55.3,38.2,0.966,88.88,11.06,5.0
58.7,0.147,2.0,38.2,26.5,0.915,89.38,7.71,4.95
69.7,0.101,1.82,35.1,22.0,0.973,88.91,6.68,5.24
71.5,0.096,1.72,33.6,20.4,0.948,88.31,6.34,5.29
73.6,0.158,2.07,51.2,37.4,0.944,89.42,10.74,4.77
76.0,0.088,2.86,41.0,27.0,0.962,89.43,6.26,6.56
83.3,0.098,3.12,49.6,34.5,0.901,89.28,7.14,6.95
69.7,0.088,2.76,38.6,25.9,0.957,89.09,5.74,6.73
76.7,0.117,1.87,42.6,27.6,0.948,88.65,8.26,5.16
74.5,0.117,2.3,45.6,32.3,0.942,88.6,7.97,5.72
63.9,0.101,1.2,26.7,15.3,0.917,86.52,5.77,4.62
73.6,0.148,2.02,49.9,36.0,0.966,89.07,10.24,4.87
73.3,0.109,1.91,37.2,23.8,0.92,88.36,7.14,5.22
73.0,0.127,3.04,53.6,40.0,0.939,90.13,8.5,6.31
75.4,0.117,2.23,42.0,28.4,0.913,89.68,7.84,5.35
75.9,0.101,2.13,40.9,26.6,0.978,89.04,7.33,5.58
69.8,0.127,2.07,42.0,28.7,0.916,88.59,7.9,5.32
90.3,0.139,1.95,57.4,40.6,0.964,88.46,11.81,4.86
61.0,0.097,2.37,32.6,20.6,0.921,89.45,5.3,6.15
66.3,0.115,1.77,35.0,22.5,0.92,88.68,6.86,5.1
100.0,0.099,2.37,53.0,35.6,0.934,88.13,9.03,5.86
62.5,0.094,2.82,36.9,25.2,0.968,89.26,5.53,6.67
58.8,0.103,2.16,32.6,21.5,0.955,88.86,5.61,5.8
83.8,0.134,1.94,51.0,36.0,0.97,89.48,10.6,4.81
50.1,0.146,2.06,33.4,22.8,0.904,90.02,6.43,5.19
72.2,0.157,2.7,60.7,46.6,0.976,90.02,10.81,5.61
100.0,0.114,2.17,55.8,38.0,0.906,88.85,10.1,5.53
56.5,0.136,1.8,34.8,23.4,0.958,89.24,7.18,4.85
51.2,0.104,2.5,29.3,19.0,0.917,89.7,4.74,6.18
57.0,0.103,1.74,28.2,17.3,0.967,89.33,5.55,5.07
85.8,0.139,1.98,55.5,39.8,0.969,89.55,11.23,4.95
88.5,0.117,2.21,50.9,35.5,0.944,89.56,9.52,5.35
68.8,0.149,1.7,41.6,29.2,0.932,89.1,9.34,4.45
83.2,0.087,1.21,34.3,18.8,0.963,86.65,6.79,5.05
91.7,0.14,2.32,64.9,47.8,0.97,88.92,12.16,5.34
96.4,0.108,1.2,43.3,25.5,0.959,86.46,9.77,4.43
72.0,0.124,1.64,39.5,26.3,0.973,88.87,8.5,4.64
50.0,0.113,2.49,31.2,20.9,0.95,89.34,5.23,5.97
65.1,0.119,2.31,39.9,27.2,0.954,89.42,7.18,5.55
69.9,0.12,2.02,40.8,27.4,0.946,88.64,7.75,5.26
71.9,0.128,1.65,39.8,26.3,0.939,88.56,8.41,4.73
72.7,0.1,1.88,36.2,22.7,0.952,88.27,6.73,5.37
88.4,0.091,2.39,46.2,29.8,0.945,89.1,7.38,6.26
90.3,0.133,2.03,57.4,40.7,0.958,88.9,11.24,5.11
72.9,0.106,1.48,34.9,21.4,0.975,87.66,7.33,4.77
88.2,0.09,1.66,39.2,22.9,0.93,87.58,7.22,5.43
79.3,0.093,1.88,37.6,22.7,0.933,88.51,6.72,5.59
75.8,0.112,2.28,42.2,28.1,0.901,89.23,7.43,5.68
85.9,0.109,2.15,47.5,32.0,0.942,88.7,8.56,5.55
75.9,0.088,1.48,30.6,16.4,0.911,87.56,5.91,5.18
99.7,0.121,2.77,67.6,49.3,0.957,89.14,11.22,6.02
57.7,0.094,1.73,26.8,15.9,0.962,87.78,5.1,5.26
68.8,0.082,2.32,33.6,20.1,0.958,88.99,5.27,6.37
73.5,0.093,1.63,32.6,19.2,0.944,87.56,6.29,5.19
80.3,0.092,3.2,48.1,32.6,0.943,89.12,6.78,7.1
90.2,0.098,2.76,52.9,36.2,0.952,89.29,8.22,6.44
74.7,0.097,1.71,35.1,21.3,0.944,88.21,6.67,5.26
57.9,0.099,2.14,30.5,19.8,0.96,89.73,5.38,5.67
85.1,0.132,1.59,48.4,33.0,0.972,88.03,10.65,4.54
84.1,0.131,1.92,50.5,35.2,0.943,88.76,10.12,5.0
51.7,0.109,2.31,29.0,18.8,0.909,89.62,4.98,5.82
75.0,0.128,2.52,48.9,35.2,0.91,89.6,8.51,5.75
55.9,0.119,1.48,28.5,17.5,0.93,88.71,6.01,4.73
67.0,0.113,1.73,35.0,22.3,0.94,88.85,6.93,5.04
64.2,0.115,2.57,39.1,27.1,0.918,90.14,6.59,5.93
84.7,0.103,2.76,50.8,34.9,0.936,88.75,7.94,6.4
76.4,0.131,1.71,43.0,28.3,0.911,88.96,8.9,4.84
59.6,0.098,2.58,33.3,21.8,0.919,89.18,5.23,6.36
85.6,0.107,1.48,41.7,25.6,0.959,87.92,8.57,4.86
57.8,0.138,1.95,38.5,27.0,0.979,89.34,7.63,5.05
79.0,0.106,1.53,36.4,22.0,0.915,87.72,7.46,4.88
65.2,0.093,1.9,30.9,18.3,0.927,89.1,5.46,5.67
70.6,0.129,3.05,53.6,40.6,0.928,89.38,8.24,6.5
81.1,0.114,2.07,43.3,28.7,0.918,89.58,8.27,5.23
81.3,0.103,1.96,40.5,25.3,0.916,88.89,7.51,5.4
91.0,0.124,1.82,50.8,34.1,0.911,88.62,10.02,5.08
74.0,0.14,1.95,49.2,35.2,0.973,89.15,9.8,5.02
78.7,0.118,1.7,43.1,28.5,0.952,88.33,8.62,5.01
69.7,0.122,2.17,41.1,28.7,0.923,89.48,7.66,5.37
77.2,0.142,2.08,49.3,35.5,0.921,88.86,9.81,5.02
80.3,0.145,1.87,51.7,36.8,0.947,87.98,10.77,4.8
73.8,0.099,1.83,37.2,23.1,0.956,88.56,6.82,5.46
53.4,0.086,2.19,26.3,16.0,0.92,88.89,4.1,6.41
79.0,0.109,1.74,41.0,25.7,0.928,88.1,7.78,5.27
79.4,0.103,1.98,39.3,24.9,0.923,88.17,7.36,5.35
66.8,0.109,1.87,34.3,21.2,0.907,89.26,6.46,5.31
59.6,0.119,1.2,27.9,17.1,0.931,88.13,6.45,4.33
92.7,0.128,2.53,60.9,44.4,0.943,89.34,10.9,5.59
80.9,0.092,1.2,32.3,17.2,0.952,86.79,6.91,4.68
72.3,0.133,1.22,37.1,23.7,0.933,87.67,8.74,4.25
61.4,0.124,2.55,42.4,30.3,0.979,89.92,7.27,5.84
65.1,0.112,1.55,34.0,21.5,0.95,88.1,6.77,5.02
90.6,0.093,1.2,38.7,21.6,0.971,87.13,7.94,4.88
76.7,0.106,2.77,47.5,33.5,0.973,89.87,7.68,6.19
68.4,0.116,1.78,37.1,24.6,0.966,88.99,7.44,4.98
81.1,0.088,2.71,42.3,27.4,0.922,89.78,6.42,6.58
65.2,0.128,1.64,34.9,22.7,0.935,88.94,7.58,4.61
93.0,0.137,1.28,48.1,31.5,0.9,87.23,11.22,4.29
91.2,0.116,1.94,49.7,33.4,0.936,88.67,9.64,5.15
69.4,0.108,1.5,33.3,20.8,0.924,88.38,6.74,4.94
67.5,0.122,2.3,41.7,28.3,0.909,89.11,7.27,5.73
50.0,0.126,2.44,33.4,24.0,0.967,89.81,5.92,5.64
57.2,0.16,2.56,46.9,35.8,0.954,89.74,8.51,5.52
58.9,0.108,1.94,32.3,20.9,0.98,89.74,6.09,5.31
76.6,0.104,2.79,46.7,32.3,0.94,89.61,7.3,6.4
71.1,0.109,1.64,35.4,22.1,0.926,88.56,7.02,5.05
58.9,0.108,2.17,33.1,22.2,0.921,88.79,5.73,5.77
71.6,0.093,2.03,35.0,21.9,0.935,89.17,6.04,5.8
81.1,0.106,3.09,51.9,37.0,0.925,89.65,7.73,6.72
81.3,0.109,2.7,51.9,36.9,0.979,88.78,8.48,6.12
52.2,0.13,2.12,31.9,22.0,0.915,89.78,6.07,5.26
73.5,0.089,2.2,35.3,21.3,0.902,88.56,5.75,6.14
58.4,0.126,2.87,39.8,28.9,0.91,90.06,6.53,6.1
85.8,0.152,1.72,56.0,39.6,0.971,89.08,12.38,4.52
84.4,0.111,1.2,37.8,23.1,0.956,87.08,8.71,4.34
64.2,0.097,1.62,31.2,18.7,0.963,87.62,5.82,5.35
65.8,0.137,1.89,39.6,27.0,0.926,89.3,8.14,4.86
69.5,0.114,2.78,45.5,32.4,0.95,89.99,7.35,6.19
50.0,0.131,2.62,36.3,26.0,0.957,90.02,6.1,5.94
79.0,0.105,2.08,41.0,26.6,0.926,89.05,7.49,5.47
71.7,0.138,2.33,49.1,35.7,0.958,89.82,9.24,5.31
86.6,0.117,1.75,46.8,31.4,0.95,87.71,9.42,4.97
61.8,0.127,3.14,46.5,34.0,0.924,90.55,7.09,6.55
67.6,0.111,2.71,40.3,27.7,0.904,89.45,6.64,6.07
56.9,0.124,2.13,34.7,23.8,0.919,89.24,6.34,5.47
62.9,0.081,2.06,29.8,17.2,0.95,88.56,4.71,6.32
60.8,0.094,2.45,31.3,20.3,0.948,89.8,5.26,5.95
87.0,0.131,2.07,53.7,37.1,0.941,89.57,10.45,5.14
66.6,0.138,1.2,34.3,21.7,0.92,87.78,8.27,4.15
76.5,0.098,2.87,45.9,31.3,0.936,89.26,6.84,6.72
70.4,0.108,2.68,42.9,29.4,0.912,90.56,6.75,6.36
59.8,0.118,2.29,35.5,24.7,0.953,89.53,6.56,5.42
73.0,0.099,1.89,37.0,23.1,0.97,88.41,6.8,5.44
82.2,0.125,2.1,49.6,34.9,0.937,89.46,9.42,5.26
60.5,0.126,1.2,30.3,18.7,0.917,87.52,6.84,4.42
84.7,0.145,1.55,50.8,34.5,0.966,89.12,11.58,4.39
64.8,0.111,2.98,42.1,29.9,0.925,89.51,6.48,6.5
69.2,0.132,2.36,47.1,33.6,0.948,89.57,8.45,5.57
81.4,0.111,1.2,34.4,19.7,0.906,87.6,7.95,4.32
67.0,0.114,1.69,36.0,22.7,0.957,88.74,7.16,5.04
75.5,0.106,1.2,33.5,19.4,0.937,86.99,7.32,4.57
71.2,0.119,1.71,38.1,24.6,0.934,88.28,7.71,4.95
76.6,0.119,2.02,45.4,31.2,0.975,88.6,8.63,5.25
50.0,0.095,2.9,30.7,20.6,0.939,89.36,4.36,7.03
53.0,0.098,2.49,28.1,18.1,0.901,89.91,4.59,6.12
82.4,0.084,1.95,37.4,22.4,0.977,88.67,6.55,5.71
87.4,0.113,1.97,46.5,30.8,0.901,88.89,8.65,5.37
64.1,0.129,1.7,35.3,23.5,0.943,88.43,7.61,4.63
72.1,0.088,2.65,38.4,24.8,0.951,89.15,5.85,6.56
78.5,0.108,2.7,51.4,36.3,0.972,89.55,8.05,6.38
83.3,0.138,1.43,45.9,30.9,0.954,88.48,10.66,4.3
50.7,0.105,1.24,24.1,13.3,0.965,87.71,5.02,4.79
64.4,0.085,1.94,29.0,16.7,0.962,88.72,5.11,5.67
71.0,0.11,2.0,36.6,23.4,0.917,88.64,7.0,5.23
83.4,0.102,2.23,46.0,30.7,0.956,89.25,7.92,5.8
100.0,0.094,1.26,42.0,23.1,0.951,86.69,8.7,4.83
72.3,0.119,1.74,38.9,25.1,0.92,88.15,7.69,5.05
58.1,0.096,2.06,30.1,18.7,0.91,88.75,4.95,6.09
79.8,0.135,1.71,47.1,32.0,0.96,88.91,10.1,4.66
90.9,0.109,2.53,55.0,39.0,0.978,89.41,9.47,5.81
76.3,0.123,3.03,57.0,42.3,0.959,88.87,8.79,6.48
64.1,0.118,1.83,36.5,24.6,0.96,88.88,7.1,5.14
86.5,0.086,2.54,43.8,28.3,0.913,88.5,6.61,6.62
83.0,0.096,1.92,40.8,25.7,0.92,88.64,7.16,5.69
62.7,0.103,1.63,29.2,17.3,0.947,88.61,5.97,4.89
79.6,0.098,1.74,37.5,22.8,0.903,87.92,6.88,5.45
87.0,0.114,2.48,54.2,38.4,0.953,89.24,9.19,5.9
89.2,0.106,1.78,43.9,27.9,0.912,88.6,8.38,5.24
74.2,0.099,1.88,36.1,22.5,0.933,88.96,6.66,5.43
70.7,0.117,1.53,35.2,21.8,0.926,87.92,7.48,4.7
89.7,0.098,2.42,46.6,31.0,0.909,89.34,7.82,5.96
60.5,0.129,2.33,40.6,28.9,0.946,89.78,7.19,5.64
80.3,0.136,2.83,59.6,44.3,0.929,89.64,9.88,6.03
58.6,0.105,2.4,32.6,21.2,0.904,89.46,5.4,6.05
87.8,0.115,2.31,51.2,34.9,0.936,89.38,9.21,5.56
71.9,0.117,2.39,45.1,31.0,0.947,89.7,7.75,5.82
90.2,0.111,1.97,47.4,30.7,0.91,88.96,8.9,5.33
80.9,0.112,2.16,46.0,31.3,0.947,88.78,8.38,5.48
60.3,0.093,2.57,33.6,22.1,0.924,89.52,5.04,6.66
92.1,0.088,1.69,40.7,23.9,0.921,87.8,7.27,5.59
93.6,0.173,2.95,86.5,70.0,0.964,90.19,15.26,5.67
85.6,0.11,2.42,51.5,34.8,0.937,88.99,8.61,5.98
65.9,0.106,3.11,43.1,30.6,0.93,90.34,6.32,6.83
71.3,0.107,1.51,36.4,22.4,0.965,88.05,7.21,5.05
76.7,0.112,1.51,38.1,23.9,0.973,87.98,8.13,4.69
66.6,0.091,2.29,33.8,21.1,0.925,89.26,5.46,6.18
95.3,0.108,2.16,50.6,33.3,0.904,89.14,9.06,5.58
76.7,0.097,1.87,37.7,22.9,0.943,88.55,6.84,5.51
50.0,0.088,1.47,23.0,12.0,0.957,87.92,4.11,5.59
79.1,0.13,1.97,46.7,32.6,0.947,89.35,9.52,4.9
70.8,0.134,2.21,46.0,32.8,0.955,90.09,8.83,5.21
74.1,0.117,1.45,37.9,23.8,0.952,88.47,8.07,4.69
70.6,0.107,1.89,37.4,24.8,0.976,88.44,7.22,5.17
84.7,0.091,2.29,43.0,27.7,0.969,89.11,7.25,5.92
88.4,0.141,2.49,62.3,45.9,0.911,89.53,11.1,5.61
78.4,0.087,1.96,35.4,21.1,0.936,88.95,6.19,5.72
70.9,0.102,1.7,33.6,20.3,0.936,89.03,6.57,5.12
74.5,0.138,2.16,50.0,35.9,0.937,88.6,9.4,5.32
75.2,0.107,2.0,41.3,27.5,0.974,88.85,7.61,5.42
65.4,0.094,1.37,27.7,15.7,0.926,87.46,5.58,4.97
81.9,0.129,1.87,49.3,34.6,0.949,88.6,9.82,5.02
80.5,0.167,1.81,55.9,41.9,0.972,88.89,12.74,4.39
93.5,0.114,2.11,52.1,34.9,0.904,88.64,9.37,5.56
90.1,0.134,1.73,52.5,36.2,0.97,88.45,11.44,4.59
66.8,0.113,1.83,36.1,23.0,0.961,88.67,7.04,5.13
84.8,0.129,2.01,51.3,35.5,0.917,88.27,9.75,5.27
63.6,0.114,2.42,39.2,27.0,0.926,89.58,6.52,6.01
83.4,0.167,2.15,61.5,46.1,0.925,90.0,12.58,4.89
68.8,0.083,3.2,38.9,26.5,0.918,89.29,5.1,7.62
62.7,0.122,1.47,33.9,21.8,0.951,87.68,7.1,4.78
78.4,0.083,2.56,40.2,25.7,0.979,89.09,6.24,6.44
50.0,0.106,2.06,26.4,16.6,0.913,89.67,4.71,5.6
54.0,0.109,1.4,24.8,14.3,0.919,88.12,5.29,4.69
72.9,0.114,1.91,39.4,25.5,0.923,88.6,7.46,5.28
76.0,0.096,1.34,33.6,19.7,0.975,87.04,6.92,4.86
70.6,0.131,2.14,44.6,31.4,0.95,89.63,8.53,5.23
56.0,0.094,1.95,27.6,16.5,0.917,88.84,4.72,5.86
65.2,0.1,1.76,33.0,20.6,0.964,88.37,6.12,5.39
79.7,0.097,1.57,37.6,22.8,0.974,87.73,7.38,5.1
82.0,0.134,2.61,57.6,42.5,0.932,89.71,9.97,5.78
74.8,0.094,2.02,37.1,22.7,0.914,88.77,6.27,5.91
88.9,0.169,2.2,67.4,51.1,0.925,89.66,13.58,4.97
79.8,0.102,2.19,42.2,28.1,0.917,88.61,7.28,5.79
66.0,0.106,2.15,36.7,23.9,0.916,88.81,6.27,5.86
71.6,0.121,1.94,39.2,26.0,0.914,88.76,7.69,5.1
58.2,0.118,2.86,41.5,30.4,0.97,90.05,6.52,6.37
73.7,0.144,3.2,59.6,45.9,0.907,90.34,9.39,6.35
88.3,0.134,2.82,64.3,47.3,0.933,90.17,10.75,5.98
83.2,0.095,2.11,41.2,25.7,0.901,88.44,6.96,5.92
91.8,0.116,2.08,52.3,34.8,0.923,89.06,9.56,5.47
71.4,0.119,2.65,47.8,34.4,0.957,89.04,7.91,6.04
91.2,0.086,1.72,40.1,23.2,0.916,88.05,6.98,5.75
72.7,0.104,2.96,48.5,34.1,0.98,89.07,7.22,6.71
92.7,0.094,2.5,49.9,32.8,0.904,88.49,7.64,6.54
74.7,0.116,1.96,41.1,27.0,0.911,89.18,7.72,5.32
83.5,0.087,2.24,40.7,25.9,0.963,88.81,6.78,6.0
92.7,0.093,2.41,48.6,32.2,0.978,88.73,8.18,5.94
72.7,0.114,1.89,41.5,27.7,0.976,88.34,7.91,5.24
77.6,0.097,2.62,45.2,30.4,0.964,89.4,7.07,6.4
90.5,0.088,2.74,49.5,33.1,0.978,89.07,7.58,6.53
73.4,0.12,1.97,43.3,29.3,0.967,89.26,8.34,5.19
59.1,0.124,1.86,33.1,21.9,0.905,88.5,6.46,5.12
100.0,0.11,2.05,55.3,37.5,0.968,88.8,10.39,5.32
69.4,0.103,1.52,32.8,19.5,0.939,87.87,6.54,5.02
76.9,0.112,1.27,35.8,21.5,0.937,87.46,7.87,4.55
88.9,0.088,1.88,38.8,22.7,0.9,88.24,6.89,5.63
67.7,0.128,1.62,37.5,24.8,0.95,88.3,8.05,4.65
62.9,0.136,2.99,48.6,37.1,0.954,89.99,7.95,6.12
78.0,0.103,1.87,39.9,25.4,0.963,88.28,7.57,5.27
53.5,0.129,2.33,34.5,24.5,0.926,89.61,6.22,5.54
71.5,0.089,1.79,33.3,19.9,0.91,88.05,5.63,5.91
77.9,0.177,2.99,72.1,57.7,0.935,90.56,12.61,5.71
71.8,0.108,2.0,37.9,23.8,0.929,88.62,7.0,5.41
56.5,0.1,1.48,27.0,16.4,0.96,88.31,5.31,5.08
94.1,0.108,2.44,55.0,37.7,0.918,90.17,9.12,6.03
76.2,0.145,2.23,51.6,37.4,0.911,89.46,9.8,5.27
92.2,0.14,2.7,67.5,51.2,0.935,89.06,11.73,5.76
71.9,0.112,2.02,39.6,26.1,0.95,89.74,7.48,5.29
64.4,0.1,2.15,33.6,21.8,0.922,89.24,5.78,5.8
78.2,0.093,1.35,32.8,18.2,0.909,87.31,6.46,5.07
72.4,0.133,2.52,50.2,36.7,0.935,89.58,8.77,5.72
60.9,0.133,2.13,39.5,27.4,0.977,89.17,7.7,5.12
92.6,0.12,2.04,54.9,38.3,0.977,88.68,10.6,5.18
67.5,0.119,1.99,37.9,26.0,0.957,88.83,7.51,5.05
52.9,0.098,1.96,27.8,17.6,0.962,88.76,4.86,5.72
90.9,0.108,2.52,52.4,35.6,0.916,89.34,8.76,5.98
68.9,0.136,1.64,40.0,26.9,0.93,89.05,8.52,4.69
67.7,0.119,2.47,42.5,29.9,0.948,89.5,7.43,5.72
53.8,0.125,1.3,28.1,17.0,0.96,88.14,6.31,4.45
95.9,0.117,1.2,44.1,26.8,0.913,87.65,9.99,4.41
59.5,0.122,2.81,41.0,29.2,0.937,89.66,6.66,6.16
75.7,0.149,1.59,44.3,30.1,0.913,88.09,10.06,4.4
86.0,0.097,2.15,44.8,28.7,0.951,89.05,7.72,5.8
80.1,0.116,1.97,45.4,30.2,0.962,88.59,8.72,5.2
74.3,0.125,2.27,47.3,32.9,0.967,89.2,8.75,5.4
54.6,0.114,2.13,31.9,21.5,0.959,89.44,5.79,5.51
65.3,0.091,2.62,35.3,22.6,0.913,89.82,5.3,6.66
77.3,0.104,1.39,35.5,21.7,0.966,87.65,7.56,4.7
65.6,0.123,2.44,42.5,29.8,0.927,88.89,7.26,5.85
77.4,0.115,2.07,43.0,29.2,0.967,89.14,8.41,5.11
83.2,0.088,1.33,34.0,17.9,0.92,87.26,6.55,5.19
86.6,0.103,1.84,43.6,27.6,0.938,88.1,8.13,5.36
60.3,0.101,1.3,28.0,16.3,0.946,86.98,5.64,4.97
100.0,0.107,1.26,43.2,25.8,0.903,86.81,9.39,4.6
84.2,0.097,1.88,43.2,27.4,0.972,87.63,7.72,5.6
75.0,0.097,2.69,43.4,28.9,0.941,88.73,6.7,6.47
88.1,0.114,2.26,50.3,34.3,0.915,88.56,8.97,5.6
100.0,0.15,2.75,76.7,58.8,0.913,89.21,13.38,5.73
57.7,0.11,2.14,32.7,21.6,0.955,89.62,5.89,5.55
72.3,0.131,2.87,51.0,36.7,0.907,89.83,8.34,6.11
50.0,0.111,2.82,32.5,22.6,0.935,90.09,5.07,6.42
77.3,0.098,1.63,36.2,21.8,0.943,88.18,6.98,5.19
79.4,0.117,2.14,45.6,30.5,0.919,88.54,8.31,5.49
74.5,0.108,1.74,35.7,22.7,0.91,88.28,7.13,5.01
67.1,0.119,2.03,39.0,26.3,0.939,89.08,7.32,5.33
50.4,0.095,2.93,30.3,20.3,0.927,89.77,4.35,6.97
79.5,0.121,1.78,43.0,28.2,0.911,88.8,8.56,5.02
92.5,0.132,1.51,49.7,32.6,0.917,88.35,10.91,4.56
67.9,0.123,1.54,36.2,22.9,0.938,88.48,7.61,4.75
80.3,0.106,1.9,40.4,25.7,0.911,89.24,7.52,5.38
56.2,0.109,3.2,39.8,28.9,0.975,90.15,5.82,6.84
80.5,0.088,2.84,45.8,31.0,0.962,89.05,6.63,6.92
70.3,0.106,1.2,32.1,18.6,0.926,87.62,6.71,4.79
65.9,0.107,2.08,35.4,22.4,0.921,88.67,6.33,5.6
65.9,0.128,1.79,36.9,24.9,0.97,89.12,7.99,4.62
70.3,0.101,2.59,40.9,27.5,0.934,89.35,6.43,6.35
79.6,0.13,1.51,44.1,29.4,0.969,87.9,9.81,4.49
59.3,0.115,1.58,31.8,19.5,0.959,88.56,6.37,4.99
70.2,0.117,1.81,37.3,24.5,0.907,88.68,7.29,5.12
74.5,0.16,1.75,50.1,36.6,0.965,88.49,11.25,4.45
61.8,0.131,2.43,40.5,28.8,0.943,89.84,7.44,5.44
96.6,0.117,1.93,53.7,36.0,0.954,88.2,10.5,5.11
64.8,0.084,2.6,32.6,20.0,0.918,89.34,4.87,6.69
67.0,0.098,1.69,31.4,18.9,0.9,88.35,5.78,5.44
63.3,0.099,2.53,37.0,24.5,0.927,89.6,5.63,6.57
96.6,0.105,1.52,44.5,27.2,0.915,86.87,9.01,4.93
81.6,0.118,2.41,52.2,36.8,0.935,88.96,8.77,5.95
63.8,0.092,1.85,28.0,16.4,0.907,88.67,5.18,5.4
88.3,0.125,2.55,58.4,42.7,0.972,90.4,10.43,5.6
77.4,0.099,1.2,32.3,18.1,0.909,87.02,6.76,4.77
78.1,0.106,1.71,38.0,23.5,0.961,88.19,7.77,4.89
70.9,0.104,2.68,44.0,31.0,0.975,89.79,6.98,6.3
66.0,0.103,2.0,33.2,21.0,0.912,88.74,6.04,5.5
79.1,0.11,1.25,36.1,21.3,0.928,87.4,7.87,4.59
68.5,0.151,1.75,44.9,31.6,0.958,89.12,9.67,4.64
96.8,0.126,2.29,60.1,42.9,0.957,89.45,11.35,5.29
59.8,0.112,1.69,31.3,20.2,0.903,88.9,5.9,5.3
93.4,0.111,2.68,56.7,39.7,0.906,89.07,9.14,6.21
73.7,0.086,2.64,38.1,24.1,0.91,88.69,5.65,6.75
78.6,0.111,2.43,46.1,31.9,0.945,88.92,8.04,5.73
85.0,0.097,2.62,47.4,31.2,0.904,89.26,7.3,6.5
67.4,0.103,1.84,33.0,20.6,0.947,88.68,6.4,5.16
85.4,0.16,2.84,70.8,55.3,0.927,90.03,12.31,5.75
50.0,0.138,2.64,37.9,28.0,0.954,90.28,6.43,5.9
66.4,0.121,2.04,40.1,27.8,0.963,88.92,7.56,5.3
63.9,0.095,1.29,28.3,15.3,0.963,87.38,5.7,4.96
60.0,0.088,1.2,23.4,12.2,0.903,87.11,4.65,5.03
72.4,0.1,2.59,43.9,29.6,0.976,88.86,6.89,6.37
79.6,0.09,1.29,33.6,19.0,0.947,86.92,6.59,5.1
83.4,0.126,1.64,47.4,32.2,0.972,88.52,9.99,4.75
77.9,0.13,2.34,51.8,37.6,0.949,89.7,9.36,5.53
67.0,0.152,1.45,39.6,26.6,0.939,88.23,9.33,4.25
79.4,0.121,3.2,60.0,44.5,0.958,89.96,8.98,6.68
76.5,0.096,2.22,38.3,24.3,0.918,88.75,6.6,5.81
86.2,0.102,2.84,50.7,35.0,0.908,89.01,7.79,6.51
84.3,0.122,2.62,53.7,37.7,0.907,90.14,9.09,5.91
75.4,0.132,1.2,37.8,24.2,0.968,87.26,9.41,4.02
64.2,0.125,2.47,43.3,31.3,0.973,89.19,7.63,5.67
67.2,0.12,2.09,40.5,27.2,0.965,89.09,7.57,5.35
68.4,0.087,2.07,33.7,20.6,0.972,88.71,5.62,6.0
71.2,0.124,2.09,42.8,29.7,0.979,89.54,8.41,5.09
78.2,0.143,2.63,58.7,43.9,0.942,89.69,10.27,5.71
83.6,0.117,2.92,54.5,39.7,0.912,89.71,8.71,6.26
74.4,0.095,1.5,33.6,19.3,0.949,88.21,6.54,5.15
75.2,0.106,2.14,39.2,26.0,0.928,88.81,7.21,5.44
76.7,0.085,2.8,40.8,26.9,0.928,89.34,5.88,6.93
68.8,0.105,2.0,37.1,24.0,0.958,88.9,6.75,5.5
63.9,0.091,2.2,31.4,19.7,0.907,89.14,5.13,6.12
53.9,0.093,2.21,26.5,15.9,0.903,89.28,4.4,6.01
66.7,0.1,3.16,43.5,30.6,0.956,89.77,6.22,7.0
80.7,0.094,2.47,42.5,27.9,0.921,88.99,6.79,6.26
66.6,0.101,3.14,41.9,29.3,0.931,89.73,6.12,6.85
72.1,0.118,2.97,50.4,36.5,0.925,89.69,7.68,6.57
80.6,0.134,1.99,50.2,35.1,0.949,89.9,10.0,5.02
81.2,0.107,2.25,45.3,29.7,0.912,89.25,7.7,5.89
62.0,0.136,3.13,48.2,36.6,0.958,90.2,7.86,6.13
87.0,0.113,1.53,44.5,29.0,0.974,87.82,9.37,4.75
88.5,0.121,2.48,58.1,41.5,0.967,89.64,10.1,5.76
61.4,0.111,2.49,39.2,27.3,0.973,89.31,6.47,6.06
65.1,0.103,1.96,34.4,22.0,0.975,88.46,6.37,5.39
89.3,0.131,1.91,52.3,36.3,0.93,88.33,10.6,4.93
73.2,0.105,1.98,40.2,26.2,0.964,89.28,7.21,5.59
50.0,0.138,2.45,35.7,25.8,0.94,90.49,6.31,5.66
58.2,0.095,2.84,33.2,21.5,0.922,89.71,4.99,6.65
72.0,0.154,2.47,56.2,42.2,0.96,89.74,10.38,5.41
61.0,0.1,1.47,28.5,16.7,0.92,87.83,5.45,5.23
70.0,0.094,2.85,39.0,26.3,0.909,90.19,5.85,6.67
75.4,0.11,2.7,47.7,33.4,0.956,89.48,7.77,6.13
92.5,0.105,1.98,47.8,30.6,0.923,88.67,8.78,5.44
71.5,0.143,1.77,44.2,30.3,0.924,88.85,9.24,4.79
87.9,0.097,1.65,42.3,26.2,0.97,88.01,8.11,5.22
92.1,0.119,2.64,57.1,41.1,0.911,89.46,9.76,5.85
92.2,0.138,1.2,46.6,30.0,0.961,87.85,11.89,3.92
78.4,0.099,2.65,44.2,29.9,0.931,89.26,7.02,6.3
51.4,0.088,1.87,25.3,14.7,0.971,88.98,4.26,5.93
80.5,0.087,2.24,39.9,24.8,0.935,88.68,6.36,6.27
87.6,0.114,1.2,39.8,23.4,0.933,87.07,9.06,4.39
74.0,0.118,1.21,34.9,21.3,0.934,87.42,7.96,4.38
95.9,0.141,1.76,58.9,41.4,0.967,88.52,12.77,4.61
85.3,0.108,1.64,40.6,25.9,0.901,88.22,8.08,5.03
81.8,0.095,2.48,44.5,29.6,0.956,88.83,7.22,6.17
88.0,0.089,2.25,43.0,27.5,0.916,88.91,7.03,6.11
79.0,0.108,3.07,53.7,38.3,0.971,89.61,8.04,6.68
50.0,0.155,2.36,38.0,27.8,0.93,89.99,7.03,5.41
69.0,0.105,1.77,34.5,21.3,0.927,88.55,6.54,5.27
89.4,0.091,2.71,48.5,32.7,0.957,89.53,7.6,6.38
65.3,0.118,1.87,36.5,24.1,0.958,88.91,7.17,5.09
72.3,0.121,1.84,41.5,27.7,0.951,88.99,8.14,5.09
62.5,0.126,2.1,38.9,27.3,0.926,89.54,7.08,5.49
96.4,0.105,2.91,61.0,43.7,0.949,89.44,9.36,6.51
95.2,0.086,2.63,49.8,32.1,0.904,88.5,7.26,6.86
64.4,0.126,2.61,44.4,32.6,0.976,89.44,7.7,5.77
76.8,0.111,3.08,51.1,37.0,0.936,89.41,7.8,6.56
66.8,0.115,2.6,40.2,27.9,0.924,89.85,6.94,5.8
82.4,0.141,1.49,47.4,32.0,0.969,88.32,10.96,4.32
81.1,0.112,2.37,47.0,31.7,0.926,89.29,8.2,5.72
84.7,0.108,2.91,57.0,40.8,0.98,89.41,8.78,6.49
79.0,0.122,1.34,39.9,25.1,0.955,87.21,8.96,4.46
100.0,0.108,2.09,54.4,35.9,0.952,88.4,9.99,5.45
62.7,0.126,1.57,33.8,21.7,0.912,88.6,7.02,4.82
54.5,0.115,2.16,31.8,21.6,0.949,89.39,5.77,5.51
70.3,0.108,2.67,41.7,28.4,0.912,89.61,6.77,6.16
56.2,0.129,2.77,41.9,30.9,0.963,89.51,6.78,6.18
57.1,0.124,2.01,33.4,21.8,0.911,89.34,6.29,5.3
63.0,0.113,2.43,38.5,26.5,0.929,88.82,6.44,5.98
63.9,0.098,1.35,28.2,16.1,0.938,87.17,5.73,4.92
63.5,0.127,1.23,33.1,21.3,0.964,87.27,7.58,4.37
81.2,0.094,2.66,46.0,31.1,0.951,88.55,7.05,6.53
68.9,0.088,1.2,27.4,14.4,0.96,86.69,5.67,4.84
72.8,0.108,1.76,38.1,24.2,0.92,88.64,7.07,5.39
85.7,0.141,2.44,58.1,42.7,0.919,89.96,10.83,5.36
65.8,0.138,2.21,43.8,30.4,0.93,89.42,8.22,5.33
71.8,0.135,1.2,36.7,23.6,0.901,87.27,8.54,4.3
79.4,0.104,2.36,45.0,30.8,0.966,89.1,7.77,5.79
51.7,0.106,1.67,26.4,15.9,0.93,88.57,4.96,5.31
50.0,0.132,2.16,31.4,21.9,0.905,89.37,5.83,5.38
79.2,0.1,1.79,38.7,24.1,0.97,88.59,7.48,5.18
80.9,0.104,1.75,42.2,27.5,0.977,88.27,8.06,5.24
99.8,0.085,1.2,40.7,22.4,0.952,86.25,7.88,5.16
76.9,0.126,1.92,43.5,29.1,0.929,88.75,8.74,4.97
84.8,0.096,2.72,47.8,31.7,0.933,90.02,7.38,6.47
72.7,0.105,1.89,37.5,23.7,0.92,88.98,6.83,5.49
78.6,0.139,1.91,49.6,35.0,0.957,88.95,10.21,4.86
95.0,0.138,1.75,56.0,38.7,0.928,87.7,11.87,4.72
50.0,0.096,1.46,22.4,12.8,0.903,87.51,4.24,5.3
80.0,0.111,1.6,39.0,24.5,0.904,88.19,7.79,5.01
100.0,0.083,2.21,48.4,30.3,0.949,88.34,7.68,6.3
78.4,0.085,3.2,43.6,28.8,0.923,88.97,6.02,7.24
94.8,0.113,2.59,56.6,39.6,0.913,89.13,9.5,5.96
67.4,0.112,2.41,40.1,27.4,0.944,89.19,6.94,5.78
74.6,0.121,3.1,54.1,40.3,0.922,89.6,8.1,6.68
75.4,0.122,2.33,46.9,32.6,0.906,89.33,8.1,5.79
50.0,0.087,2.64,26.9,16.9,0.915,89.22,3.9,6.89
61.0,0.121,2.21,38.1,26.1,0.962,88.99,6.92,5.51
61.8,0.103,2.33,35.5,23.9,0.968,88.88,6.01,5.91
84.9,0.111,1.4,41.8,26.2,0.97,87.46,8.87,4.71
85.5,0.132,1.95,52.3,36.0,0.943,88.37,10.34,5.06
78.9,0.107,1.82,42.2,26.8,0.976,89.3,8.03,5.26
84.9,0.113,1.79,43.4,27.9,0.912,88.8,8.52,5.1
73.0,0.135,1.76,43.1,28.9,0.954,89.12,9.14,4.72
89.4,0.095,2.82,51.4,34.6,0.956,88.87,7.91,6.5
75.1,0.126,1.92,42.8,28.4,0.904,88.67,8.35,5.12
75.7,0.141,2.03,47.5,34.1,0.923,88.8,9.59,4.95
71.8,0.091,3.2,43.6,30.7,0.976,90.19,6.22,7.01
83.2,0.108,2.49,49.5,34.4,0.961,89.69,8.39,5.9
69.9,0.111,2.1,37.2,24.2,0.904,89.35,6.87,5.42
86.7,0.119,2.63,56.0,40.5,0.943,89.36,9.49,5.9
61.4,0.125,1.77,35.0,22.9,0.952,88.79,7.1,4.92
61.8,0.106,1.89,33.2,21.1,0.978,89.07,6.25,5.32
83.2,0.11,1.92,45.4,29.4,0.957,89.22,8.53,5.32
73.9,0.111,2.22,43.2,29.6,0.951,89.41,7.62,5.67
69.6,0.087,2.33,35.3,22.4,0.973,88.67,5.74,6.14
85.7,0.144,1.63,52.5,36.7,0.953,88.25,11.43,4.59
67.7,0.117,2.3,40.6,28.2,0.975,89.58,7.5,5.41
72.6,0.094,2.4,38.9,24.6,0.939,88.85,6.24,6.24
91.8,0.084,1.87,41.1,24.5,0.957,87.98,7.18,5.72
93.5,0.13,2.02,56.1,39.2,0.951,89.41,11.26,4.98
93.9,0.127,1.53,49.4,32.3,0.944,87.89,10.95,4.51
71.6,0.12,1.35,35.4,22.0,0.926,87.23,7.79,4.55
89.8,0.112,1.53,43.9,27.7,0.972,88.88,9.54,4.6
63.6,0.102,2.46,36.1,23.0,0.922,89.81,5.82,6.2
64.1,0.094,2.36,33.4,21.1,0.913,89.22,5.35,6.24
50.0,0.108,3.06,35.1,24.9,0.957,90.03,5.04,6.97
95.1,0.091,2.12,46.6,29.6,0.944,87.77,7.96,5.86
64.6,0.104,2.13,34.8,22.3,0.921,88.99,6.01,5.79
73.5,0.146,2.27,52.1,38.3,0.97,89.39,10.16,5.13
64.1,0.097,1.57,28.8,16.4,0.923,88.2,5.59,5.15
83.3,0.1,2.55,44.7,29.2,0.905,89.75,7.36,6.08
70.5,0.112,2.29,39.9,26.3,0.901,89.46,6.96,5.74
59.3,0.096,1.63,28.9,17.1,0.974,89.05,5.39,5.37
80.3,0.123,2.29,49.3,34.5,0.932,88.8,8.96,5.5
57.8,0.104,2.48,33.3,22.1,0.917,89.01,5.35,6.22
65.0,0.153,1.43,38.5,26.5,0.945,88.95,9.18,4.19
50.0,0.166,2.63,42.4,32.5,0.939,90.56,7.61,5.57
57.9,0.118,1.87,34.4,23.1,0.98,89.24,6.53,5.27
77.1,0.117,1.2,37.7,23.0,0.971,87.19,8.55,4.41
51.4,0.134,2.59,34.9,25.6,0.922,90.15,6.17,5.66
57.2,0.146,2.77,45.8,34.5,0.956,90.49,7.78,5.89
75.0,0.092,1.54,32.8,19.1,0.931,87.96,6.25,5.25
68.5,0.109,1.26,30.3,17.0,0.929,87.24,6.74,4.5
98.9,0.124,2.76,66.5,48.1,0.929,90.18,11.14,5.97
97.0,0.094,1.79,45.6,28.1,0.951,88.1,8.5,5.37
64.6,0.119,2.77,43.8,30.9,0.943,89.75,7.07,6.19
81.7,0.118,1.2,39.4,24.0,0.96,87.04,9.04,4.36
84.0,0.131,2.8,57.4,41.9,0.912,89.8,9.75,5.89
67.8,0.117,2.64,43.6,31.4,0.934,89.59,7.25,6.02
57.1,0.11,2.37,34.9,23.6,0.969,88.85,5.94,5.88
74.9,0.108,1.2,33.2,19.6,0.9,87.04,7.1,4.68
72.9,0.09,1.92,33.6,21.0,0.95,88.19,6.05,5.55
69.8,0.087,2.6,37.0,24.3,0.963,89.35,5.71,6.48
80.3,0.096,1.26,33.9,18.5,0.931,87.08,7.03,4.82
66.0,0.131,1.84,39.3,26.7,0.971,88.82,8.17,4.81
61.2,0.085,2.3,31.1,18.8,0.959,89.45,4.84,6.43
76.3,0.085,1.52,33.0,18.2,0.948,87.71,6.02,5.48
79.6,0.108,2.75,47.6,32.7,0.916,89.31,7.65,6.22
60.9,0.142,2.65,46.4,34.8,0.954,89.95,8.04,5.76
86.1,0.09,2.22,43.3,28.0,0.967,88.61,7.32,5.92
53.8,0.084,2.32,26.6,16.0,0.958,89.42,4.2,6.34
68.1,0.116,1.83,36.5,24.0,0.946,88.56,7.31,5.0
71.9,0.093,2.39,38.4,25.4,0.957,89.17,6.24,6.16
67.4,0.097,1.8,32.8,20.3,0.978,88.38,6.22,5.27
68.2,0.099,2.0,34.1,21.3,0.901,88.65,5.95,5.73
97.5,0.145,1.85,61.7,44.2,0.953,88.94,13.14,4.69
64.8,0.086,2.82,35.5,23.1,0.963,89.11,5.22,6.8
100.0,0.143,2.7,74.8,56.6,0.951,89.72,13.25,5.65
80.2,0.107,1.6,39.4,24.6,0.922,88.21,7.7,5.11
76.1,0.101,2.77,45.7,31.2,0.966,89.89,7.23,6.32
80.7,0.129,1.7,46.6,31.4,0.973,87.96,9.89,4.71
100.0,0.112,3.03,68.5,50.1,0.955,89.67,10.45,6.55
63.1,0.11,2.89,41.0,29.0,0.941,89.68,6.39,6.43
61.6,0.108,3.2,41.2,29.9,0.929,89.27,6.01,6.86
65.9,0.136,2.25,44.2,31.8,0.926,89.39,8.09,5.46
75.4,0.138,1.96,48.4,34.8,0.958,89.36,9.74,4.97
54.3,0.115,1.95,30.7,19.7,0.949,89.16,5.76,5.33
75.3,0.104,2.29,40.9,27.4,0.913,89.6,6.94,5.89
95.3,0.127,1.59,49.8,32.4,0.911,88.0,10.77,4.62
76.8,0.095,1.2,30.5,16.1,0.906,86.93,6.46,4.72
71.5,0.124,1.9,41.9,28.2,0.955,88.91,8.22,5.1
67.6,0.123,2.12,40.4,27.5,0.925,88.95,7.48,5.4
85.8,0.111,2.38,49.4,33.6,0.902,89.13,8.36,5.9
65.1,0.129,2.3,41.6,29.6,0.927,89.52,7.56,5.5
97.2,0.114,2.17,57.6,39.4,0.967,88.84,10.41,5.54
98.2,0.1,2.68,56.8,39.1,0.92,89.05,8.78,6.47
78.1,0.105,1.66,39.6,25.3,0.951,88.25,7.61,5.21
74.9,0.113,1.76,39.9,25.8,0.935,88.61,7.73,5.16
87.4,0.11,3.15,59.3,42.9,0.944,89.91,8.84,6.71
88.1,0.121,1.2,42.0,26.0,0.948,86.74,9.83,4.28
65.3,0.099,2.66,38.2,25.3,0.936,89.24,5.88,6.5
68.7,0.125,2.38,42.5,29.4,0.905,90.06,7.56,5.63
59.1,0.161,2.1,44.0,32.2,0.945,90.31,8.79,5.0
79.9,0.099,2.55,45.5,30.6,0.932,89.3,7.2,6.33
83.0,0.132,2.46,54.5,38.9,0.916,90.2,9.76,5.58
58.8,0.097,1.37,26.9,15.1,0.972,87.92,5.38,5.0
69.5,0.101,1.61,32.5,19.2,0.959,88.89,6.57,4.95
58.8,0.11,1.86,31.6,19.5,0.923,89.45,5.83,5.41
64.2,0.11,1.2,29.4,17.1,0.943,87.88,6.51,4.51
81.6,0.09,2.1,40.6,25.0,0.977,88.27,6.98,5.81
66.2,0.133,2.42,43.5,31.1,0.92,89.96,7.88,5.52
71.4,0.095,2.68,40.8,27.2,0.976,89.35,6.45,6.33
55.5,0.12,2.14,32.6,22.1,0.955,89.01,6.22,5.25
77.2,0.089,1.73,35.3,21.3,0.943,88.65,6.33,5.59
74.5,0.094,2.21,38.8,24.4,0.979,89.38,6.7,5.79
66.3,0.089,2.06,32.9,19.4,0.927,88.81,5.35,6.14
72.7,0.102,2.49,41.7,28.1,0.922,89.1,6.69,6.23
77.2,0.094,2.08,38.6,24.6,0.927,88.78,6.54,5.9
65.2,0.115,2.54,41.2,28.7,0.96,88.99,7.02,5.86
57.3,0.114,1.97,32.4,21.5,0.927,88.7,5.9,5.49
96.7,0.1,2.75,55.8,37.8,0.908,88.98,8.54,6.54
67.4,0.102,2.19,37.2,24.2,0.952,89.34,6.35,5.85
73.8,0.14,1.8,45.7,31.7,0.918,88.92,9.25,4.94
87.1,0.108,1.93,45.0,29.1,0.9,88.4,8.26,5.45
100.0,0.107,2.46,56.5,38.8,0.916,88.66,9.6,5.89
60.1,0.11,1.46,28.8,16.8,0.966,88.99,6.2,4.65
80.4,0.106,2.04,44.5,29.7,0.975,88.44,8.13,5.47
66.5,0.096,2.63,38.1,25.8,0.953,88.8,5.95,6.39
68.5,0.127,2.36,44.1,30.5,0.925,89.38,7.85,5.61
66.4,0.138,1.52,38.6,25.0,0.935,88.71,8.33,4.63
61.5,0.09,2.26,30.1,18.2,0.916,89.19,4.95,6.07
74.5,0.113,1.43,37.4,23.3,0.97,87.6,7.94,4.71
57.3,0.139,2.19,38.7,26.8,0.953,89.8,7.4,5.23
86.4,0.175,2.79,75.0,59.3,0.907,90.55,13.34,5.63
75.7,0.136,2.14,50.1,35.5,0.929,89.43,9.3,5.38
80.1,0.113,1.53,39.8,25.3,0.943,88.1,8.31,4.8
69.4,0.12,2.0,41.1,27.8,0.964,89.15,7.79,5.27
70.6,0.139,2.2,48.3,35.3,0.974,89.28,9.31,5.19
78.5,0.083,2.65,39.5,25.0,0.911,89.26,5.8,6.81
61.0,0.103,2.64,35.7,24.6,0.967,89.97,5.94,6.01
70.7,0.089,1.56,31.2,17.7,0.905,88.41,5.54,5.63
64.7,0.128,1.94,38.4,25.9,0.919,89.34,7.43,5.17
64.3,0.093,2.3,32.6,20.7,0.902,89.18,5.25,6.21
50.0,0.137,1.8,31.3,20.4,0.905,89.96,6.06,5.16
91.1,0.097,2.35,48.1,31.5,0.903,88.92,7.81,6.15
66.8,0.135,1.43,36.5,23.9,0.912,88.07,7.99,4.56
89.0,0.132,2.23,58.5,42.7,0.97,88.97,11.12,5.26
87.8,0.119,2.61,55.9,39.5,0.923,89.09,9.4,5.95
59.6,0.155,2.13,42.4,31.2,0.938,89.65,8.46,5.01
61.9,0.089,2.19,31.0,18.8,0.939,89.73,5.03,6.16
100.0,0.142,2.52,73.6,55.9,0.98,89.15,13.61,5.41
96.0,0.101,1.88,48.3,30.8,0.929,88.84,8.79,5.5
74.6,0.112,2.41,44.0,30.1,0.921,89.28,7.53,5.84
78.1,0.112,2.08,45.1,30.2,0.977,89.34,8.31,5.42
67.4,0.113,1.65,34.1,21.8,0.947,88.1,7.06,4.83
80.2,0.104,2.55,46.4,31.4,0.923,89.27,7.53,6.17
66.4,0.106,2.8,41.0,28.8,0.923,89.07,6.3,6.51
50.6,0.094,2.68,29.3,19.4,0.907,89.69,4.22,6.93
59.1,0.089,2.55,30.9,19.2,0.945,89.68,4.82,6.4
75.3,0.122,2.36,47.6,33.5,0.958,89.74,8.54,5.57
61.4,0.144,2.28,41.1,29.1,0.938,89.81,8.07,5.09
74.2,0.107,2.05,41.1,26.9,0.971,88.82,7.53,5.46
62.1,0.087,1.77,28.4,16.4,0.939,88.5,4.97,5.72
65.6,0.105,1.2,29.1,16.7,0.928,87.03,6.25,4.66
85.2,0.113,1.32,40.3,25.1,0.92,87.2,8.64,4.67
78.0,0.09,2.11,38.4,23.0,0.919,88.6,6.28,6.1
74.9,0.119,1.46,38.8,24.6,0.925,88.11,8.07,4.81
85.5,0.108,2.31,50.0,34.3,0.979,89.55,8.8,5.68
80.8,0.098,2.97,47.8,33.0,0.929,89.87,7.18,6.66
92.4,0.084,1.2,36.1,19.2,0.942,86.47,7.15,5.05
69.5,0.116,1.61,35.7,22.6,0.922,88.12,7.23,4.94
69.8,0.117,3.19,49.2,35.8,0.911,89.63,7.26,6.77
59.4,0.106,2.52,35.1,23.8,0.952,89.07,5.84,6.0
69.9,0.127,2.04,42.6,28.8,0.944,89.49,8.17,5.21
86.6,0.133,1.83,51.1,35.0,0.905,88.27,10.17,5.02
90.6,0.098,2.39,50.3,34.5,0.971,88.13,8.37,6.0
86.5,0.092,2.59,46.4,30.4,0.941,89.32,7.33,6.33
53.5,0.127,1.47,28.7,17.9,0.927,88.69,6.15,4.67
88.0,0.103,2.85,54.3,38.8,0.962,88.93,8.49,6.4
52.9,0.11,2.3,31.4,20.5,0.909,89.66,5.18,6.06
85.8,0.151,2.57,65.7,49.7,0.938,89.3,11.81,5.56
70.6,0.125,2.61,47.9,35.2,0.944,89.68,8.15,5.88
83.4,0.094,2.26,43.5,28.2,0.962,88.99,7.35,5.91
59.0,0.095,2.32,31.8,20.8,0.93,89.55,5.1,6.23
89.1,0.116,2.36,56.7,40.2,0.968,89.28,9.78,5.8
57.4,0.122,1.92,33.4,22.6,0.956,88.53,6.51,5.13
67.0,0.095,2.42,36.5,24.1,0.962,89.37,5.94,6.14
63.0,0.125,1.97,37.7,25.6,0.978,89.98,7.54,5.0
53.9,0.126,2.1,34.6,23.1,0.968,89.66,6.4,5.41
76.1,0.127,2.88,54.6,40.0,0.928,89.3,8.73,6.26
96.7,0.156,2.08,68.4,51.3,0.952,88.97,13.99,4.89
100.0,0.122,2.31,62.5,45.0,0.969,88.82,11.53,5.42
76.2,0.089,2.01,36.8,22.8,0.942,87.82,6.21,5.92
88.4,0.096,1.92,42.6,27.0,0.955,88.44,7.86,5.42
77.8,0.107,3.06,50.7,36.0,0.914,89.48,7.41,6.84
81.0,0.096,1.37,36.3,21.0,0.965,87.3,7.3,4.97
70.9,0.117,2.13,42.6,28.8,0.961,89.15,7.77,5.47
77.3,0.092,1.5,34.4,20.0,0.971,87.5,6.76,5.09
81.4,0.1,2.73,48.1,33.0,0.957,89.61,7.57,6.35
68.1,0.089,2.07,32.9,20.5,0.97,88.89,5.71,5.77
74.1,0.138,1.87,45.4,31.4,0.913,88.87,9.13,4.97
74.3,0.107,1.2,33.3,18.9,0.965,87.27,7.46,4.47
84.9,0.143,2.89,67.4,52.0,0.976,89.98,11.56,5.83
62.2,0.118,1.44,32.9,20.8,0.965,87.8,6.89,4.78
74.4,0.107,2.34,43.0,29.0,0.949,89.17,7.35,5.85
97.9,0.119,2.57,64.8,47.3,0.974,89.14,11.09,5.84
89.0,0.093,3.19,53.1,36.6,0.908,89.1,7.33,7.25
91.2,0.098,1.82,44.5,27.2,0.901,87.78,7.88,5.65
75.3,0.138,1.67,46.2,31.6,0.977,88.49,9.88,4.67
78.9,0.13,1.89,46.2,31.9,0.955,89.36,9.51,4.85
87.0,0.101,1.81,42.1,26.2,0.909,88.1,7.81,5.39
93.7,0.097,1.2,38.3,21.0,0.927,87.02,8.2,4.67
51.6,0.146,2.92,42.3,32.0,0.96,90.39,7.05,6.0
59.2,0.096,1.89,28.9,17.9,0.96,88.88,5.34,5.41
90.7,0.122,2.02,50.6,34.4,0.914,88.41,9.89,5.11
71.7,0.12,2.41,45.4,31.7,0.938,89.9,7.89,5.76
66.9,0.093,2.79,39.6,26.1,0.965,90.2,5.87,6.75
60.0,0.107,1.52,30.5,19.2,0.977,88.0,6.13,4.98
68.3,0.115,2.28,39.6,27.1,0.95,89.82,7.26,5.46
58.2,0.122,1.49,32.0,20.2,0.951,87.94,6.57,4.86
100.0,0.089,2.27,48.2,30.1,0.938,88.55,8.14,5.93
74.7,0.099,2.25,39.9,26.1,0.943,88.64,6.82,5.86
74.3,0.123,1.86,42.4,28.6,0.908,89.01,8.12,5.23
82.1,0.135,2.22,53.1,38.0,0.928,89.27,10.05,5.28
86.5,0.124,2.23,53.0,36.8,0.941,89.13,9.81,5.4
86.4,0.084,2.06,39.4,23.4,0.922,88.94,6.51,6.05
87.9,0.127,2.0,51.6,36.2,0.929,89.34,10.13,5.1
67.4,0.103,1.42,31.8,19.0,0.978,87.77,6.64,4.79
71.4,0.087,1.55,31.0,16.8,0.9,88.3,5.46,5.67
84.2,0.119,1.79,45.9,30.0,0.924,88.96,9.02,5.09
68.7,0.137,1.6,40.5,27.0,0.947,89.03,8.7,4.65
74.9,0.141,1.81,45.7,32.1,0.922,89.04,9.47,4.82
79.8,0.119,2.06,48.0,33.1,0.954,89.13,8.85,5.43
84.4,0.115,2.14,48.4,32.5,0.924,88.89,8.75,5.54
53.7,0.107,2.38,31.8,21.2,0.951,90.4,5.34,5.95
83.6,0.142,2.18,56.8,41.0,0.968,89.5,11.18,5.08
72.2,0.136,2.16,47.6,34.4,0.953,89.41,9.11,5.22
83.5,0.115,2.37,49.8,34.4,0.904,89.39,8.48,5.87
84.3,0.082,1.64,36.2,20.9,0.964,87.93,6.5,5.56
94.3,0.137,1.68,53.3,35.7,0.917,89.15,11.54,4.62
91.2,0.087,1.91,41.9,25.3,0.951,88.25,7.38,5.68
91.2,0.104,1.75,45.3,28.8,0.952,88.47,8.8,5.14
92.3,0.11,1.22,41.5,25.1,0.964,86.93,9.55,4.34
78.5,0.085,2.39,40.9,26.0,0.94,88.36,6.14,6.66
75.4,0.105,1.6,36.7,22.5,0.93,88.16,7.18,5.11
85.5,0.094,3.01,50.9,35.2,0.941,89.61,7.39,6.89
83.8,0.109,2.18,47.6,32.0,0.944,89.01,8.37,5.69
71.3,0.127,1.35,37.9,24.1,0.966,87.47,8.52,4.45
79.9,0.125,2.43,49.9,35.0,0.916,90.0,8.93,5.59
74.6,0.098,2.12,40.1,26.0,0.968,88.48,6.91,5.81
64.8,0.134,2.25,43.8,31.2,0.929,89.34,7.87,5.57
90.5,0.137,1.85,54.7,39.0,0.96,88.38,11.57,4.73
75.7,0.121,1.63,40.0,25.7,0.927,88.06,8.29,4.82
99.6,0.113,1.37,47.7,30.4,0.957,87.35,10.49,4.54
55.5,0.102,1.46,27.0,16.1,0.964,88.31,5.31,5.08
68.3,0.093,1.42,30.9,17.7,0.945,87.49,5.87,5.26
75.4,0.137,1.92,46.1,32.8,0.95,89.31,9.58,4.82
88.6,0.105,2.07,47.5,31.3,0.957,88.99,8.65,5.49
79.8,0.162,1.33,46.4,31.8,0.955,87.98,12.0,3.86
78.7,0.098,2.55,44.9,30.4,0.958,88.69,7.23,6.21
61.5,0.158,2.17,45.5,33.4,0.968,90.4,9.15,4.97
61.1,0.124,3.2,44.4,31.9,0.918,89.86,6.77,6.56
78.9,0.106,1.9,41.8,26.9,0.917,87.87,7.45,5.62
58.6,0.12,3.2,44.3,32.9,0.978,89.95,6.69,6.63
68.6,0.114,2.47,41.4,29.0,0.968,89.71,7.39,5.6
81.0,0.106,1.2,36.7,21.1,0.947,87.26,7.9,4.64
63.2,0.094,1.5,28.8,16.7,0.901,87.6,5.21,5.53
94.3,0.086,2.26,46.8,30.4,0.968,87.96,7.63,6.14
89.7,0.133,1.23,46.4,30.5,0.96,87.4,11.17,4.15
56.1,0.13,1.65,31.5,21.0,0.977,89.04,6.95,4.53
63.8,0.105,1.3,27.6,15.9,0.901,87.98,5.89,4.69
50.0,0.105,3.17,32.3,21.9,0.902,90.38,4.62,6.98
65.6,0.138,2.65,48.1,35.5,0.941,90.02,8.34,5.77
84.2,0.132,1.93,52.5,36.9,0.968,88.6,10.48,5.01
70.0,0.091,2.86,40.0,27.9,0.979,89.27,6.09,6.56
80.5,0.132,2.73,56.4,41.2,0.926,89.62,9.56,5.9
56.7,0.127,2.76,39.1,27.8,0.903,89.7,6.34,6.16
84.6,0.116,1.82,44.7,29.9,0.916,88.95,8.79,5.09
68.3,0.091,1.95,33.3,20.8,0.97,89.06,5.91,5.63
75.1,0.088,1.55,33.3,18.8,0.937,87.37,6.06,5.5
73.9,0.117,2.04,42.5,28.9,0.968,88.94,8.19,5.19
59.7,0.113,1.69,31.6,19.6,0.936,89.4,6.17,5.12
61.2,0.096,1.56,26.9,15.1,0.904,88.6,5.19,5.18
86.6,0.153,2.67,67.8,52.1,0.949,89.9,12.29,5.51
79.8,0.138,2.44,54.0,39.3,0.935,89.98,10.03,5.39
87.6,0.092,1.66,39.5,24.2,0.939,88.52,7.36,5.36
78.9,0.089,2.57,44.1,29.3,0.976,89.16,6.72,6.56
76.7,0.112,2.25,43.5,29.7,0.937,88.71,7.88,5.53
54.3,0.125,1.94,31.5,21.6,0.964,89.61,6.4,4.93
71.8,0.13,2.9,50.0,37.1,0.905,90.22,8.22,6.08
74.7,0.126,2.25,47.3,33.8,0.938,89.02,8.61,5.5
98.4,0.117,2.99,68.0,50.0,0.947,89.47,10.61,6.41
83.2,0.141,2.38,57.2,42.2,0.909,89.27,10.4,5.5
93.4,0.156,2.43,71.2,54.0,0.924,89.03,13.11,5.43
82.2,0.119,1.56,43.7,28.2,0.959,88.23,9.15,4.77
66.5,0.131,1.82,38.9,25.9,0.915,89.52,7.76,5.01
76.4,0.088,2.83,42.5,27.6,0.91,89.4,5.95,7.15
77.8,0.166,2.68,65.1,50.4,0.924,90.19,11.62,5.6
63.7,0.128,1.92,39.8,27.3,0.969,88.71,7.72,5.15
70.4,0.093,1.42,31.1,18.1,0.961,87.9,6.14,5.06
72.5,0.115,2.93,49.3,36.6,0.962,89.52,7.8,6.31
94.3,0.109,2.63,56.8,39.6,0.926,88.9,9.27,6.13
50.0,0.142,1.53,27.8,18.4,0.908,89.14,6.29,4.43
89.5,0.132,1.53,47.1,31.3,0.903,87.69,10.41,4.52
63.8,0.087,3.02,37.3,25.6,0.947,89.48,5.13,7.27
58.5,0.135,1.85,35.9,24.2,0.956,88.83,7.39,4.85
89.2,0.123,1.86,50.9,34.3,0.93,88.53,9.96,5.11
83.8,0.109,1.76,44.3,28.9,0.942,87.62,8.37,5.3
90.1,0.133,2.28,57.6,41.7,0.922,89.44,10.77,5.35
84.6,0.126,1.4,42.8,27.4,0.929,87.93,9.62,4.45
99.7,0.106,2.22,56.0,37.5,0.958,89.48,9.84,5.69
81.7,0.12,1.4,41.0,26.0,0.957,87.85,9.18,4.46
73.1,0.135,1.4,37.9,24.4,0.902,87.77,8.69,4.36
79.1,0.102,1.42,38.1,22.9,0.976,87.98,7.64,4.98
89.9,0.101,1.44,41.7,24.4,0.922,87.85,8.12,5.14
65.6,0.108,2.46,39.2,26.9,0.973,89.92,6.7,5.86
67.2,0.103,2.46,37.8,25.7,0.941,88.7,6.35,5.96
71.3,0.12,2.02,41.5,28.1,0.94,88.85,7.84,5.3
50.0,0.118,1.78,27.5,17.6,0.936,88.72,5.36,5.12
76.7,0.1,2.79,46.7,31.9,0.974,89.96,7.31,6.39
52.4,0.09,2.45,26.0,16.1,0.917,89.73,4.23,6.15
75.6,0.116,1.51,37.1,23.4,0.949,88.49,8.13,4.56
85.4,0.115,2.28,49.1,33.6,0.925,88.72,8.85,5.55
69.3,0.138,2.25,47.4,34.0,0.973,89.65,9.1,5.21
95.1,0.087,2.46,47.2,30.4,0.914,88.21,7.36,6.42
57.5,0.108,3.2,39.7,28.1,0.954,89.58,5.8,6.84
89.3,0.085,1.69,37.9,21.8,0.934,87.94,6.94,5.46
83.1,0.086,2.38,40.4,25.7,0.953,88.96,6.64,6.09
54.4,0.124,2.85,36.5,26.2,0.913,90.2,6.0,6.08
100.0,0.117,2.96,66.2,48.7,0.931,89.12,10.61,6.24
74.2,0.1,2.19,37.9,24.6,0.909,89.15,6.55,5.79
64.5,0.104,1.45,32.3,19.2,0.978,87.96,6.38,5.07
58.1,0.107,1.2,26.9,15.5,0.917,87.92,5.57,4.83
72.4,0.088,2.51,39.2,25.2,0.979,89.02,6.08,6.45
73.5,0.101,2.27,40.4,26.8,0.933,88.47,6.75,5.99
76.2,0.099,2.16,38.9,24.4,0.906,89.16,6.68,5.82
71.4,0.135,2.24,45.7,32.6,0.901,89.64,8.5,5.38
82.6,0.122,2.59,54.8,38.9,0.948,89.16,9.32,5.88
70.3,0.122,2.37,44.8,31.6,0.949,89.38,7.91,5.66
51.8,0.101,2.29,28.1,18.1,0.942,89.53,4.82,5.82
73.2,0.107,1.8,35.7,22.5,0.905,88.46,6.88,5.18
50.0,0.102,2.62,29.2,19.6,0.927,89.36,4.62,6.31
79.2,0.087,1.81,36.1,21.9,0.929,88.21,6.25,5.77
63.2,0.1,2.58,38.0,25.2,0.956,89.81,5.9,6.45
77.0,0.14,1.9,47.4,33.2,0.934,88.97,9.8,4.83
90.8,0.115,2.39,54.2,37.8,0.946,89.2,9.61,5.64
63.6,0.099,2.98,39.5,26.1,0.923,89.63,5.69,6.95
87.7,0.123,2.43,57.9,41.2,0.958,88.86,10.07,5.74
69.8,0.15,2.81,53.7,41.0,0.904,90.09,9.22,5.83
96.0,0.134,1.91,60.8,42.9,0.979,88.6,12.3,4.94
70.6,0.101,2.15,37.3,24.2,0.951,89.29,6.61,5.65
64.9,0.106,1.92,33.5,21.2,0.912,89.32,6.11,5.49
83.2,0.122,1.27,41.1,26.0,0.957,87.71,9.51,4.32
69.8,0.134,2.63,51.2,38.1,0.963,89.58,8.77,5.84
64.9,0.103,2.38,38.2,26.1,0.963,88.96,6.29,6.08
69.3,0.088,2.35,35.2,22.2,0.922,88.56,5.46,6.44
74.5,0.11,2.72,48.4,34.7,0.977,89.59,7.79,6.22
91.1,0.112,1.53,44.1,27.3,0.901,87.62,9.0,4.9
51.8,0.093,1.41,22.8,12.3,0.93,87.54,4.39,5.19
75.3,0.132,2.72,52.1,38.0,0.908,90.47,8.79,5.92
82.5,0.1,2.06,42.9,27.1,0.931,88.92,7.51,5.71
77.3,0.113,2.21,43.8,29.0,0.905,89.25,7.7,5.68
90.7,0.114,1.37,44.3,27.2,0.952,87.57,9.59,4.61
74.1,0.102,2.84,43.4,29.8,0.905,90.07,6.69,6.48
72.8,0.143,2.44,51.7,38.5,0.949,89.71,9.65,5.36
82.1,0.127,1.81,46.1,30.9,0.919,88.93,9.32,4.95
76.2,0.095,3.14,46.1,31.7,0.914,89.82,6.45,7.14
70.3,0.106,1.42,31.7,18.8,0.928,88.47,6.75,4.7
81.2,0.098,1.94,41.7,26.6,0.951,88.57,7.4,5.63
67.2,0.098,2.59,38.1,26.1,0.946,89.85,6.06,6.3
67.7,0.118,2.68,44.9,32.2,0.954,89.06,7.43,6.05
68.7,0.121,1.35,33.0,20.6,0.974,88.59,7.88,4.19
91.2,0.113,1.96,47.5,30.8,0.916,88.77,9.17,5.18
50.0,0.124,2.47,33.3,23.0,0.933,90.18,5.66,5.88
79.7,0.111,2.84,50.4,36.4,0.921,89.08,7.96,6.32
75.4,0.122,2.79,51.9,39.0,0.947,89.23,8.5,6.1
54.8,0.104,2.45,32.0,20.6,0.923,89.36,5.14,6.22
78.7,0.131,2.14,48.8,34.7,0.945,89.27,9.46,5.16
80.7,0.116,2.01,45.3,30.6,0.966,88.8,8.8,5.15
82.1,0.112,2.35,48.4,33.7,0.944,89.04,8.44,5.73
50.0,0.12,2.82,35.6,25.1,0.967,89.99,5.64,6.31
91.4,0.096,1.99,45.8,28.8,0.949,87.66,8.12,5.64
66.1,0.104,1.96,35.2,22.8,0.97,89.06,6.52,5.41
83.2,0.1,2.67,49.7,34.1,0.974,89.19,7.89,6.29
83.9,0.094,2.63,47.1,31.5,0.941,89.48,7.26,6.48
64.5,0.15,1.85,42.7,30.2,0.963,89.15,9.09,4.7
82.9,0.115,1.44,41.0,25.5,0.938,87.67,8.72,4.7
70.4,0.152,1.24,40.5,27.3,0.956,87.92,9.99,4.06
50.1,0.097,2.17,25.6,15.8,0.903,89.55,4.3,5.96
89.0,0.117,1.55,46.2,29.6,0.977,88.39,9.93,4.65
65.7,0.103,2.55,38.5,26.0,0.972,89.46,6.42,6.0
64.7,0.096,1.24,27.6,15.2,0.971,87.42,5.89,4.68
70.2,0.108,2.91,44.0,30.8,0.923,89.67,6.81,6.47
78.3,0.114,1.93,42.6,28.3,0.923,88.69,8.0,5.33
74.3,0.167,1.7,49.1,35.8,0.932,88.45,11.3,4.35
81.6,0.115,1.83,44.5,29.7,0.97,88.69,8.91,5.0
58.9,0.144,1.67,36.3,24.8,0.969,88.7,8.04,4.51
66.1,0.131,2.86,47.5,35.0,0.923,90.28,7.79,6.1
73.6,0.087,2.44,37.3,24.0,0.943,88.77,5.86,6.37
97.8,0.129,2.15,60.2,43.1,0.938,88.76,11.53,5.22
73.6,0.13,1.5,40.8,27.5,0.952,87.97,8.88,4.6
88.0,0.158,2.07,60.7,44.7,0.917,89.55,12.42,4.89
75.5,0.147,1.71,46.5,31.7,0.907,88.79,9.83,4.72
69.2,0.111,1.2,30.0,17.4,0.902,87.44,6.73,4.46
72.0,0.104,1.75,37.6,23.7,0.931,87.56,6.8,5.52
73.0,0.113,2.4,44.8,31.6,0.976,90.08,7.85,5.7
82.2,0.127,1.89,49.4,33.9,0.955,88.48,9.74,5.07
91.5,0.099,2.03,47.3,30.9,0.96,88.82,8.46,5.59
79.3,0.141,2.62,60.0,45.4,0.976,89.95,10.63,5.65
89.2,0.152,2.53,68.3,51.7,0.934,89.95,12.39,5.51
63.4,0.091,3.08,37.4,25.2,0.938,89.34,5.29,7.08
70.0,0.102,1.2,31.8,18.5,0.929,87.0,6.44,4.93
66.3,0.088,1.68,28.2,15.5,0.915,88.39,5.18,5.45
78.8,0.1,2.55,46.1,30.7,0.961,89.25,7.39,6.24
70.7,0.122,2.32,45.8,33.0,0.973,89.13,8.19,5.6
83.8,0.104,2.15,45.8,30.4,0.965,89.07,8.22,5.57
63.8,0.116,1.8,34.0,21.7,0.904,89.63,6.51,5.21
75.5,0.085,2.21,35.4,21.6,0.924,88.68,5.76,6.14
83.2,0.098,2.18,44.2,28.6,0.947,89.01,7.53,5.87
50.2,0.09,1.2,21.9,12.0,0.926,87.36,4.08,5.36
100.0,0.09,2.21,49.6,31.3,0.912,88.39,8.02,6.18
71.6,0.121,1.84,40.3,26.8,0.943,89.13,7.96,5.06
50.7,0.115,2.52,30.8,20.8,0.942,90.1,5.33,5.78
76.9,0.129,2.27,50.3,35.3,0.957,89.21,9.28,5.41
75.4,0.124,3.08,55.1,41.8,0.98,90.35,8.94,6.16
74.0,0.129,2.1,47.3,33.2,0.952,89.27,8.87,5.33
86.9,0.098,1.55,39.0,22.5,0.925,88.18,7.65,5.1
84.0,0.129,1.2,41.9,27.1,0.977,87.36,10.3,4.07
78.6,0.103,1.63,39.2,24.6,0.946,88.17,7.45,5.26
80.4,0.135,2.29,54.8,39.8,0.952,89.43,10.1,5.43
73.7,0.135,2.42,49.0,35.5,0.929,89.88,9.03,5.42
96.3,0.102,1.8,47.2,29.5,0.936,87.8,8.98,5.25
57.2,0.127,1.88,33.5,21.8,0.933,89.33,6.6,5.08
76.7,0.126,2.13,48.3,33.7,0.975,89.68,9.15,5.28
75.8,0.091,2.29,39.6,24.8,0.965,89.15,6.46,6.13
84.8,0.095,2.61,45.7,30.6,0.907,88.52,7.11,6.43
64.9,0.094,1.81,30.9,18.6,0.925,88.09,5.51,5.61
54.1,0.118,1.73,28.2,18.2,0.904,88.9,5.63,5.01
76.9,0.097,3.11,47.5,33.4,0.941,89.24,6.88,6.9
78.4,0.088,2.99,43.9,29.1,0.922,89.65,6.22,7.05
92.9,0.115,1.84,48.4,31.4,0.906,88.29,9.46,5.12
59.8,0.125,2.67,40.5,29.2,0.962,90.1,7.02,5.77
88.9,0.095,3.2,52.9,36.8,0.907,90.02,7.5,7.06
100.0,0.122,2.76,65.1,47.9,0.922,89.32,10.94,5.95
70.5,0.117,1.72,38.8,25.5,0.962,88.25,7.71,5.03
59.5,0.127,2.15,37.0,24.9,0.941,89.65,6.94,5.33
70.1,0.143,1.22,37.5,24.9,0.965,87.8,9.43,3.97
75.2,0.088,1.62,33.0,19.0,0.933,88.09,6.05,5.45
81.8,0.112,2.09,47.6,31.9,0.965,89.41,8.58,5.54
67.9,0.103,2.21,36.5,24.1,0.943,88.74,6.41,5.71
93.7,0.082,1.75,39.4,22.5,0.907,88.26,6.83,5.77
61.6,0.16,1.2,36.4,24.1,0.938,87.74,9.02,4.04
54.1,0.094,2.2,29.7,18.0,0.944,89.73,4.69,6.33
88.3,0.107,2.46,52.4,36.1,0.949,88.38,8.73,6.0
50.0,0.096,2.48,29.7,19.6,0.974,90.36,4.57,6.5
72.6,0.101,2.0,36.0,22.8,0.915,88.72,6.5,5.53
100.0,0.138,2.03,65.1,46.9,0.948,88.47,12.75,5.1
74.9,0.108,2.22,42.9,29.0,0.96,89.45,7.56,5.67
61.6,0.138,2.3,43.2,31.3,0.971,89.95,8.07,5.36
74.3,0.115,2.05,42.5,28.5,0.942,89.19,7.86,5.41
74.4,0.093,1.2,30.7,16.9,0.917,87.28,6.18,4.97
76.9,0.139,2.8,58.9,44.1,0.965,89.89,10.03,5.87
82.9,0.165,1.87,59.5,44.0,0.972,89.15,13.0,4.58
62.5,0.127,1.49,32.4,20.7,0.909,87.96,7.02,4.62
95.3,0.145,1.9,60.1,43.4,0.918,88.84,12.35,4.87
77.9,0.092,2.16,40.1,25.1,0.97,88.65,6.81,5.89
83.7,0.099,1.8,42.3,26.4,0.939,88.33,7.6,5.57
67.5,0.104,1.83,33.5,20.6,0.914,88.73,6.22,5.38
90.4,0.085,1.94,40.0,24.0,0.952,88.89,7.17,5.58
71.9,0.092,2.28,36.3,22.9,0.937,88.77,6.03,6.02
78.3,0.148,1.7,49.5,34.7,0.977,88.78,11.04,4.48
63.8,0.132,2.27,41.8,30.0,0.918,89.48,7.55,5.53
63.0,0.13,1.41,33.4,20.5,0.929,87.7,7.4,4.51
83.3,0.138,3.1,63.7,48.8,0.913,90.93,10.26,6.2
69.7,0.104,2.64,41.0,28.4,0.904,89.16,6.42,6.39
64.8,0.089,1.96,32.2,19.8,0.922,88.88,5.17,6.23
67.3,0.087,2.27,34.4,21.1,0.966,89.63,5.53,6.22
83.4,0.111,1.52,39.5,25.1,0.921,87.49,8.3,4.75
67.5,0.114,2.38,40.1,27.6,0.956,89.76,7.16,5.6
73.6,0.112,2.52,43.9,31.2,0.942,88.9,7.55,5.81
75.2,0.091,2.23,40.0,25.4,0.942,88.65,6.29,6.35
52.0,0.105,2.55,31.8,21.8,0.963,89.9,5.13,6.19
57.3,0.111,2.1,34.1,22.2,0.949,89.2,5.9,5.77
79.0,0.101,2.05,39.8,25.8,0.913,89.3,7.09,5.61
66.2,0.088,1.77,30.0,17.9,0.918,88.47,5.24,5.73
87.7,0.109,2.38,51.9,36.0,0.944,89.27,8.76,5.92
86.6,0.102,1.68,42.4,26.3,0.968,87.87,8.3,5.1
83.6,0.104,2.31,46.1,30.7,0.912,88.66,7.72,5.97
96.8,0.101,2.25,50.4,33.1,0.909,88.34,8.68,5.8
74.0,0.102,2.77,42.3,29.5,0.941,89.14,6.9,6.13
82.8,0.129,2.39,53.5,38.3,0.915,89.17,9.55,5.59
68.0,0.162,1.22,40.7,27.9,0.98,88.36,10.54,3.86
100.0,0.125,1.77,53.8,36.0,0.9,88.5,10.98,4.9
98.8,0.123,1.76,54.4,36.1,0.936,87.88,11.08,4.91
75.1,0.109,1.73,37.6,23.7,0.913,88.32,7.26,5.18
79.6,0.149,2.58,61.9,46.6,0.954,89.83,11.06,5.6
91.3,0.097,1.2,39.6,22.8,0.95,87.78,8.21,4.82
73.2,0.098,2.81,44.4,30.5,0.965,89.46,6.74,6.59
67.1,0.138,2.6,49.2,36.1,0.945,90.06,8.52,5.77
85.5,0.135,2.19,54.2,38.4,0.915,88.92,10.3,5.26
75.9,0.147,2.27,51.0,37.0,0.904,89.88,9.83,5.19
77.2,0.116,2.14,44.7,30.1,0.958,89.58,8.35,5.35
65.0,0.096,2.18,33.9,21.1,0.935,89.03,5.68,5.96
54.4,0.104,2.66,32.5,21.6,0.918,89.94,5.04,6.45
77.8,0.09,1.99,36.2,22.4,0.92,88.8,6.3,5.75
85.9,0.136,2.4,56.9,40.9,0.912,89.48,10.37,5.49
72.3,0.109,1.66,34.9,21.1,0.923,88.84,7.12,4.91
92.2,0.123,2.37,59.3,42.2,0.963,88.9,10.68,5.55
66.6,0.132,1.96,41.6,29.1,0.95,88.93,8.14,5.11
62.3,0.121,2.31,39.5,27.8,0.979,89.56,7.21,5.47
74.2,0.095,1.67,34.4,20.5,0.942,88.06,6.46,5.32
74.0,0.104,2.32,41.1,26.9,0.942,88.16,7.04,5.84
84.2,0.086,2.08,38.5,23.6,0.915,88.3,6.44,5.98
65.7,0.088,2.88,37.2,24.6,0.947,88.73,5.31,7.0
91.4,0.108,2.23,50.5,34.7,0.949,88.78,9.17,5.51
98.6,0.118,2.35,58.9,41.7,0.917,89.26,10.44,5.64
74.5,0.145,1.88,47.5,33.1,0.907,89.17,9.56,4.97
90.0,0.117,2.26,54.5,38.0,0.93,89.09,9.58,5.69
62.3,0.124,2.34,37.9,26.4,0.914,89.56,6.88,5.51
87.9,0.089,1.92,41.4,25.0,0.94,88.42,7.16,5.77
87.6,0.133,1.88,51.2,35.4,0.942,89.81,10.72,4.78
85.4,0.107,1.7,43.3,27.5,0.949,88.11,8.45,5.13
74.8,0.118,2.06,43.9,29.8,0.948,89.07,8.17,5.38
50.0,0.138,1.77,30.1,19.8,0.954,88.96,6.41,4.69
67.3,0.116,2.25,40.2,27.1,0.918,88.7,7.0,5.74
67.5,0.108,1.7,34.4,21.7,0.958,88.61,6.79,5.06
63.3,0.127,2.04,37.6,25.6,0.942,89.72,7.39,5.09
76.5,0.127,1.63,42.0,27.2,0.935,89.28,8.87,4.74
70.0,0.094,2.67,40.4,27.6,0.952,89.31,6.11,6.62
65.1,0.113,2.11,37.7,25.1,0.94,89.13,6.75,5.59
62.3,0.114,2.11,35.0,23.3,0.942,89.6,6.53,5.36
66.4,0.131,2.4,42.6,30.0,0.902,90.29,7.64,5.58
88.5,0.11,2.99,58.7,41.9,0.964,89.01,9.15,6.42
67.1,0.102,2.14,34.7,22.4,0.934,89.32,6.25,5.55
68.8,0.11,1.35,32.9,20.5,0.941,88.36,6.96,4.73
69.5,0.095,2.69,40.3,26.6,0.931,89.32,6.01,6.71
79.1,0.085,1.42,33.1,18.4,0.944,87.05,6.2,5.34
80.5,0.115,1.85,42.4,27.8,0.904,88.94,8.19,5.18
50.0,0.107,2.7,31.9,22.0,0.931,89.38,4.86,6.56
87.3,0.113,1.93,47.8,32.0,0.953,89.08,9.19,5.21
92.2,0.121,1.81,51.7,35.0,0.975,89.2,10.63,4.86
62.4,0.119,2.24,39.3,26.7,0.968,89.29,7.03,5.58
63.3,0.136,2.1,41.4,29.6,0.977,90.1,8.23,5.03
69.6,0.11,1.75,36.2,23.1,0.963,88.82,7.15,5.06
65.9,0.143,2.54,48.9,36.8,0.951,90.42,8.71,5.62
77.7,0.129,2.71,53.3,39.0,0.934,89.47,9.09,5.87
51.6,0.107,2.79,31.3,21.3,0.91,90.09,4.89,6.4
61.6,0.124,2.38,37.9,25.9,0.92,89.74,6.83,5.54
93.5,0.101,1.75,45.3,28.4,0.922,87.85,8.46,5.36
63.9,0.125,1.47,34.0,21.6,0.934,88.16,7.25,4.69
89.9,0.104,1.2,40.9,24.0,0.949,87.05,8.65,4.73
79.3,0.122,2.62,52.1,37.9,0.949,89.15,8.98,5.8
53.3,0.136,2.2,35.0,24.4,0.936,89.34,6.62,5.28
82.6,0.125,1.89,45.8,31.3,0.922,88.37,9.3,4.93
73.6,0.12,1.2,34.7,20.9,0.905,87.01,7.77,4.47
69.5,0.128,1.51,38.4,25.0,0.979,88.42,8.47,4.53
77.9,0.121,1.22,38.4,24.1,0.975,87.11,8.95,4.3
80.7,0.15,2.82,62.8,47.8,0.915,90.42,10.82,5.81
83.5,0.125,2.42,55.3,39.9,0.948,88.87,9.66,5.73
89.1,0.131,1.45,47.8,31.3,0.924,88.09,10.48,4.56
79.9,0.115,2.92,52.2,37.9,0.916,89.48,8.23,6.34
58.5,0.101,1.74,30.3,18.5,0.955,88.6,5.51,5.5
69.3,0.112,2.27,40.9,27.9,0.963,89.55,7.29,5.61
100.0,0.091,2.28,49.6,32.3,0.933,87.67,8.24,6.02
83.7,0.129,2.05,48.3,33.3,0.905,88.31,9.53,5.07
100.0,0.138,1.95,61.6,44.1,0.932,88.77,12.57,4.9
91.7,0.161,2.12,66.1,49.7,0.943,89.32,13.55,4.88
77.9,0.127,1.96,47.5,33.3,0.971,88.5,9.34,5.08
78.6,0.122,2.22,47.8,33.9,0.953,89.94,8.88,5.39
74.6,0.123,2.24,45.6,32.4,0.957,88.93,8.57,5.33
54.1,0.132,1.84,31.8,21.2,0.916,89.05,6.37,5.0
75.2,0.136,2.65,54.9,40.3,0.958,90.2,9.55,5.75
89.5,0.097,1.68,42.5,26.1,0.94,87.78,7.94,5.35
67.8,0.106,2.3,39.8,27.2,0.966,88.97,6.75,5.9
79.9,0.091,1.93,37.5,23.2,0.917,88.64,6.54,5.74
85.2,0.097,1.67,40.5,25.3,0.941,87.79,7.58,5.34
64.1,0.115,1.96,35.3,23.2,0.917,89.2,6.56,5.39
69.6,0.133,1.77,39.7,26.7,0.923,89.09,8.36,4.76
62.8,0.14,2.43,44.5,32.2,0.967,90.01,8.27,5.38
65.1,0.089,2.05,31.1,18.8,0.955,89.27,5.4,5.76
59.5,0.099,2.78,36.3,24.3,0.958,89.53,5.53,6.58
64.2,0.126,1.62,33.6,21.8,0.905,88.45,7.13,4.71
92.0,0.103,1.2,39.8,23.5,0.958,86.77,8.83,4.51
64.0,0.093,2.3,33.8,21.4,0.939,88.19,5.47,6.17
76.5,0.106,2.96,48.6,34.5,0.937,89.65,7.43,6.54
69.0,0.092,2.34,37.0,24.2,0.933,89.02,5.76,6.42
89.1,0.094,1.63,41.2,25.2,0.968,88.01,7.88,5.23
90.7,0.103,1.59,42.1,26.1,0.914,87.58,8.37,5.03
85.4,0.11,3.11,57.9,43.1,0.965,90.01,8.84,6.55
78.7,0.116,1.91,43.8,29.4,0.974,88.72,8.69,5.04
72.2,0.091,1.59,30.7,17.6,0.913,88.32,5.86,5.23
60.7,0.119,2.7,42.2,30.4,0.98,89.65,6.89,6.12
98.3,0.099,2.03,51.1,33.3,0.979,88.61,9.3,5.49
65.9,0.105,1.2,29.4,17.1,0.95,86.68,6.38,4.6
83.0,0.092,3.14,48.1,33.0,0.921,88.6,6.87,7.0
87.7,0.163,2.39,68.0,51.6,0.934,89.68,13.06,5.21
68.3,0.165,1.34,40.3,27.7,0.914,88.35,10.03,4.02
87.5,0.096,2.8,49.4,33.1,0.91,89.18,7.46,6.63
84.2,0.116,1.58,45.3,29.3,0.956,88.01,9.1,4.97
95.7,0.108,1.55,47.7,30.3,0.946,87.63,9.51,5.02
69.4,0.098,1.65,33.4,20.5,0.945,88.52,6.28,5.32
59.6,0.112,3.07,39.9,28.4,0.92,90.56,6.01,6.63
68.9,0.084,3.12,38.0,24.6,0.919,90.39,5.21,7.28
77.5,0.087,1.83,35.1,20.8,0.979,88.71,6.4,5.48
75.7,0.108,2.95,50.6,35.5,0.95,88.8,7.56,6.69
70.3,0.084,1.2,28.3,15.4,0.966,87.27,5.53,5.12
52.1,0.11,2.56,32.6,22.0,0.93,90.13,5.2,6.28
80.6,0.095,2.78,47.4,32.1,0.967,89.25,7.21,6.58
98.7,0.11,2.85,63.5,46.3,0.958,89.56,10.17,6.24
80.6,0.108,2.14,44.2,29.2,0.928,89.08,7.9,5.59
82.3,0.139,2.38,57.2,42.1,0.957,89.52,10.66,5.36
81.9,0.11,1.74,42.3,27.3,0.974,88.49,8.59,4.92
79.8,0.126,2.11,47.9,32.8,0.917,88.96,8.97,5.34
86.2,0.09,2.02,41.7,26.0,0.944,87.87,7.17,5.82
79.7,0.116,1.99,46.4,31.1,0.977,88.22,8.8,5.27
71.2,0.112,2.67,44.4,31.5,0.966,89.89,7.51,5.91
65.4,0.112,2.21,37.8,25.8,0.95,88.95,6.81,5.56
72.0,0.112,2.95,46.6,33.2,0.906,89.16,7.1,6.56
78.8,0.139,2.22,52.1,37.8,0.933,88.91,9.98,5.22
71.2,0.121,3.2,52.4,39.4,0.952,89.75,8.02,6.54
78.8,0.118,2.71,48.6,34.9,0.933,90.08,8.42,5.77
80.3,0.105,2.06,44.9,29.7,0.98,88.78,8.09,5.56
85.0,0.124,2.19,53.2,37.4,0.96,88.63,9.87,5.39
90.4,0.138,1.68,52.7,36.0,0.915,89.01,11.13,4.74
75.9,0.118,2.18,44.5,30.7,0.939,89.31,8.23,5.4
59.3,0.106,1.61,29.9,18.2,0.931,88.31,5.71,5.23
70.9,0.122,2.77,49.9,35.7,0.948,89.92,7.97,6.27
75.5,0.107,1.93,39.9,25.6,0.936,88.76,7.39,5.4
53.0,0.13,2.28,34.4,23.9,0.919,89.52,6.17,5.57
91.7,0.11,1.2,42.0,25.2,0.958,86.71,9.45,4.44
76.7,0.097,1.97,37.1,22.4,0.909,88.24,6.61,5.62
79.6,0.159,1.91,54.3,40.0,0.943,89.13,11.6,4.68
91.4,0.141,2.56,64.4,47.8,0.925,89.88,11.64,5.54
67.4,0.134,2.36,46.1,33.3,0.977,90.0,8.63,5.35
81.9,0.113,2.61,50.9,35.7,0.924,89.33,8.33,6.11
73.7,0.11,2.32,42.9,29.4,0.927,89.21,7.33,5.86
72.8,0.137,2.72,53.8,40.9,0.957,89.51,9.28,5.79
65.7,0.092,2.31,33.9,21.3,0.91,89.3,5.39,6.28
95.0,0.119,1.41,48.0,29.8,0.926,87.11,10.19,4.71
70.5,0.109,2.05,39.6,26.2,0.956,89.31,7.14,5.55
83.4,0.102,2.08,43.2,28.3,0.902,88.92,7.51,5.75
52.5,0.1,1.2,22.4,12.2,0.925,87.27,4.73,4.73
89.2,0.147,1.59,51.1,35.0,0.901,88.59,11.49,4.45
87.6,0.132,3.12,66.7,50.0,0.912,89.65,10.27,6.49
76.2,0.1,1.96,37.8,23.6,0.948,88.77,7.04,5.37
72.3,0.089,2.05,35.2,21.2,0.937,88.82,5.89,5.97
79.8,0.086,1.2,31.3,16.4,0.912,87.2,6.14,5.09
100.0,0.122,1.43,49.1,31.1,0.906,87.77,10.82,4.54
53.8,0.169,2.34,40.1,29.9,0.905,90.65,8.02,5.0
84.4,0.116,1.87,46.0,30.2,0.907,88.78,8.66,5.32
64.1,0.092,1.55,27.5,15.5,0.908,88.04,5.22,5.27
74.8,0.123,2.75,49.6,35.2,0.907,89.87,8.11,6.12
72.0,0.105,1.75,36.1,22.6,0.904,88.62,6.69,5.4
69.9,0.106,1.45,31.7,18.5,0.956,87.79,6.93,4.57
74.9,0.122,2.12,46.8,33.1,0.975,88.7,8.71,5.37
61.4,0.089,1.69,29.5,17.9,0.968,88.18,5.17,5.71
87.4,0.15,1.69,52.8,37.0,0.921,88.52,11.77,4.49
53.5,0.118,2.07,30.5,20.0,0.916,89.59,5.63,5.42
81.5,0.119,1.78,44.1,28.4,0.904,88.55,8.54,5.16
71.1,0.1,1.27,30.3,17.5,0.912,87.03,6.35,4.77
60.9,0.089,2.38,32.3,20.5,0.945,89.2,5.01,6.45
77.4,0.113,2.53,50.1,35.0,0.98,89.29,8.34,6.0
56.3,0.104,1.97,30.5,20.0,0.969,88.75,5.53,5.51
75.5,0.133,2.41,52.5,38.5,0.941,90.09,9.18,5.71
57.9,0.092,1.92,27.4,15.8,0.934,88.75,4.85,5.65
80.5,0.143,1.2,42.3,27.8,0.912,87.18,10.21,4.14
63.9,0.086,2.55,34.6,21.8,0.933,88.71,4.98,6.95
69.6,0.12,2.05,40.6,27.0,0.948,89.19,7.7,5.28
78.5,0.093,2.18,39.5,24.9,0.948,89.03,6.77,5.84
65.7,0.088,2.05,31.0,19.6,0.945,88.61,5.35,5.78
74.3,0.116,2.01,41.7,28.0,0.966,89.04,8.1,5.15
56.8,0.109,2.17,32.3,20.8,0.941,88.97,5.66,5.71
82.6,0.171,2.18,63.2,48.2,0.938,89.64,12.89,4.91
96.2,0.108,2.73,57.8,40.4,0.924,89.56,9.32,6.2
100.0,0.124,2.32,62.0,43.1,0.914,88.95,11.05,5.61
76.1,0.099,2.69,42.4,28.1,0.9,89.13,6.58,6.44
84.5,0.118,2.85,55.4,39.8,0.926,90.01,8.98,6.17
53.6,0.111,1.29,25.9,15.4,0.951,87.85,5.52,4.68
93.0,0.087,2.74,50.4,32.9,0.945,88.81,7.46,6.76
84.3,0.132,2.43,57.2,41.3,0.942,89.15,10.21,5.6
69.2,0.141,2.34,49.3,36.4,0.962,89.32,9.15,5.39
89.8,0.113,2.59,54.5,38.4,0.919,89.41,9.07,6.01
71.9,0.16,1.97,50.1,36.9,0.954,89.76,10.7,4.69
69.5,0.114,2.4,41.6,28.7,0.949,89.44,7.32,5.69
80.7,0.11,1.57,39.4,24.8,0.927,88.01,8.01,4.92
62.2,0.107,1.39,30.3,18.3,0.917,88.1,5.98,5.06
87.3,0.1,2.37,49.0,32.7,0.945,88.48,8.04,6.09
62.3,0.123,2.07,37.1,25.4,0.976,89.35,7.31,5.07
62.4,0.118,2.1,34.2,22.5,0.906,89.31,6.5,5.26
64.1,0.143,1.7,39.4,27.4,0.976,89.14,8.74,4.51
84.1,0.086,2.3,40.3,24.7,0.937,88.96,6.58,6.12
67.6,0.129,1.89,39.4,27.0,0.957,88.94,8.15,4.84
58.8,0.094,2.08,28.1,17.3,0.964,89.69,5.21,5.41
67.7,0.116,1.86,36.5,23.8,0.912,88.49,6.97,5.24
74.6,0.109,1.7,36.3,22.4,0.904,88.25,7.18,5.06
60.8,0.084,2.0,27.0,15.3,0.91,89.09,4.53,5.95
61.2,0.091,2.69,33.3,21.5,0.927,89.27,5.05,6.59
100.0,0.153,1.86,67.3,49.0,0.977,88.89,14.59,4.61
64.7,0.109,2.04,34.9,22.1,0.903,88.9,6.2,5.63
71.1,0.128,1.97,42.8,29.5,0.974,88.99,8.65,4.95
70.6,0.116,1.78,38.9,25.6,0.945,88.26,7.56,5.15
69.9,0.105,2.71,42.3,28.4,0.908,89.8,6.51,6.51
82.5,0.09,1.42,34.5,19.4,0.912,87.73,6.61,5.21
86.4,0.163,2.06,62.4,46.7,0.955,89.71,13.13,4.75
71.3,0.127,1.68,40.1,27.2,0.949,88.49,8.35,4.8
60.2,0.13,2.38,39.7,27.8,0.913,89.87,6.97,5.7
90.3,0.099,2.17,47.5,31.6,0.972,89.43,8.48,5.6
73.9,0.126,2.69,49.9,36.3,0.911,89.82,8.27,6.03
95.8,0.085,2.47,46.8,29.9,0.941,88.35,7.5,6.24
50.0,0.086,2.14,24.3,14.8,0.942,88.86,3.97,6.13
77.3,0.114,2.47,48.6,33.6,0.97,89.06,8.32,5.85
98.0,0.097,2.52,51.8,34.0,0.902,89.36,8.34,6.21
70.8,0.1,1.64,32.9,20.2,0.911,88.4,6.28,5.24
72.3,0.101,2.49,41.4,27.7,0.914,88.76,6.51,6.35
78.5,0.101,2.25,42.4,27.4,0.905,89.47,6.99,6.06
68.3,0.093,2.34,36.1,23.0,0.951,89.35,5.86,6.17
71.3,0.157,1.9,47.8,33.9,0.918,89.44,10.03,4.76
70.9,0.105,1.67,36.1,22.5,0.946,88.91,6.9,5.23
67.5,0.103,1.58,32.6,19.4,0.963,88.14,6.51,5.0
89.7,0.094,1.2,37.8,21.4,0.933,87.22,7.71,4.9
80.5,0.113,1.75,43.3,27.8,0.962,87.69,8.53,5.08
78.0,0.161,3.2,72.6,57.8,0.962,90.04,11.8,6.15
84.7,0.112,2.51,50.4,34.7,0.921,89.55,8.51,5.92
71.8,0.145,2.26,47.9,34.8,0.901,90.24,9.16,5.23
65.7,0.117,2.58,41.0,28.0,0.908,89.23,6.78,6.04
67.8,0.104,1.97,36.3,23.0,0.966,88.74,6.61,5.5
75.0,0.083,1.9,34.5,19.6,0.932,88.5,5.67,6.09
62.3,0.109,1.95,34.2,22.3,0.967,88.68,6.38,5.36
69.0,0.112,1.73,34.8,21.6,0.944,88.51,7.12,4.88
68.8,0.096,1.77,33.9,20.8,0.916,89.03,5.89,5.76
100.0,0.108,2.09,55.1,37.9,0.957,88.24,10.04,5.49
50.0,0.096,2.13,25.9,15.5,0.945,89.17,4.4,5.88
72.8,0.102,2.76,43.1,29.2,0.928,89.58,6.72,6.42
95.7,0.098,2.61,52.2,35.0,0.907,89.16,8.26,6.32
76.5,0.11,1.36,35.5,21.6,0.908,87.31,7.47,4.75
84.0,0.095,1.95,40.2,25.2,0.915,88.45,7.1,5.66
76.2,0.143,1.55,44.5,30.1,0.954,88.4,10.17,4.38
67.0,0.116,1.2,33.0,20.5,0.958,87.44,7.24,4.55
50.0,0.093,2.14,26.0,15.8,0.95,88.82,4.3,6.03
77.5,0.098,2.39,42.6,28.3,0.927,89.56,6.85,6.23
65.7,0.101,2.14,34.7,22.1,0.935,89.18,6.07,5.71
65.4,0.128,2.32,43.9,30.9,0.957,89.97,7.81,5.62
69.0,0.126,1.93,41.5,28.2,0.953,88.89,8.09,5.13
95.9,0.094,1.59,43.3,25.8,0.962,87.27,8.46,5.12
100.0,0.151,1.92,65.0,47.2,0.919,88.57,13.54,4.8
77.6,0.107,2.78,47.1,32.5,0.9,89.73,7.31,6.44
69.4,0.106,2.29,39.3,26.2,0.921,89.1,6.62,5.94
60.9,0.104,1.34,27.0,15.7,0.928,87.16,5.75,4.69
80.6,0.106,2.17,45.2,30.4,0.977,89.02,8.16,5.55
96.4,0.11,2.74,60.1,42.2,0.917,89.1,9.48,6.35
72.0,0.098,2.48,39.3,26.1,0.966,89.16,6.63,5.92
50.0,0.102,2.74,30.2,20.1,0.95,89.21,4.72,6.41
83.0,0.098,1.36,35.9,20.7,0.913,86.84,7.26,4.95
86.8,0.097,2.16,44.8,28.9,0.932,88.57,7.68,5.84
56.0,0.106,1.93,29.7,18.8,0.941,88.71,5.46,5.45
77.1,0.102,2.4,43.4,28.9,0.928,88.98,7.1,6.11
80.4,0.133,1.68,44.6,30.1,0.918,88.86,9.55,4.67
74.1,0.12,1.67,40.1,26.0,0.92,88.13,7.99,5.02
65.5,0.115,2.1,37.8,25.5,0.947,88.9,6.93,5.46
87.2,0.122,1.64,46.4,30.4,0.955,88.08,9.88,4.7
70.2,0.137,2.23,46.9,33.5,0.938,89.22,8.8,5.33
57.2,0.126,1.2,29.3,18.0,0.975,87.53,6.84,4.28
50.4,0.125,2.69,34.7,24.7,0.958,90.41,5.87,5.91
90.1,0.088,1.2,35.2,19.2,0.971,86.56,7.55,4.66
82.4,0.1,2.55,45.7,30.8,0.938,89.28,7.54,6.07
76.1,0.114,1.81,39.1,25.0,0.901,87.83,7.6,5.14
69.7,0.127,1.38,36.3,23.9,0.947,88.0,8.2,4.43
68.7,0.123,2.18,42.1,29.3,0.965,89.88,7.93,5.31
62.1,0.101,2.54,37.2,24.8,0.943,89.54,5.79,6.42
69.8,0.091,2.68,37.4,24.6,0.945,89.39,5.84,6.4
50.0,0.114,2.66,33.1,22.8,0.978,90.01,5.43,6.09
66.2,0.092,1.67,29.5,17.1,0.929,88.84,5.54,5.33
71.3,0.111,2.2,40.8,27.6,0.964,89.67,7.42,5.5
82.3,0.105,1.21,36.4,21.3,0.94,86.66,7.91,4.61
74.5,0.092,2.14,37.5,23.5,0.937,89.27,6.25,6.0
84.5,0.129,2.27,53.3,37.9,0.912,89.76,9.71,5.48
91.2,0.134,1.91,54.7,38.3,0.96,88.22,11.43,4.78
87.7,0.11,1.2,41.9,25.4,0.966,86.97,9.09,4.61
80.6,0.102,1.8,39.2,24.2,0.934,88.61,7.48,5.23
75.1,0.134,3.05,58.6,45.2,0.961,88.98,9.43,6.22
63.2,0.118,2.3,38.6,27.3,0.946,89.26,6.91,5.59
83.9,0.099,1.86,41.7,25.7,0.921,88.17,7.43,5.61
95.2,0.128,2.02,59.7,42.1,0.974,88.61,11.57,5.16
79.1,0.101,2.29,44.0,29.3,0.956,89.41,7.42,5.93
98.0,0.166,1.33,60.8,43.1,0.97,87.85,15.41,3.95
56.7,0.112,1.35,27.6,16.5,0.923,88.07,5.74,4.81
61.2,0.128,1.73,35.1,23.3,0.973,88.94,7.45,4.71
85.3,0.154,1.84,54.8,39.1,0.929,89.91,11.89,4.61
78.2,0.111,3.0,49.8,34.8,0.901,89.96,7.59,6.55
90.8,0.086,2.14,41.3,24.4,0.906,88.53,6.93,5.95
74.8,0.095,1.84,34.7,20.7,0.907,88.4,6.29,5.52
64.6,0.12,2.13,37.2,24.8,0.917,89.08,6.9,5.4
72.4,0.116,1.2,33.4,19.4,0.915,86.92,7.53,4.43
56.6,0.092,1.65,26.3,15.0,0.905,87.97,4.61,5.69
61.5,0.124,1.73,34.5,22.7,0.972,89.19,7.21,4.78
86.7,0.124,1.59,46.6,31.8,0.966,87.89,10.12,4.6
85.5,0.106,2.72,51.9,35.9,0.961,89.54,8.45,6.14
79.4,0.163,2.43,62.3,47.1,0.938,89.73,11.84,5.26
54.3,0.101,1.49,25.3,14.7,0.934,87.93,5.0,5.05
70.7,0.117,1.47,35.8,23.0,0.934,87.96,7.56,4.74
60.3,0.095,1.47,27.1,15.1,0.921,88.6,5.15,5.27
89.1,0.096,2.01,44.8,28.1,0.949,89.59,7.93,5.64
68.0,0.098,2.2,34.0,21.5,0.905,88.96,5.86,5.81
62.0,0.121,2.31,39.7,27.6,0.953,89.4,6.97,5.7
75.4,0.103,1.59,35.7,21.9,0.941,88.46,7.11,5.02
67.3,0.106,2.01,35.8,22.9,0.965,89.04,6.75,5.31
92.8,0.123,2.07,57.3,39.9,0.978,88.64,10.84,5.28
66.2,0.093,2.7,38.2,25.4,0.97,89.61,5.82,6.56
58.2,0.103,2.49,33.8,22.7,0.958,89.82,5.62,6.01
50.0,0.129,1.38,26.2,16.5,0.935,88.22,5.88,4.47
74.6,0.153,1.2,41.1,26.4,0.917,87.6,10.24,4.01
68.3,0.13,2.04,43.5,30.0,0.953,89.89,8.25,5.27
57.9,0.109,1.78,30.2,19.1,0.916,88.53,5.65,5.34
89.3,0.125,1.62,46.2,29.9,0.902,88.04,9.79,4.72
83.0,0.122,1.72,45.5,30.3,0.946,88.33,9.37,4.85
74.7,0.126,2.39,47.3,33.2,0.932,90.09,8.52,5.55
91.4,0.111,1.35,43.5,26.6,0.97,86.69,9.63,4.52
83.0,0.097,3.02,51.7,36.2,0.952,89.68,7.48,6.91
65.1,0.116,1.74,35.2,22.5,0.952,88.71,6.99,5.03
62.5,0.167,2.42,49.9,38.2,0.963,90.83,9.8,5.09
84.8,0.128,1.77,47.0,31.4,0.927,88.74,9.81,4.79
79.8,0.112,1.34,39.1,24.0,0.977,86.79,8.51,4.59
77.0,0.137,2.03,47.0,32.1,0.918,89.78,9.42,4.99
64.8,0.088,1.47,27.4,15.9,0.97,87.74,5.39,5.08
82.3,0.107,2.17,47.7,32.3,0.973,88.24,8.37,5.7
65.9,0.127,2.09,40.4,27.4,0.903,89.2,7.38,5.47
73.8,0.136,1.75,43.5,30.5,0.951,88.86,9.29,4.68
92.4,0.101,2.18,51.7,34.4,0.96,88.37,8.73,5.92
67.1,0.092,2.62,38.8,25.2,0.976,88.83,5.85,6.63
56.1,0.124,2.05,32.7,21.7,0.92,89.5,6.22,5.26
62.4,0.109,1.74,33.0,20.8,0.945,88.23,6.24,5.29
86.9,0.128,2.3,56.2,40.6,0.962,88.9,10.4,5.4
78.1,0.116,2.32,46.7,31.3,0.912,89.75,8.06,5.79
73.5,0.123,1.96,43.7,29.9,0.968,88.9,8.5,5.15
68.9,0.117,2.79,44.4,32.4,0.932,89.31,7.32,6.06
80.8,0.122,1.95,48.4,33.1,0.951,88.57,9.14,5.3
64.8,0.089,2.84,33.9,21.9,0.903,89.62,5.07,6.68
78.7,0.099,1.77,37.7,23.3,0.918,88.51,6.94,5.43
66.2,0.118,2.53,42.1,29.4,0.938,89.86,7.12,5.92
64.2,0.098,1.99,32.5,20.2,0.923,89.18,5.65,5.74
67.4,0.144,2.23,47.6,34.7,0.977,89.8,9.24,5.15
70.5,0.116,1.2,34.6,21.1,0.964,87.5,7.66,4.52
74.4,0.14,3.18,63.1,48.7,0.969,89.92,9.85,6.41
77.8,0.091,2.26,38.5,24.6,0.937,88.53,6.49,5.94
50.0,0.15,2.61,39.6,29.4,0.938,90.79,6.88,5.76
65.3,0.099,1.41,30.2,17.7,0.964,88.1,6.08,4.96
70.3,0.086,2.19,33.5,20.3,0.931,88.8,5.49,6.1
93.1,0.094,2.01,44.1,27.7,0.938,88.22,8.02,5.5
62.0,0.156,1.57,39.2,27.1,0.942,89.71,8.86,4.42
77.0,0.11,2.74,47.9,33.9,0.949,89.18,7.8,6.14
92.9,0.115,2.17,53.6,37.4,0.952,88.97,9.89,5.41
59.2,0.107,2.07,33.7,22.3,0.954,88.96,5.92,5.7
79.7,0.116,2.41,48.5,33.5,0.936,89.18,8.45,5.73
65.4,0.138,1.67,38.7,26.6,0.924,88.59,8.14,4.76
68.9,0.117,2.18,40.4,28.1,0.974,88.52,7.64,5.29
65.4,0.142,2.15,45.5,33.1,0.966,89.73,8.75,5.21
66.2,0.12,2.17,40.0,27.0,0.9,89.57,6.97,5.75
100.0,0.102,2.61,58.4,40.7,0.941,88.76,9.39,6.22
85.1,0.115,1.89,45.3,30.2,0.922,89.57,8.84,5.12
88.2,0.093,1.84,41.6,26.1,0.951,88.35,7.58,5.48
80.9,0.104,1.79,39.9,25.3,0.94,88.48,7.69,5.19
55.7,0.114,1.77,28.4,17.5,0.902,89.03,5.59,5.08
79.7,0.111,2.65,49.7,35.1,0.958,89.22,8.28,6.0
87.9,0.114,2.06,50.4,34.3,0.922,88.49,9.04,5.58
64.8,0.137,2.61,45.5,33.1,0.921,89.67,7.98,5.7
86.6,0.102,2.24,46.5,30.3,0.903,88.7,7.75,6.0
83.5,0.125,1.66,46.3,31.0,0.966,88.61,9.85,4.7
97.2,0.113,1.35,46.4,28.5,0.946,87.18,10.18,4.55
70.0,0.144,1.37,40.2,27.0,0.939,88.38,9.22,4.36
61.8,0.093,1.65,28.9,17.0,0.954,87.89,5.33,5.43
70.7,0.149,2.61,54.1,40.7,0.928,89.76,9.52,5.69
92.2,0.101,2.75,55.9,39.6,0.946,88.93,8.61,6.49
53.1,0.096,2.15,27.5,17.0,0.92,87.89,4.57,6.02
50.2,0.141,2.56,36.0,26.2,0.905,90.01,6.23,5.77
76.1,0.114,1.82,41.2,27.3,0.945,88.31,8.02,5.13
69.7,0.136,1.79,40.9,27.6,0.918,89.13,8.47,4.83
75.1,0.096,2.49,42.2,28.0,0.96,89.46,6.77,6.23
86.3,0.092,2.18,43.8,28.2,0.936,88.24,7.27,6.02
68.4,0.103,2.47,39.5,26.3,0.92,89.29,6.33,6.24
52.5,0.089,2.13,26.3,16.0,0.949,88.68,4.32,6.09
99.5,0.103,1.91,48.0,29.8,0.909,88.44,9.11,5.28
63.0,0.138,1.99,40.8,27.8,0.961,89.16,8.14,5.01
62.3,0.118,2.25,39.0,26.9,0.936,89.29,6.73,5.8
88.2,0.11,2.22,50.3,34.2,0.965,88.88,9.15,5.5
70.4,0.105,1.63,34.3,21.3,0.911,88.41,6.59,5.21
74.2,0.1,2.04,37.4,23.4,0.931,88.86,6.73,5.56
80.8,0.114,1.34,36.9,22.4,0.914,87.68,8.2,4.5
88.0,0.098,1.93,42.7,26.7,0.905,88.71,7.6,5.62
71.0,0.119,1.64,39.1,26.1,0.976,88.43,8.03,4.87
93.2,0.128,1.2,47.3,30.0,0.958,86.73,11.13,4.25
50.0,0.087,3.2,29.4,19.7,0.926,89.26,3.94,7.48
84.1,0.132,1.71,46.6,31.2,0.92,88.31,9.92,4.7
64.9,0.103,1.63,29.1,17.4,0.916,88.43,5.98,4.87
91.5,0.087,2.91,48.6,32.1,0.903,88.61,6.99,6.96
76.7,0.115,1.51,37.5,23.4,0.908,88.45,7.81,4.81
66.9,0.128,1.37,33.9,21.5,0.908,87.65,7.58,4.47
83.0,0.098,2.0,43.2,28.1,0.953,88.59,7.53,5.74
85.7,0.085,1.85,36.6,21.9,0.948,88.75,6.77,5.41
82.7,0.091,1.78,37.7,22.9,0.945,88.17,6.97,5.41
62.6,0.093,1.64,29.5,18.1,0.959,87.91,5.43,5.43
69.2,0.098,2.01,35.6,22.2,0.92,87.97,6.07,5.85
75.0,0.151,2.92,60.0,46.0,0.927,90.26,10.24,5.86
74.5,0.128,1.29,34.9,22.0,0.91,87.79,8.49,4.11
84.0,0.116,2.52,52.8,37.0,0.947,89.54,9.02,5.86
50.8,0.102,2.87,32.0,21.7,0.975,89.91,4.93,6.48
79.0,0.113,1.79,42.3,27.7,0.969,88.37,8.45,5.01
71.5,0.133,2.29,48.8,35.2,0.944,89.26,8.74,5.58
64.9,0.139,2.04,41.5,29.2,0.952,89.45,8.35,4.97
66.1,0.11,1.24,30.7,18.3,0.979,87.77,6.96,4.41
72.4,0.102,2.71,44.1,30.4,0.941,88.42,6.78,6.49
50.0,0.115,2.12,30.1,20.1,0.97,89.81,5.45,5.52
66.6,0.117,1.84,37.1,24.8,0.94,88.77,7.12,5.22
64.5,0.096,1.34,28.5,15.8,0.904,87.52,5.47,5.2
81.4,0.109,2.36,47.7,33.0,0.975,89.42,8.47,5.63
65.3,0.114,2.18,37.4,25.1,0.909,89.24,6.63,5.64
72.4,0.128,2.4,48.4,34.4,0.956,89.64,8.62,5.61
93.5,0.148,2.38,65.9,48.5,0.919,88.9,12.43,5.3
86.9,0.14,1.69,54.4,38.1,0.972,88.49,11.51,4.72
85.8,0.132,1.2,41.1,26.0,0.916,87.42,10.09,4.07
69.0,0.092,2.05,33.3,20.4,0.911,88.7,5.67,5.88
81.5,0.122,2.01,46.7,32.1,0.935,88.85,9.1,5.13
72.2,0.16,2.18,52.7,39.5,0.94,89.81,10.61,4.96
72.6,0.098,2.86,43.7,30.3,0.966,89.63,6.69,6.54
79.9,0.112,2.08,45.2,30.5,0.961,89.47,8.35,5.41
67.8,0.137,2.45,46.0,33.4,0.926,89.93,8.37,5.5
92.9,0.098,2.29,48.5,32.7,0.931,89.28,8.28,5.86
73.1,0.139,1.41,40.2,26.4,0.946,88.11,9.34,4.3
82.4,0.108,1.45,39.2,24.1,0.944,86.94,8.23,4.77
92.5,0.12,2.68,61.6,44.3,0.969,89.21,10.47,5.88
87.4,0.115,1.66,45.2,29.3,0.938,87.94,9.18,4.93
58.1,0.124,2.28,37.8,27.2,0.971,89.61,6.84,5.52
80.3,0.099,1.59,36.2,21.9,0.916,87.88,7.12,5.08
85.2,0.097,2.47,47.8,32.9,0.969,89.14,7.78,6.15
85.7,0.117,2.22,49.3,33.7,0.924,88.84,9.02,5.47
61.6,0.109,1.95,33.7,21.2,0.963,89.1,6.32,5.33
67.1,0.111,2.43,41.3,28.4,0.945,89.59,6.85,6.03
86.9,0.102,2.23,47.9,31.9,0.97,88.89,8.39,5.71
65.9,0.122,1.74,35.0,22.9,0.919,88.27,7.21,4.85
71.4,0.085,2.11,34.5,20.9,0.956,89.09,5.67,6.09
93.9,0.132,2.43,64.3,47.4,0.968,89.54,11.72,5.49
74.4,0.133,2.65,54.4,40.4,0.962,89.71,9.31,5.84
66.3,0.115,2.04,38.0,25.2,0.945,88.5,7.04,5.39
64.5,0.111,2.99,42.3,30.2,0.954,89.92,6.64,6.37
79.0,0.137,1.73,45.9,31.1,0.916,88.56,9.67,4.74
59.0,0.147,1.32,33.6,21.4,0.917,88.02,7.74,4.34
72.0,0.135,1.39,39.7,25.7,0.921,88.06,8.75,4.54
79.0,0.115,2.1,45.2,30.2,0.966,89.52,8.56,5.28
90.6,0.111,2.11,49.9,32.5,0.913,88.85,8.92,5.6
83.0,0.15,2.16,57.8,41.7,0.924,89.4,11.19,5.17
66.4,0.09,1.77,32.8,19.6,0.974,88.25,5.66,5.79
89.1,0.107,3.2,59.3,43.5,0.96,89.48,8.91,6.66
71.4,0.105,2.86,44.3,31.3,0.959,89.59,7.04,6.29
60.2,0.111,1.53,29.8,18.6,0.936,88.51,6.08,4.89
72.9,0.098,2.05,36.8,22.7,0.956,88.66,6.68,5.5
92.3,0.155,2.12,65.3,48.2,0.945,89.04,13.18,4.95
77.0,0.131,2.44,50.8,36.3,0.906,89.41,8.88,5.72
75.2,0.15,1.34,42.8,29.2,0.946,88.03,10.41,4.12
94.6,0.1,1.24,41.0,23.5,0.936,86.87,8.62,4.76
57.8,0.11,1.49,26.8,15.7,0.909,88.23,5.63,4.77
59.6,0.092,2.85,33.1,21.6,0.928,89.25,4.94,6.69
55.6,0.098,1.77,28.9,17.7,0.972,88.67,5.16,5.61
79.5,0.132,2.5,55.1,40.4,0.964,89.83,9.88,5.57
77.0,0.099,2.39,42.8,28.5,0.973,89.58,7.2,5.94
93.5,0.084,2.01,42.1,25.7,0.957,88.67,7.34,5.73
77.9,0.094,2.51,42.1,28.2,0.951,89.14,6.82,6.17
70.2,0.12,1.49,35.5,21.8,0.911,88.11,7.47,4.75
75.0,0.119,1.86,41.3,27.2,0.909,89.25,7.91,5.22
76.4,0.12,1.2,35.0,21.2,0.92,87.21,8.23,4.26
54.9,0.115,2.15,32.4,21.4,0.925,89.73,5.68,5.7
100.0,0.095,1.7,47.4,29.4,0.949,87.87,8.8,5.39
81.2,0.087,3.19,48.1,33.6,0.97,88.51,6.67,7.21
77.5,0.142,2.13,51.8,37.5,0.971,89.63,10.42,4.97
82.4,0.129,2.51,56.3,41.0,0.955,89.85,9.88,5.7
83.5,0.104,2.43,46.8,32.1,0.946,89.02,8.02,5.84
73.3,0.168,2.06,53.4,39.3,0.92,89.28,11.02,4.85
67.4,0.143,2.6,51.3,38.4,0.975,90.49,9.18,5.58
82.2,0.085,2.12,39.5,23.7,0.954,88.57,6.46,6.12
79.6,0.105,2.34,45.1,29.9,0.943,89.0,7.66,5.89
65.3,0.146,3.2,54.7,41.6,0.908,90.46,8.45,6.47
92.0,0.096,2.2,47.7,31.3,0.966,89.66,8.33,5.72
78.5,0.102,1.84,38.0,23.2,0.928,88.68,7.26,5.24
83.8,0.087,1.75,38.6,23.1,0.972,88.16,6.88,5.6
91.7,0.112,2.06,51.1,33.8,0.913,88.77,9.14,5.59
75.3,0.088,2.16,36.5,21.9,0.904,89.39,5.82,6.28
78.8,0.084,2.13,37.9,22.6,0.935,88.86,6.02,6.3
84.7,0.085,1.31,32.9,17.5,0.906,87.35,6.34,5.19
66.3,0.095,1.2,26.1,14.0,0.905,87.2,5.55,4.7
75.6,0.106,1.62,37.1,23.3,0.957,88.39,7.47,4.96
76.5,0.112,2.13,43.8,29.4,0.921,88.96,7.7,5.68
63.5,0.091,2.13,31.6,19.9,0.951,89.05,5.34,5.91
100.0,0.135,2.33,67.8,49.8,0.946,88.93,12.41,5.47
58.1,0.12,2.28,36.2,25.0,0.911,89.41,6.22,5.82
59.4,0.089,1.85,26.7,16.1,0.931,88.83,4.8,5.57
90.8,0.13,1.59,48.6,31.9,0.905,87.96,10.43,4.66
83.6,0.12,2.36,51.3,35.7,0.934,89.31,9.1,5.64
62.7,0.096,2.21,32.9,20.4,0.915,89.03,5.39,6.1
82.3,0.11,1.55,38.8,23.9,0.908,87.62,8.0,4.85
92.6,0.108,2.41,53.1,36.7,0.925,89.11,9.03,5.87
74.6,0.138,2.58,52.0,38.2,0.9,90.05,9.02,5.76
100.0,0.107,2.49,57.8,40.3,0.961,88.51,9.99,5.79
54.3,0.129,2.58,38.0,27.1,0.913,90.2,6.25,6.09
83.3,0.116,1.72,44.1,28.7,0.95,88.02,8.93,4.94
89.0,0.116,2.53,55.6,39.9,0.967,89.74,9.71,5.73
85.7,0.156,2.02,60.7,45.2,0.973,89.51,12.69,4.78
72.5,0.091,3.12,43.4,29.2,0.945,89.05,6.1,7.11
71.5,0.093,2.55,38.9,25.5,0.963,89.56,6.22,6.26
80.3,0.11,2.31,45.6,31.0,0.936,88.94,8.05,5.66
84.8,0.088,2.96,47.3,31.9,0.939,88.89,6.83,6.92
82.2,0.102,1.85,40.9,25.7,0.944,88.73,7.73,5.29
87.5,0.149,2.38,64.7,48.0,0.954,89.99,12.12,5.34
62.8,0.131,3.2,48.2,36.6,0.954,90.33,7.66,6.3
72.3,0.139,2.51,53.2,39.0,0.963,89.65,9.44,5.63
63.7,0.102,2.18,33.9,21.9,0.949,89.24,6.03,5.63
70.4,0.097,1.97,37.1,23.4,0.971,88.56,6.47,5.74
87.2,0.118,1.62,46.0,30.5,0.957,88.12,9.63,4.78
76.3,0.121,1.96,44.2,29.4,0.974,89.1,8.8,5.02
100.0,0.12,1.69,55.4,36.7,0.96,87.65,11.21,4.94
77.3,0.103,1.98,39.9,24.8,0.959,88.92,7.48,5.34
75.7,0.092,2.04,37.2,23.1,0.969,88.23,6.57,5.66
76.3,0.118,2.59,50.2,35.9,0.952,89.08,8.34,6.01
67.3,0.118,1.9,36.3,23.8,0.914,89.19,7.08,5.13
74.3,0.134,1.8,43.6,30.1,0.907,88.61,8.79,4.96
88.5,0.127,2.54,59.2,42.7,0.925,89.07,10.12,5.85
76.4,0.091,2.45,40.6,26.4,0.965,89.0,6.54,6.2
65.5,0.103,1.98,33.2,20.6,0.902,88.72,5.93,5.6
63.9,0.11,2.4,38.2,25.8,0.912,89.55,6.23,6.12
69.6,0.131,1.97,40.5,27.9,0.908,89.25,8.06,5.02
75.9,0.11,1.99,38.6,24.9,0.903,88.53,7.34,5.26
89.3,0.094,2.88,52.3,35.7,0.965,88.59,7.88,6.63
58.9,0.128,2.03,35.8,24.2,0.922,89.32,6.77,5.29
71.2,0.103,1.9,36.4,23.0,0.958,89.12,6.88,5.28
76.7,0.131,2.11,48.5,34.1,0.911,89.23,8.92,5.44
53.0,0.129,1.2,27.0,16.0,0.933,87.58,6.2,4.36
65.0,0.115,2.02,35.8,23.0,0.909,89.73,6.64,5.4
66.8,0.101,2.23,34.6,21.8,0.9,89.43,5.92,5.85
65.4,0.126,3.09,49.9,37.2,0.949,89.42,7.64,6.53
77.3,0.094,2.15,39.5,24.6,0.938,88.75,6.65,5.95
73.1,0.142,2.32,50.7,37.2,0.933,89.73,9.45,5.37
68.3,0.124,2.27,42.7,29.6,0.906,89.1,7.5,5.69
80.1,0.153,3.2,70.4,55.6,0.947,90.06,11.32,6.22
95.7,0.109,2.6,58.8,41.7,0.962,89.14,9.8,6.0
94.7,0.108,1.37,42.1,25.0,0.905,87.28,9.0,4.67
51.9,0.118,2.71,33.3,23.4,0.933,89.54,5.58,5.97
81.9,0.144,1.63,47.6,32.1,0.925,89.1,10.64,4.47
72.9,0.119,1.77,40.5,27.0,0.971,88.79,8.22,4.93
76.9,0.118,1.45,39.7,25.3,0.921,87.65,8.16,4.87
70.2,0.1,3.01,44.6,30.9,0.976,89.92,6.68,6.68
76.4,0.116,2.69,51.6,36.9,0.966,89.53,8.37,6.17
76.8,0.122,2.72,50.6,36.3,0.908,89.99,8.31,6.1
68.1,0.132,2.62,47.5,34.7,0.938,89.79,8.19,5.8
64.2,0.122,2.45,41.9,29.4,0.952,89.13,7.27,5.77
69.6,0.126,1.94,41.2,27.9,0.947,88.71,8.08,5.09
77.8,0.132,2.2,49.6,35.6,0.954,89.76,9.58,5.18
82.2,0.088,1.84,38.3,22.5,0.934,88.66,6.57,5.83
85.2,0.125,1.67,48.6,32.9,0.972,87.94,10.14,4.8
69.1,0.111,1.78,35.7,22.3,0.922,89.16,6.9,5.18
78.4,0.106,3.2,50.5,35.9,0.908,89.99,7.37,6.86
86.6,0.134,1.91,53.7,37.6,0.978,88.66,11.02,4.87
89.0,0.139,2.6,65.2,49.0,0.952,89.56,11.47,5.68
74.3,0.113,3.14,52.8,38.6,0.953,88.98,7.8,6.77
72.3,0.116,2.49,47.2,33.4,0.965,89.25,7.91,5.97
77.3,0.092,1.71,35.2,20.5,0.934,88.12,6.5,5.41
61.2,0.104,1.73,29.5,18.2,0.931,88.72,5.75,5.12
72.7,0.122,2.16,45.5,32.4,0.976,89.22,8.44,5.39
83.9,0.093,3.2,51.1,35.6,0.931,89.43,7.06,7.24
82.7,0.114,2.81,52.0,36.9,0.906,89.17,8.36,6.22
71.8,0.126,2.37,45.6,31.6,0.925,89.63,8.14,5.6
77.6,0.126,2.0,46.6,32.6,0.97,89.63,9.23,5.05
65.1,0.101,2.29,36.0,23.3,0.908,89.41,5.83,6.18
83.4,0.143,2.19,56.1,41.4,0.957,89.41,11.17,5.02
74.1,0.109,2.19,40.7,27.4,0.921,88.86,7.26,5.6
71.7,0.088,1.66,32.8,19.3,0.96,88.01,5.87,5.58
70.7,0.109,1.65,35.6,22.2,0.941,87.93,7.05,5.06
74.2,0.141,2.26,51.5,37.3,0.951,89.07,9.71,5.3
69.6,0.108,1.52,34.6,21.1,0.919,88.08,6.74,5.14
82.9,0.095,1.79,38.2,22.8,0.913,88.47,6.98,5.48
70.3,0.119,2.11,41.2,28.0,0.905,88.92,7.4,5.56
94.1,0.098,2.27,49.9,33.2,0.966,89.18,8.66,5.77
92.6,0.138,2.66,66.6,50.5,0.957,89.36,11.91,5.6
64.3,0.149,1.47,38.2,25.6,0.923,88.54,8.62,4.43
75.8,0.146,1.47,44.0,30.2,0.967,88.69,10.43,4.22
67.2,0.082,2.75,35.0,22.2,0.967,89.21,5.18,6.75
71.1,0.082,2.94,38.7,25.0,0.911,89.57,5.16,7.51
99.0,0.13,1.58,56.2,37.1,0.957,88.26,12.02,4.67
71.3,0.122,1.68,38.0,24.7,0.923,88.34,7.81,4.87
79.3,0.146,2.37,55.9,41.6,0.937,89.42,10.56,5.29
81.5,0.083,2.12,38.7,23.6,0.934,89.05,6.16,6.28
63.0,0.094,2.13,32.3,21.0,0.948,89.5,5.45,5.93
64.7,0.113,1.71,33.1,20.8,0.928,88.85,6.6,5.02
60.5,0.098,2.46,33.2,21.5,0.906,89.12,5.23,6.34
64.4,0.123,1.98,37.9,25.5,0.954,89.49,7.35,5.15
50.0,0.087,1.96,25.5,15.0,0.977,88.85,4.15,6.14
81.5,0.108,1.53,40.0,24.7,0.953,87.52,8.18,4.89
99.7,0.14,2.5,69.3,51.6,0.943,89.15,12.82,5.4
76.8,0.097,1.92,37.1,22.3,0.913,88.52,6.61,5.61
58.0,0.106,2.08,33.0,21.2,0.95,89.58,5.71,5.78
67.3,0.122,2.69,44.9,32.5,0.949,89.49,7.59,5.92
69.5,0.12,1.58,36.7,24.2,0.95,88.05,7.74,4.74
62.8,0.113,2.06,35.6,24.4,0.971,89.01,6.71,5.3
85.3,0.099,1.32,37.4,21.5,0.957,87.2,7.86,4.76
84.7,0.098,1.84,42.1,26.2,0.963,88.61,7.81,5.4
61.1,0.084,2.74,31.7,20.1,0.925,89.64,4.66,6.8
83.7,0.086,1.33,33.4,18.0,0.922,86.34,6.43,5.19
93.3,0.097,2.22,47.0,29.8,0.917,88.59,8.1,5.8
97.8,0.145,2.9,78.3,60.6,0.962,89.73,13.28,5.9
100.0,0.129,2.37,65.8,47.6,0.956,88.84,12.03,5.47
64.2,0.085,1.81,29.6,16.5,0.927,88.2,4.93,6.01
100.0,0.083,1.54,40.9,22.9,0.911,87.63,7.42,5.51
70.7,0.094,1.2,30.3,16.9,0.968,87.26,6.26,4.85
67.9,0.103,2.88,41.0,28.4,0.931,89.56,6.32,6.5
78.9,0.104,1.89,39.8,24.7,0.915,88.75,7.33,5.42
68.0,0.124,1.2,33.2,19.7,0.912,87.58,7.49,4.43
79.8,0.111,1.59,41.5,26.6,0.974,87.76,8.39,4.95
59.2,0.109,1.56,28.7,17.1,0.91,87.99,5.7,5.04
72.1,0.119,1.85,39.9,25.8,0.929,88.7,7.76,5.14
90.4,0.114,3.2,62.9,46.6,0.951,89.3,9.57,6.57
74.3,0.12,2.56,48.2,34.2,0.933,89.35,8.09,5.96
76.7,0.087,2.34,37.6,23.9,0.938,88.93,6.11,6.15
80.7,0.11,2.7,50.7,35.7,0.964,89.4,8.36,6.06
89.0,0.09,3.02,52.2,36.0,0.98,88.31,7.64,6.83
55.1,0.14,2.36,39.4,28.1,0.937,89.97,7.07,5.58
82.0,0.095,2.82,46.9,31.9,0.93,89.2,7.06,6.64
71.8,0.106,1.78,35.8,22.4,0.933,88.65,6.93,5.16
77.0,0.132,1.67,44.6,29.6,0.93,88.38,9.23,4.83
87.7,0.104,1.58,42.3,26.3,0.938,87.7,8.31,5.09
60.7,0.088,2.25,30.8,18.9,0.927,88.99,4.82,6.39
62.8,0.088,1.2,26.1,13.4,0.937,87.44,5.04,5.17
51.8,0.096,2.76,32.0,21.9,0.976,89.58,4.75,6.74
68.4,0.129,1.85,40.7,27.4,0.923,89.4,7.93,5.13
91.0,0.149,2.51,68.1,51.8,0.952,89.97,12.62,5.39
73.6,0.096,1.4,33.3,19.3,0.939,87.5,6.48,5.14
58.9,0.108,2.66,37.8,26.0,0.959,89.53,5.97,6.32
69.2,0.136,2.79,50.8,37.9,0.938,89.8,8.62,5.89
57.1,0.102,2.15,30.5,20.3,0.913,89.2,5.21,5.86
61.5,0.149,2.36,46.6,35.2,0.97,89.76,8.69,5.37
79.7,0.098,1.59,37.9,23.1,0.954,88.24,7.27,5.21
60.9,0.094,2.12,31.1,19.7,0.942,88.83,5.24,5.92
88.4,0.118,2.59,57.8,41.8,0.966,89.64,9.83,5.88
74.1,0.087,1.95,35.5,21.5,0.978,88.24,6.17,5.76
76.0,0.104,2.86,47.5,33.4,0.933,88.92,7.18,6.61
71.7,0.117,1.21,33.1,19.6,0.928,86.68,7.6,4.35
84.3,0.124,1.94,49.1,33.9,0.96,88.65,9.8,5.01
84.4,0.093,1.2,33.8,17.6,0.936,86.52,7.14,4.74
79.0,0.095,2.26,40.3,25.9,0.907,88.65,6.65,6.05
81.8,0.118,1.99,46.4,31.3,0.928,89.22,8.72,5.32
72.5,0.099,2.01,38.8,25.0,0.965,88.56,6.72,5.77
81.5,0.124,2.47,53.3,38.6,0.957,88.75,9.44,5.64
70.9,0.094,1.96,35.6,22.2,0.969,88.91,6.32,5.63
75.0,0.133,3.2,57.2,43.3,0.912,90.47,8.89,6.44
71.7,0.109,2.5,43.7,29.9,0.92,89.58,7.01,6.23
69.5,0.134,2.12,43.9,30.7,0.917,89.17,8.33,5.27
66.7,0.144,1.76,43.3,30.9,0.978,89.13,9.14,4.74
80.6,0.141,1.64,47.6,32.6,0.914,88.32,10.12,4.7
90.7,0.154,2.32,67.9,50.9,0.948,89.19,12.92,5.25
89.1,0.131,1.84,52.1,36.0,0.951,88.63,10.8,4.82
59.9,0.095,2.6,33.1,21.5,0.95,89.47,5.26,6.3
90.5,0.091,2.06,44.3,27.9,0.955,88.44,7.67,5.78
71.2,0.113,2.06,40.1,26.5,0.939,89.65,7.38,5.43
82.2,0.117,2.16,45.9,31.0,0.907,89.08,8.53,5.38
64.1,0.124,2.02,39.9,26.9,0.956,89.59,7.4,5.39
76.7,0.123,2.24,47.0,32.2,0.922,90.08,8.49,5.53
78.8,0.113,3.13,52.8,38.3,0.906,89.51,7.83,6.74
57.2,0.112,2.37,35.6,23.6,0.914,89.63,5.72,6.23
82.3,0.115,2.31,46.8,32.6,0.923,89.47,8.51,5.5
91.2,0.107,2.49,52.1,35.2,0.935,89.14,8.85,5.89
72.9,0.123,2.05,45.1,30.0,0.969,89.04,8.44,5.34
91.3,0.1,1.62,43.5,27.0,0.943,88.72,8.37,5.2
72.7,0.129,1.2,36.5,22.5,0.938,87.83,8.56,4.26
85.2,0.084,1.2,33.0,17.0,0.915,86.0,6.37,5.18
50.0,0.099,2.47,28.8,18.9,0.977,90.09,4.73,6.08
100.0,0.137,2.28,68.3,50.1,0.973,89.72,13.04,5.24
92.9,0.131,2.03,57.9,40.3,0.965,89.33,11.43,5.06
71.6,0.09,3.2,41.3,28.2,0.926,89.79,5.8,7.12
51.3,0.115,2.08,30.6,20.1,0.945,89.95,5.42,5.64
78.5,0.125,1.2,40.0,25.1,0.931,87.59,8.92,4.49
57.7,0.126,2.48,37.2,26.2,0.932,90.02,6.59,5.64
80.3,0.147,2.68,59.4,44.5,0.906,89.91,10.42,5.7
79.9,0.111,2.46,46.8,31.8,0.911,88.92,7.88,5.95
63.7,0.094,2.69,37.7,25.8,0.977,89.0,5.71,6.61
88.5,0.093,1.22,37.5,20.7,0.949,87.07,7.58,4.95
84.7,0.088,2.15,39.9,24.3,0.901,88.93,6.57,6.08
86.7,0.107,1.68,43.3,27.7,0.965,88.18,8.76,4.94
75.1,0.089,2.36,38.1,24.5,0.907,88.73,5.92,6.43
58.0,0.095,2.86,34.6,23.4,0.957,89.28,5.16,6.71
86.7,0.116,1.92,48.0,32.2,0.95,88.55,9.33,5.14
71.8,0.111,2.43,40.6,26.9,0.905,89.64,7.04,5.77
58.3,0.09,1.66,26.5,15.6,0.942,89.15,4.82,5.49
91.2,0.093,2.09,43.9,27.5,0.904,88.56,7.5,5.84
100.0,0.112,1.84,52.1,33.5,0.905,88.42,9.89,5.26
74.5,0.093,3.0,41.9,28.6,0.904,89.85,6.1,6.87
100.0,0.123,1.56,52.1,34.3,0.92,87.9,11.04,4.72
76.1,0.137,2.14,48.5,34.8,0.964,89.51,9.81,4.95
70.4,0.118,2.78,45.8,32.4,0.929,90.01,7.51,6.1
67.4,0.164,1.2,41.1,28.0,0.951,88.3,10.26,4.01
94.6,0.119,2.32,56.8,38.2,0.91,89.07,9.97,5.7
65.6,0.145,2.16,45.8,32.9,0.975,89.47,9.02,5.08
83.8,0.105,1.76,42.2,27.2,0.94,88.41,8.09,5.22
68.3,0.15,2.71,52.3,39.1,0.902,89.5,8.98,5.82
69.5,0.086,2.96,38.6,25.5,0.943,89.53,5.49,7.03
87.4,0.096,2.43,46.8,31.0,0.915,89.28,7.45,6.28
70.4,0.094,1.95,33.4,20.1,0.916,89.3,5.89,5.67
70.1,0.103,1.38,32.1,18.5,0.948,88.0,6.65,4.83
88.6,0.085,2.19,42.7,26.2,0.918,87.71,6.73,6.34
94.2,0.114,2.02,50.8,34.3,0.917,89.17,9.61,5.29
82.7,0.122,2.05,49.2,34.0,0.943,89.51,9.31,5.29
67.1,0.103,1.85,32.9,20.6,0.919,88.39,6.18,5.32
68.9,0.093,1.81,32.1,19.0,0.909,88.36,5.65,5.67
76.0,0.103,2.11,40.1,26.1,0.933,89.45,7.15,5.61
78.9,0.145,1.48,44.4,29.4,0.904,88.34,10.05,4.42
63.1,0.11,2.62,39.3,27.3,0.972,89.44,6.61,5.95
83.7,0.18,1.72,58.9,43.8,0.936,88.9,13.71,4.29
76.0,0.126,2.16,44.7,30.5,0.901,90.18,8.39,5.33
54.4,0.09,1.94,26.6,15.9,0.918,89.16,4.38,6.07
63.9,0.085,2.43,33.3,21.1,0.977,89.09,5.14,6.47
69.0,0.142,2.4,48.5,35.7,0.94,90.28,8.96,5.42
74.1,0.088,2.35,36.2,23.3,0.929,88.99,5.91,6.12
97.7,0.122,1.52,50.0,31.6,0.925,88.27,10.73,4.66
77.9,0.155,2.0,52.8,38.8,0.933,89.6,10.99,4.8
64.9,0.112,2.9,42.9,30.4,0.917,89.66,6.48,6.63
77.6,0.135,1.93,47.8,33.2,0.96,89.23,9.79,4.88
70.8,0.089,2.62,38.9,24.7,0.941,89.46,5.75,6.77
78.9,0.111,2.09,45.2,29.6,0.96,89.25,8.21,5.5
82.0,0.111,1.95,43.6,28.3,0.92,89.3,8.18,5.33
89.5,0.095,2.19,43.7,27.8,0.9,89.49,7.44,5.87
74.7,0.142,1.68,45.9,32.4,0.977,88.93,10.13,4.53
94.7,0.114,2.55,58.4,41.5,0.941,88.5,9.87,5.92
85.9,0.092,1.67,37.6,21.9,0.906,88.3,6.98,5.39
66.5,0.115,2.38,38.3,25.9,0.908,89.38,6.76,5.67
100.0,0.113,2.64,62.1,44.5,0.935,88.54,10.28,6.04
78.9,0.104,2.31,44.9,30.2,0.956,89.35,7.67,5.85
65.0,0.093,1.82,30.5,18.4,0.932,88.73,5.51,5.53
94.8,0.095,2.19,49.9,32.1,0.966,88.36,8.48,5.88
99.9,0.125,1.73,55.3,37.7,0.926,87.87,11.26,4.91
74.6,0.119,1.99,42.0,28.4,0.904,89.49,7.8,5.39
69.0,0.085,1.84,31.1,18.0,0.901,88.63,5.16,6.02
72.9,0.126,1.72,41.4,28.3,0.969,88.41,8.69,4.77
83.6,0.116,2.42,52.4,37.2,0.979,89.5,9.26,5.66
90.3,0.1,2.59,49.2,33.4,0.911,88.95,8.02,6.14
81.8,0.093,2.63,42.5,27.4,0.905,89.35,6.7,6.34
76.2,0.11,2.22,44.8,30.9,0.973,89.24,7.94,5.64
93.0,0.137,2.83,67.9,51.3,0.908,88.74,11.28,6.02
71.2,0.112,1.76,38.8,25.4,0.918,88.65,7.14,5.44
87.4,0.119,2.74,58.3,42.4,0.964,89.39,9.73,5.99
71.5,0.093,2.55,40.6,26.8,0.98,89.01,6.34,6.4
80.2,0.09,2.12,39.6,25.1,0.939,88.28,6.61,5.99
73.6,0.129,2.21,45.3,31.7,0.917,89.31,8.49,5.33
74.3,0.128,2.62,51.7,38.0,0.968,89.57,8.99,5.76
70.5,0.118,2.43,43.7,30.1,0.932,89.72,7.52,5.81
91.1,0.098,2.23,47.3,30.3,0.922,88.72,8.0,5.92
66.2,0.096,1.87,32.2,20.0,0.939,88.71,5.81,5.54
66.1,0.097,1.64,31.3,18.9,0.968,88.39,6.03,5.2
100.0,0.145,2.15,64.3,47.1,0.919,88.96,12.97,4.96
86.7,0.129,1.53,46.8,30.9,0.934,87.77,10.2,4.59
50.0,0.102,2.47,29.0,18.9,0.936,90.41,4.65,6.23
68.2,0.101,1.21,30.8,17.3,0.967,87.16,6.51,4.73
53.3,0.108,2.25,31.9,21.5,0.954,89.41,5.36,5.95
63.6,0.129,1.96,39.1,27.0,0.962,89.74,7.72,5.06
50.0,0.11,1.88,27.2,17.4,0.955,89.77,5.15,5.28
73.4,0.124,1.96,43.6,29.6,0.947,89.54,8.37,5.2
61.3,0.105,1.2,28.5,16.6,0.911,87.16,5.74,4.96
75.7,0.14,1.88,48.0,33.7,0.967,89.19,9.96,4.81
55.5,0.121,1.67,31.8,20.1,0.949,88.99,6.19,5.14
76.0,0.122,1.67,41.8,28.2,0.956,89.28,8.63,4.84
70.0,0.142,3.2,57.6,45.5,0.962,90.33,9.36,6.16
93.0,0.113,1.41,43.7,26.6,0.925,87.69,9.46,4.62
91.9,0.091,2.3,46.8,30.1,0.935,88.38,7.62,6.14
84.4,0.134,1.7,49.6,34.3,0.943,88.14,10.4,4.77
71.1,0.132,1.64,40.0,26.3,0.927,89.12,8.49,4.72
98.8,0.123,1.43,50.3,32.4,0.921,87.75,10.94,4.6
56.4,0.111,2.66,35.5,24.6,0.962,89.94,5.87,6.04
58.2,0.104,2.7,35.8,24.2,0.96,90.06,5.64,6.36
74.0,0.116,1.79,40.6,26.5,0.967,88.96,8.06,5.04
100.0,0.116,2.56,63.4,45.1,0.956,89.37,10.81,5.86
72.6,0.136,1.58,39.7,26.6,0.925,88.76,8.89,4.47
72.8,0.134,1.9,43.2,29.9,0.926,89.13,8.81,4.9
57.7,0.099,2.44,31.3,20.0,0.942,89.54,5.25,5.97
86.4,0.105,1.6,43.0,26.9,0.967,88.32,8.59,5.0
86.4,0.109,1.73,44.1,27.7,0.928,87.96,8.48,5.19
84.5,0.117,2.11,50.1,34.9,0.961,88.61,9.27,5.41
67.4,0.119,2.12,39.2,26.4,0.924,89.29,7.22,5.43
66.5,0.092,1.56,28.9,15.8,0.927,88.1,5.52,5.23
59.5,0.121,3.2,44.6,33.1,0.96,90.34,6.74,6.61
76.0,0.099,1.68,36.2,22.0,0.954,88.16,7.03,5.16
62.0,0.102,2.58,36.4,24.5,0.917,89.26,5.66,6.42
60.9,0.108,2.4,36.5,24.6,0.966,89.71,6.21,5.88
69.9,0.106,1.7,36.7,23.3,0.963,88.91,6.93,5.29
69.1,0.098,2.33,36.7,24.3,0.964,89.32,6.33,5.79
68.5,0.126,1.68,38.7,25.4,0.938,88.17,7.93,4.88
80.6,0.096,2.14,41.9,26.3,0.926,88.91,7.01,5.98
75.9,0.128,2.51,51.5,37.9,0.968,88.92,9.18,5.61
71.5,0.1,1.82,35.0,21.4,0.947,88.56,6.64,5.27
77.2,0.084,2.31,38.7,24.1,0.974,88.18,6.15,6.29
63.1,0.113,1.81,31.9,20.3,0.92,88.69,6.42,4.96
76.3,0.097,2.19,40.0,26.1,0.978,89.12,7.05,5.67
76.8,0.119,2.15,44.6,30.6,0.93,89.05,8.26,5.4
57.0,0.096,1.92,28.9,17.7,0.931,89.29,4.98,5.8
86.9,0.121,1.2,40.6,25.2,0.919,87.18,9.45,4.29
64.4,0.108,2.49,39.0,27.0,0.977,89.12,6.63,5.89
76.1,0.13,3.1,55.6,41.3,0.903,90.23,8.73,6.37
89.0,0.128,2.17,55.1,38.5,0.938,89.34,10.42,5.28
86.1,0.093,1.79,40.3,24.5,0.929,88.67,7.25,5.56
75.4,0.091,2.2,35.8,22.2,0.913,89.15,6.11,5.86
70.7,0.083,2.67,36.3,23.2,0.957,89.4,5.48,6.63
86.4,0.132,2.74,62.5,46.6,0.972,89.28,10.79,5.79
83.1,0.097,2.56,46.5,30.6,0.919,89.43,7.24,6.42
67.6,0.09,2.32,35.7,22.7,0.94,89.06,5.57,6.41
65.5,0.124,2.44,43.7,30.4,0.946,89.93,7.48,5.84
50.1,0.112,2.16,29.5,19.1,0.931,90.26,5.1,5.78
76.8,0.088,1.62,34.4,19.6,0.974,88.4,6.4,5.37
74.0,0.094,1.91,35.9,22.3,0.937,88.7,6.38,5.62
88.6,0.169,1.94,65.5,49.0,0.979,89.35,14.32,4.57
79.3,0.149,2.25,55.1,40.3,0.924,89.44,10.67,5.16
91.0,0.141,1.22,47.9,30.4,0.906,86.52,11.29,4.24
66.6,0.113,2.36,39.9,27.3,0.946,89.45,6.93,5.75
88.7,0.12,1.2,44.6,27.7,0.966,86.88,10.0,4.46
68.7,0.12,2.31,43.1,29.4,0.931,89.55,7.46,5.78
84.3,0.127,2.68,56.6,41.3,0.915,89.38,9.53,5.94
57.5,0.102,2.55,35.2,23.9,0.959,89.67,5.5,6.4
77.8,0.136,1.65,45.1,31.2,0.922,89.04,9.53,4.74
51.2,0.12,2.41,33.8,22.9,0.962,89.85,5.74,5.89
71.8,0.084,2.45,35.0,22.3,0.921,88.7,5.41,6.46
80.3,0.118,2.95,54.0,39.8,0.945,89.36,8.73,6.19
68.7,0.135,2.28,46.8,33.8,0.971,89.84,8.79,5.32
62.4,0.109,2.61,36.8,25.1,0.916,89.9,6.06,6.07
85.2,0.092,1.88,39.4,24.2,0.966,88.05,7.36,5.35
73.8,0.082,1.67,31.6,17.9,0.921,88.05,5.43,5.81
69.1,0.152,2.53,53.5,40.1,0.953,90.31,9.74,5.49
75.5,0.103,2.54,42.7,28.2,0.919,89.92,6.95,6.14
100.0,0.113,1.78,50.3,32.1,0.909,88.3,10.04,5.01
88.8,0.15,1.49,52.7,36.3,0.953,88.19,12.35,4.27
89.0,0.124,2.16,53.8,37.5,0.948,88.91,10.16,5.29
80.2,0.107,2.12,44.0,28.7,0.932,88.98,7.81,5.63
77.0,0.14,2.22,48.9,34.6,0.903,89.96,9.49,5.16
50.0,0.093,2.54,27.6,17.9,0.938,89.64,4.26,6.48
66.9,0.099,2.61,37.9,25.3,0.912,89.62,5.88,6.44
69.2,0.091,2.1,33.4,20.2,0.929,88.38,5.68,5.87
52.5,0.106,1.6,25.5,14.7,0.947,89.08,5.13,4.96
61.1,0.094,1.74,30.1,18.2,0.975,88.98,5.45,5.52
51.2,0.167,1.8,35.3,25.6,0.941,89.54,7.83,4.51
74.5,0.089,2.04,36.0,21.7,0.916,88.66,5.92,6.08
84.8,0.09,1.84,40.0,24.6,0.976,88.7,7.28,5.49
88.3,0.095,1.98,42.1,25.8,0.902,89.52,7.4,5.69
80.0,0.154,2.14,57.1,42.9,0.951,88.92,11.43,5.0
63.4,0.092,1.78,30.1,17.7,0.921,88.34,5.22,5.77
51.8,0.106,2.26,30.6,19.9,0.961,89.35,5.13,5.96
53.9,0.093,3.01,32.0,21.6,0.926,90.14,4.55,7.02
59.8,0.095,2.02,29.9,18.2,0.934,89.09,5.18,5.77
64.3,0.127,1.76,37.8,25.4,0.962,88.72,7.69,4.92
73.1,0.105,2.25,42.4,29.0,0.972,88.65,7.28,5.82
62.8,0.153,1.7,40.2,27.7,0.915,89.48,8.56,4.7
79.1,0.098,2.03,38.5,24.0,0.924,88.66,7.0,5.5
72.2,0.151,1.76,44.9,31.5,0.9,88.66,9.54,4.7
75.1,0.09,1.57,34.2,19.9,0.969,87.67,6.39,5.36
88.7,0.097,1.66,43.1,26.8,0.976,87.85,8.23,5.24
60.8,0.094,1.77,29.7,17.7,0.922,88.47,5.16,5.76
80.0,0.11,1.58,39.9,25.0,0.931,87.75,8.01,4.98
74.8,0.097,2.74,42.7,28.6,0.934,89.02,6.64,6.43
71.0,0.128,2.32,45.2,31.9,0.933,90.35,8.29,5.45
85.6,0.134,2.57,58.4,43.0,0.931,89.67,10.4,5.62
85.5,0.126,1.42,43.2,27.8,0.938,87.69,9.84,4.39
63.6,0.094,1.95,31.2,19.3,0.912,88.94,5.3,5.89
72.8,0.109,2.31,40.5,27.1,0.905,89.31,7.03,5.76
78.4,0.118,2.93,56.9,41.1,0.958,89.35,8.65,6.58
71.7,0.116,1.72,39.0,25.3,0.968,87.92,7.86,4.97
82.0,0.09,1.46,34.9,20.1,0.965,87.37,6.94,5.03
78.4,0.085,2.2,38.6,23.7,0.95,88.71,6.16,6.27
97.0,0.102,1.76,49.3,31.0,0.978,88.08,9.43,5.23
56.6,0.085,2.95,30.6,19.8,0.9,88.96,4.2,7.29
73.5,0.144,2.37,50.5,37.0,0.926,90.58,9.54,5.3
64.1,0.109,1.96,32.9,21.4,0.925,89.83,6.28,5.24
82.2,0.126,1.96,47.4,32.3,0.928,89.08,9.35,5.07
55.6,0.115,2.04,32.1,20.8,0.964,89.3,6.01,5.33
79.2,0.1,1.2,34.2,19.6,0.928,86.77,7.16,4.77
67.4,0.087,2.12,32.4,20.0,0.942,89.08,5.4,5.99
66.2,0.105,1.86,33.9,21.9,0.949,88.72,6.44,5.26
57.6,0.111,2.42,35.7,24.4,0.968,90.03,6.02,5.94
69.4,0.105,1.65,34.3,21.5,0.949,88.68,6.77,5.07
88.0,0.138,2.44,63.0,46.1,0.931,89.19,11.05,5.7
74.7,0.131,2.37,50.5,36.5,0.956,89.31,9.15,5.52
82.5,0.128,2.18,49.7,34.8,0.941,89.55,9.68,5.14
95.0,0.121,2.73,63.2,45.7,0.942,89.6,10.53,6.01
78.2,0.102,1.2,34.1,18.7,0.927,86.62,7.23,4.71
68.3,0.125,2.32,43.2,29.6,0.9,89.37,7.51,5.76
80.6,0.15,2.08,53.9,39.4,0.928,89.33,10.95,4.92
68.5,0.105,2.06,36.2,23.8,0.924,89.0,6.49,5.58
68.9,0.128,1.61,36.3,23.8,0.908,88.53,7.83,4.64
56.8,0.125,1.39,29.4,18.0,0.916,88.49,6.32,4.65
86.1,0.113,2.55,54.0,38.3,0.978,89.33,9.27,5.82
70.4,0.104,2.49,39.8,26.8,0.922,89.41,6.59,6.04
77.2,0.128,3.0,57.3,42.6,0.941,89.57,9.05,6.32
62.6,0.101,3.08,39.6,28.0,0.944,89.82,5.81,6.83
80.2,0.103,1.33,37.3,22.0,0.945,87.37,7.58,4.92
65.9,0.098,2.02,33.2,21.1,0.904,88.75,5.7,5.83
73.3,0.132,2.23,48.6,35.0,0.962,89.04,9.07,5.36
85.5,0.107,2.58,52.3,36.1,0.958,89.69,8.55,6.12
84.5,0.132,2.81,62.6,47.0,0.978,90.32,10.67,5.86
74.7,0.095,1.59,33.5,19.9,0.915,88.11,6.35,5.27
53.8,0.12,1.83,31.6,20.4,0.944,89.59,5.93,5.33
100.0,0.13,2.79,73.6,55.2,0.964,89.51,12.26,6.0
96.0,0.127,1.26,47.5,29.6,0.91,86.76,10.78,4.4
83.7,0.103,1.56,39.1,24.4,0.963,88.03,8.05,4.86
66.0,0.139,2.32,45.2,32.6,0.922,89.61,8.25,5.48
73.6,0.106,3.13,46.0,32.5,0.922,89.84,7.04,6.53
68.5,0.104,1.26,32.0,19.2,0.976,87.92,6.77,4.72
90.2,0.15,2.13,62.5,45.8,0.925,89.13,12.23,5.11
78.2,0.114,2.38,46.4,32.6,0.947,89.43,8.26,5.62
65.6,0.098,2.83,38.6,26.0,0.935,89.88,5.85,6.59
69.4,0.092,2.32,36.8,23.1,0.906,89.58,5.61,6.56
88.5,0.111,1.2,40.2,24.0,0.976,87.3,9.31,4.32
94.2,0.091,1.46,40.2,22.7,0.917,87.0,7.7,5.22
93.3,0.132,2.79,67.5,50.5,0.921,89.16,11.09,6.08
84.1,0.116,2.32,48.8,33.7,0.93,89.44,8.82,5.54
72.0,0.104,1.54,35.1,20.8,0.94,87.92,6.83,5.14
50.0,0.094,2.35,26.2,16.3,0.912,89.1,4.17,6.29
78.6,0.091,2.25,40.7,26.6,0.95,89.32,6.64,6.13
75.0,0.121,1.2,35.2,21.8,0.941,87.16,8.35,4.22
76.7,0.091,1.2,29.9,15.7,0.924,87.46,6.27,4.78
75.6,0.116,2.26,46.0,31.6,0.955,89.09,8.19,5.62
59.1,0.109,3.12,39.7,28.3,0.941,89.67,5.93,6.7
81.7,0.092,2.23,42.0,27.5,0.967,88.82,7.1,5.91
82.6,0.168,1.2,50.0,34.7,0.968,88.0,13.13,3.81
83.2,0.099,1.29,36.8,21.1,0.978,87.3,7.89,4.66
86.4,0.098,2.41,46.7,31.0,0.905,89.67,7.47,6.25
82.2,0.136,2.47,56.8,41.1,0.932,89.63,10.2,5.57
70.1,0.11,2.0,37.7,24.8,0.94,88.91,7.07,5.32
74.1,0.099,1.86,36.8,22.6,0.919,89.11,6.6,5.58
76.1,0.123,2.5,51.7,37.4,0.974,89.73,8.89,5.82
76.3,0.124,2.65,49.6,35.2,0.907,89.49,8.4,5.91
87.0,0.137,2.45,59.5,43.4,0.934,89.57,10.82,5.5
82.7,0.087,1.62,35.8,20.7,0.915,87.96,6.42,5.57
99.9,0.108,2.55,59.7,41.6,0.955,88.95,10.01,5.96
100.0,0.093,1.92,48.2,30.4,0.956,88.28,8.72,5.53
76.0,0.112,1.8,40.9,26.7,0.97,88.17,8.08,5.07
50.0,0.086,1.78,23.3,13.2,0.933,88.53,3.92,5.96
89.8,0.115,2.11,51.1,34.9,0.962,89.02,9.71,5.27
68.5,0.121,2.39,43.4,30.5,0.944,89.34,7.63,5.69
65.4,0.105,1.2,29.4,17.5,0.965,86.92,6.47,4.54
70.2,0.108,1.73,35.5,22.2,0.907,88.53,6.73,5.27
69.6,0.111,1.87,37.1,23.7,0.937,88.64,7.08,5.24
82.3,0.092,2.62,45.0,29.8,0.912,88.68,6.75,6.68
56.3,0.098,1.67,26.3,15.2,0.963,88.05,5.18,5.07
62.1,0.086,1.93,27.5,16.1,0.912,88.86,4.76,5.77
79.1,0.114,2.5,49.0,34.2,0.901,89.41,7.94,6.17
82.5,0.124,2.12,50.4,35.6,0.974,89.2,9.7,5.19
82.7,0.097,2.87,49.1,34.2,0.939,89.22,7.36,6.67
65.6,0.113,2.02,37.5,25.4,0.979,88.57,7.06,5.31
63.3,0.099,3.04,39.8,28.1,0.936,89.4,5.7,6.99
68.9,0.084,3.13,38.9,25.8,0.947,89.37,5.34,7.28
77.9,0.133,2.33,51.9,38.0,0.96,89.64,9.71,5.35
92.8,0.102,2.31,50.5,34.1,0.922,88.26,8.53,5.92
50.4,0.108,2.38,31.0,20.3,0.911,88.83,4.86,6.39
72.4,0.112,2.51,43.9,29.6,0.953,89.96,7.5,5.86
59.0,0.086,2.16,29.4,17.6,0.941,89.25,4.65,6.33
55.2,0.134,2.68,40.2,29.4,0.966,89.78,6.95,5.78
86.6,0.127,2.35,54.5,38.2,0.904,89.21,9.69,5.62
81.5,0.099,2.79,48.1,32.8,0.944,89.18,7.42,6.48
80.4,0.112,1.37,35.5,21.4,0.915,87.72,8.01,4.43
86.1,0.111,2.21,50.4,34.1,0.949,88.8,8.83,5.7
69.2,0.087,2.61,35.7,23.2,0.961,88.86,5.62,6.36
69.8,0.104,1.53,32.6,19.6,0.921,88.25,6.54,4.99
100.0,0.087,2.32,49.0,30.9,0.939,89.22,7.93,6.18
72.0,0.109,2.4,41.6,28.0,0.934,89.53,7.12,5.84
83.8,0.087,2.96,47.7,32.1,0.96,89.25,6.81,7.0
75.1,0.128,1.93,45.1,30.6,0.948,88.94,8.91,5.06
52.8,0.129,2.21,32.8,22.3,0.91,89.42,6.04,5.44
50.5,0.106,1.82,26.3,16.1,0.978,88.81,5.09,5.15
68.1,0.109,2.03,38.1,24.6,0.973,89.17,7.05,5.4
87.7,0.129,2.91,63.6,47.6,0.946,90.06,10.4,6.12
84.5,0.111,2.09,46.2,30.8,0.962,89.31,8.81,5.25
86.0,0.088,1.75,38.6,22.7,0.902,88.14,6.63,5.83
63.2,0.118,2.01,36.5,23.6,0.916,89.25,6.68,5.46
94.4,0.114,1.84,50.4,33.6,0.961,88.45,10.11,4.98
63.4,0.089,1.88,28.8,17.3,0.908,88.84,4.98,5.78
77.6,0.128,1.83,43.5,29.1,0.903,88.85,8.76,4.96
74.9,0.106,1.85,39.8,25.2,0.949,88.65,7.31,5.44
72.9,0.097,1.51,32.0,18.1,0.903,87.59,6.22,5.14
91.1,0.087,2.13,42.0,25.6,0.915,88.23,7.03,5.97
66.5,0.128,1.61,36.3,23.6,0.906,88.35,7.5,4.84
58.8,0.136,2.67,43.2,32.2,0.943,90.14,7.36,5.87
75.2,0.12,1.94,42.6,29.3,0.954,88.83,8.38,5.08
70.2,0.118,2.3,41.7,28.6,0.915,90.3,7.41,5.63
100.0,0.113,2.31,57.2,39.6,0.938,89.02,10.29,5.56
83.1,0.127,1.2,39.3,24.1,0.902,87.78,9.29,4.23
70.1,0.147,1.97,44.2,31.6,0.921,89.88,9.23,4.79
62.3,0.086,2.96,35.6,22.9,0.914,89.69,4.78,7.45
52.4,0.096,1.71,26.1,15.3,0.913,88.61,4.51,5.79
62.7,0.098,3.2,39.4,27.5,0.918,89.45,5.52,7.13
76.4,0.095,2.37,42.7,28.5,0.964,88.88,6.84,6.24
92.1,0.102,2.36,52.8,35.7,0.976,89.21,8.93,5.92
88.5,0.096,2.22,47.3,31.0,0.956,88.88,7.96,5.94
77.7,0.144,2.62,56.2,41.9,0.906,89.61,9.9,5.68
71.1,0.111,2.65,44.9,31.4,0.95,89.49,7.34,6.12
78.2,0.095,2.09,39.6,25.2,0.959,88.89,6.92,5.72
68.8,0.093,1.88,31.8,18.9,0.909,88.64,5.69,5.59
95.6,0.1,1.39,42.5,24.5,0.924,87.21,8.62,4.93
72.7,0.116,2.51,45.5,31.7,0.934,89.47,7.66,5.94
74.0,0.107,2.13,40.0,26.2,0.925,88.19,7.12,5.62
50.0,0.114,1.68,26.4,16.8,0.941,88.81,5.22,5.07
72.7,0.084,1.81,31.5,17.6,0.91,87.96,5.39,5.84
85.0,0.124,2.07,50.3,34.3,0.936,89.12,9.63,5.23
62.2,0.13,1.61,35.7,23.3,0.959,88.73,7.55,4.73
66.0,0.14,2.12,43.2,29.6,0.937,89.8,8.44,5.12
84.5,0.138,1.29,44.4,29.2,0.917,87.9,10.45,4.25
57.3,0.117,1.83,31.8,21.4,0.964,89.61,6.32,5.03
87.7,0.141,1.52,51.0,34.5,0.932,87.54,11.26,4.52
68.6,0.083,2.2,32.5,20.0,0.934,88.85,5.18,6.28
70.3,0.094,1.61,31.6,18.8,0.929,87.42,6.02,5.25
61.5,0.135,1.82,37.1,25.0,0.923,89.31,7.49,4.95
79.5,0.111,3.2,55.2,40.4,0.948,89.61,8.16,6.77
100.0,0.142,2.53,69.5,51.8,0.915,89.25,12.67,5.49
84.4,0.103,2.4,47.8,32.7,0.962,89.18,8.13,5.88
64.6,0.131,2.75,46.2,33.9,0.939,89.58,7.77,5.96
88.6,0.125,2.36,58.1,42.1,0.971,89.89,10.45,5.56
71.2,0.105,1.4,33.8,20.4,0.975,87.66,7.13,4.74
91.5,0.085,1.44,36.8,20.6,0.931,87.34,7.04,5.23
84.7,0.099,1.2,34.3,19.1,0.913,86.83,7.46,4.6
50.0,0.104,2.2,27.0,17.6,0.94,89.76,4.78,5.66
63.0,0.137,1.57,34.6,22.4,0.922,88.25,7.74,4.47
86.3,0.109,1.81,45.2,29.6,0.934,88.73,8.55,5.28
76.8,0.112,1.94,42.1,27.5,0.93,88.63,7.79,5.4
62.7,0.119,1.8,33.5,22.3,0.936,88.71,6.81,4.91
67.4,0.09,2.08,32.8,20.5,0.94,89.18,5.58,5.88
52.1,0.129,1.96,31.4,21.1,0.95,89.32,6.24,5.03
73.9,0.13,1.91,42.2,28.7,0.9,89.24,8.41,5.02
100.0,0.157,1.33,56.0,38.4,0.921,87.95,14.07,3.98
84.7,0.135,2.22,53.1,37.6,0.914,89.18,10.17,5.22
100.0,0.132,3.19,78.9,61.0,0.957,89.69,12.35,6.39
85.6,0.132,2.24,56.5,40.4,0.967,89.1,10.61,5.32
87.3,0.113,3.2,60.6,44.5,0.958,89.57,9.26,6.55
98.7,0.097,1.82,48.5,30.2,0.978,88.29,9.17,5.28
79.5,0.1,1.97,41.0,25.7,0.906,88.34,7.05,5.82
72.8,0.107,2.09,38.7,25.3,0.937,89.15,7.08,5.47
87.4,0.116,2.02,51.1,34.7,0.972,88.92,9.63,5.3
92.4,0.093,2.68,50.6,33.5,0.926,88.52,7.77,6.52
69.2,0.108,1.2,31.9,18.8,0.964,86.95,7.03,4.53
66.3,0.115,1.87,37.0,24.1,0.945,88.66,7.0,5.28
76.7,0.122,2.93,55.1,40.7,0.978,89.59,8.92,6.17
85.0,0.113,1.85,45.1,29.5,0.93,88.24,8.71,5.17
84.6,0.119,2.56,53.9,38.3,0.933,89.72,9.14,5.9
57.9,0.096,2.4,30.8,19.4,0.913,89.77,4.96,6.21
97.9,0.134,2.06,60.2,42.1,0.913,88.64,11.64,5.17
67.3,0.088,2.26,33.3,21.0,0.969,88.63,5.58,5.97
71.8,0.095,2.06,36.2,22.4,0.933,88.83,6.19,5.85
64.2,0.123,1.2,31.6,19.8,0.95,87.93,7.31,4.33
100.0,0.116,2.33,59.6,41.7,0.96,89.7,10.87,5.49
77.9,0.091,1.79,35.7,21.1,0.935,88.08,6.48,5.51
64.8,0.122,1.41,32.0,20.6,0.976,87.29,7.54,4.25
85.4,0.099,2.29,47.4,31.9,0.975,88.41,8.07,5.88
84.2,0.088,2.26,41.6,26.0,0.954,88.17,6.94,6.0
72.7,0.096,2.59,42.0,28.4,0.98,89.46,6.67,6.3
85.1,0.091,1.97,39.5,24.3,0.9,88.51,6.79,5.82
65.1,0.084,2.53,33.3,20.6,0.901,89.32,4.83,6.89
69.1,0.129,2.11,41.6,28.8,0.905,89.74,7.86,5.29
50.9,0.094,2.27,26.7,16.5,0.975,89.94,4.54,5.87
59.1,0.122,2.31,37.1,25.7,0.948,89.91,6.66,5.57
96.7,0.149,1.43,57.3,39.9,0.974,88.25,13.72,4.18
94.7,0.085,2.29,45.6,28.4,0.91,88.11,7.17,6.37
75.8,0.121,2.15,44.2,30.3,0.903,89.02,8.05,5.48
95.0,0.11,1.96,50.8,33.2,0.943,89.03,9.58,5.3
73.1,0.1,2.16,37.6,24.3,0.914,88.8,6.52,5.77
72.1,0.151,3.2,63.9,50.0,0.969,90.65,10.3,6.21
75.7,0.133,1.2,37.3,23.4,0.934,87.45,9.13,4.09
73.5,0.156,2.03,50.5,37.5,0.962,89.78,10.73,4.7
72.4,0.108,2.51,42.8,29.6,0.941,89.1,7.17,5.98
88.7,0.129,1.48,47.2,30.5,0.942,88.24,10.52,4.49
76.8,0.104,2.29,42.9,28.1,0.955,88.89,7.47,5.74
83.5,0.113,2.25,46.5,31.9,0.927,89.17,8.56,5.43
87.4,0.114,1.31,42.3,26.7,0.976,87.34,9.47,4.47
79.7,0.147,1.81,49.2,35.2,0.932,89.4,10.62,4.63
63.4,0.117,2.99,43.7,31.5,0.932,90.21,6.76,6.46
58.8,0.132,1.3,31.0,19.8,0.957,87.37,7.23,4.28
76.8,0.086,1.88,35.2,20.8,0.951,88.14,6.15,5.72
72.9,0.096,2.02,36.7,22.8,0.98,88.56,6.71,5.48
76.0,0.113,2.1,44.8,30.0,0.968,89.29,8.13,5.51
74.8,0.098,1.89,37.1,22.4,0.923,88.43,6.6,5.62
100.0,0.144,2.14,66.5,47.8,0.908,88.72,12.75,5.22
59.0,0.14,2.08,37.8,26.0,0.909,89.12,7.31,5.17
51.1,0.124,2.46,34.3,24.2,0.929,90.14,5.75,5.96
79.0,0.093,2.52,42.1,28.2,0.938,88.41,6.72,6.27
70.5,0.1,2.32,38.3,25.4,0.951,89.56,6.54,5.86
78.8,0.115,2.22,46.0,32.0,0.969,88.7,8.55,5.38
82.0,0.095,1.32,36.2,20.9,0.979,87.08,7.45,4.86
90.4,0.098,2.16,47.8,30.5,0.933,88.3,8.04,5.95
56.9,0.119,2.66,36.1,25.3,0.944,89.54,6.22,5.8
68.3,0.12,1.29,33.1,20.8,0.948,87.6,7.59,4.37
80.1,0.127,1.44,41.7,27.3,0.945,87.94,9.38,4.44
84.2,0.154,2.85,68.3,52.2,0.907,89.44,11.49,5.95
100.0,0.126,1.35,49.1,30.6,0.909,87.3,11.19,4.39
86.5,0.101,2.05,46.7,30.4,0.971,88.72,8.3,5.62
74.3,0.106,1.82,38.3,24.9,0.954,88.77,7.32,5.22
64.3,0.135,2.82,49.4,36.7,0.954,89.32,8.08,6.11
68.2,0.118,2.25,41.5,28.5,0.965,89.2,7.55,5.49
67.9,0.12,2.5,43.5,30.3,0.907,88.89,7.18,6.06
82.9,0.106,2.13,43.8,29.0,0.933,88.7,7.97,5.5
78.1,0.126,3.1,55.4,41.0,0.92,89.68,8.8,6.3
59.1,0.121,1.73,32.8,21.6,0.953,89.07,6.66,4.93
69.8,0.095,2.27,36.2,22.8,0.917,89.44,5.93,6.1
85.5,0.092,2.73,49.7,33.2,0.955,88.8,7.36,6.76
79.2,0.13,2.84,55.3,41.2,0.931,89.86,9.31,5.94
81.8,0.117,1.97,45.2,30.2,0.935,89.06,8.69,5.2
79.6,0.103,1.2,35.5,20.3,0.965,86.74,7.74,4.59
94.5,0.129,1.91,55.2,38.2,0.928,88.97,10.99,5.02
77.8,0.096,2.97,44.6,30.5,0.921,89.47,6.68,6.68
70.4,0.089,1.72,33.2,19.9,0.968,88.18,5.93,5.61
64.0,0.085,2.25,31.1,19.0,0.955,89.09,5.09,6.11
78.0,0.109,1.95,42.0,26.8,0.932,88.21,7.72,5.44
50.0,0.154,2.06,35.5,25.3,0.94,89.93,7.08,5.01
72.8,0.094,2.76,40.5,26.7,0.928,89.08,6.16,6.57
72.5,0.118,2.23,43.3,30.1,0.944,89.3,7.86,5.51
58.6,0.102,3.12,37.2,25.8,0.911,89.7,5.31,7.01
63.9,0.099,2.59,36.9,24.7,0.971,89.58,5.96,6.19
84.7,0.132,2.17,54.2,38.3,0.944,89.63,10.29,5.26
77.8,0.117,2.05,44.7,30.0,0.931,89.05,8.28,5.4
76.2,0.101,2.27,41.6,27.6,0.946,89.42,7.11,5.85
78.7,0.083,1.48,32.7,18.1,0.913,87.23,5.83,5.61
76.1,0.105,1.57,36.4,21.9,0.906,88.6,7.09,5.14
89.9,0.09,2.48,47.2,31.1,0.944,88.55,7.47,6.32
76.5,0.092,2.56,40.6,25.6,0.906,88.75,6.23,6.51
57.5,0.096,1.44,24.8,14.1,0.953,87.85,5.14,4.82
94.6,0.099,2.53,53.3,36.2,0.964,88.82,8.76,6.08
79.4,0.142,2.01,53.0,38.7,0.979,88.68,10.79,4.91
67.9,0.115,1.68,36.7,23.6,0.962,88.16,7.3,5.02
60.0,0.114,1.94,33.0,21.4,0.978,87.83,6.51,5.07
79.8,0.148,2.54,57.6,43.4,0.902,89.33,10.4,5.54
73.6,0.128,2.4,50.0,35.4,0.945,89.32,8.68,5.76
93.9,0.111,2.25,53.6,36.9,0.913,89.43,9.31,5.76
70.8,0.138,2.29,47.0,34.5,0.92,89.86,8.74,5.38
65.0,0.129,1.53,35.6,23.1,0.959,88.56,7.81,4.56
85.7,0.135,2.37,56.3,40.5,0.92,90.19,10.4,5.41
86.1,0.114,1.87,45.7,30.2,0.914,87.96,8.72,5.24
77.0,0.116,3.11,53.6,39.6,0.93,89.72,8.13,6.59
83.1,0.101,1.91,41.4,26.1,0.907,89.26,7.44,5.57
74.5,0.119,3.2,52.5,39.0,0.912,89.66,7.86,6.68
77.8,0.106,2.02,40.2,25.4,0.912,88.54,7.3,5.51
89.0,0.102,2.05,45.0,28.5,0.918,88.94,8.14,5.53
82.5,0.133,1.95,52.3,37.1,0.97,88.8,10.37,5.04
73.0,0.115,1.47,35.2,22.0,0.924,88.46,7.52,4.68
91.2,0.16,2.76,73.0,56.9,0.922,90.19,13.12,5.57
50.0,0.1,2.15,25.8,15.7,0.91,89.26,4.42,5.85
99.6,0.088,2.41,48.7,30.6,0.901,89.03,7.67,6.34
54.5,0.131,2.91,40.6,29.8,0.913,90.09,6.34,6.4
67.5,0.117,2.03,39.2,26.2,0.958,89.18,7.37,5.32
74.5,0.115,2.05,43.9,29.8,0.978,89.24,8.18,5.37
73.2,0.089,2.17,36.9,23.2,0.96,88.74,6.12,6.03
87.1,0.082,1.46,35.8,19.8,0.968,87.92,6.77,5.29
62.3,0.101,1.2,25.8,14.5,0.963,87.25,5.91,4.36
78.1,0.11,1.35,36.8,22.3,0.924,87.66,7.75,4.75
68.1,0.142,2.72,51.7,38.9,0.958,89.55,9.02,5.74
78.5,0.089,1.94,36.1,21.9,0.96,88.28,6.55,5.52
74.2,0.12,2.49,45.7,31.6,0.921,89.57,7.98,5.72
76.1,0.091,1.97,37.7,23.5,0.974,88.92,6.6,5.71
68.4,0.113,1.31,33.8,20.7,0.98,88.13,7.36,4.59
68.9,0.163,2.53,53.7,41.4,0.945,89.77,10.36,5.18
78.4,0.109,1.66,38.5,24.0,0.925,87.98,7.69,5.01
86.3,0.092,2.39,45.1,29.0,0.929,88.48,7.15,6.3
67.8,0.096,2.56,37.8,25.1,0.947,89.53,5.98,6.31
64.6,0.111,2.08,34.7,22.5,0.901,89.66,6.32,5.5
82.4,0.097,2.34,43.6,28.3,0.925,88.93,7.19,6.06
74.6,0.134,1.39,39.6,25.7,0.904,88.04,8.82,4.49
85.0,0.123,3.2,64.0,47.9,0.95,89.78,9.7,6.6
64.1,0.153,2.32,48.0,35.6,0.948,89.75,9.06,5.3
53.6,0.104,2.49,31.6,20.8,0.947,89.19,5.13,6.16
68.6,0.127,2.57,44.5,31.4,0.912,90.1,7.74,5.75
65.8,0.103,2.03,36.3,23.3,0.976,89.05,6.47,5.61
74.1,0.111,2.14,42.4,28.4,0.943,88.89,7.53,5.63
67.4,0.086,2.64,34.5,22.2,0.944,90.36,5.34,6.47
83.9,0.099,1.92,42.5,26.7,0.944,88.52,7.68,5.54
71.5,0.138,2.3,48.5,35.3,0.942,89.01,9.09,5.33
76.8,0.11,2.33,45.1,30.5,0.975,89.46,8.06,5.59
76.9,0.14,1.73,46.2,32.4,0.948,88.18,9.98,4.63
77.3,0.143,2.32,53.1,39.4,0.939,89.76,10.11,5.25
74.7,0.131,1.25,38.3,24.4,0.961,87.73,9.17,4.18
81.1,0.153,2.56,62.2,46.6,0.92,90.33,11.1,5.61
65.5,0.119,2.88,42.9,30.9,0.915,89.5,6.94,6.19
91.8,0.107,2.55,55.0,38.8,0.935,89.03,8.95,6.15
72.2,0.107,2.85,44.0,30.7,0.901,89.58,6.82,6.46
59.3,0.119,1.72,31.0,20.3,0.923,89.11,6.36,4.87
77.3,0.13,1.99,47.6,32.7,0.934,89.24,9.15,5.2
64.8,0.113,2.16,37.3,24.2,0.946,89.46,6.75,5.52
83.0,0.115,2.16,49.2,34.0,0.943,89.46,8.77,5.6
100.0,0.122,1.88,55.0,37.3,0.929,88.42,11.02,4.99
65.6,0.133,1.64,37.4,25.1,0.927,89.25,7.91,4.73
79.0,0.097,2.96,45.7,31.4,0.9,89.4,6.75,6.76
53.9,0.091,1.68,24.8,14.1,0.97,88.8,4.65,5.34
80.4,0.134,2.93,60.3,45.1,0.919,89.66,9.67,6.24
64.4,0.096,2.35,35.4,22.4,0.929,89.47,5.61,6.3
67.5,0.09,2.2,34.4,21.9,0.902,89.4,5.33,6.44
61.8,0.104,2.37,36.2,24.6,0.977,89.04,6.14,5.89
83.8,0.105,2.86,51.8,36.2,0.94,89.74,8.09,6.4
87.1,0.146,1.2,44.3,28.4,0.902,87.46,11.19,3.96
75.3,0.13,2.28,47.1,33.1,0.92,90.16,8.79,5.36
64.6,0.142,2.17,44.7,32.4,0.97,89.55,8.68,5.15
94.1,0.111,2.19,52.8,35.6,0.93,88.95,9.51,5.55
66.0,0.108,2.57,41.0,28.3,0.955,89.49,6.63,6.18
50.0,0.108,1.79,26.7,16.7,0.949,89.18,5.01,5.33
80.5,0.097,1.52,35.6,21.0,0.938,87.06,7.13,4.99
61.7,0.097,1.41,28.4,16.1,0.967,87.32,5.64,5.03
86.9,0.11,1.65,41.7,25.9,0.903,88.38,8.4,4.97
70.4,0.126,2.44,48.0,34.2,0.973,89.61,8.42,5.7
82.2,0.137,2.35,56.6,41.9,0.957,88.78,10.5,5.39
91.8,0.135,2.54,64.8,48.3,0.969,89.24,11.68,5.55
60.5,0.107,1.87,29.5,18.4,0.901,88.76,5.7,5.17
68.2,0.089,1.89,33.4,20.2,0.907,88.43,5.4,6.19
74.1,0.145,2.93,58.1,44.1,0.916,90.39,9.62,6.04
93.5,0.098,2.61,53.2,36.0,0.947,89.48,8.46,6.29
67.1,0.116,2.48,39.9,27.3,0.907,88.78,6.9,5.77
67.9,0.095,1.2,29.9,16.8,0.975,87.04,6.15,4.87
80.7,0.137,3.08,65.1,50.0,0.96,89.96,10.37,6.28
68.1,0.109,2.05,38.2,25.5,0.965,88.54,7.0,5.46
76.8,0.119,2.19,46.8,31.7,0.947,89.64,8.47,5.52
56.4,0.116,2.32,34.8,23.7,0.95,89.73,6.08,5.72
100.0,0.088,2.18,47.0,29.0,0.918,88.76,7.83,6.0
58.8,0.082,2.01,27.6,15.9,0.973,88.66,4.56,6.06
71.1,0.125,2.17,43.9,30.8,0.952,89.07,8.27,5.3
74.6,0.104,2.42,43.0,29.1,0.933,89.06,7.05,6.1
98.0,0.13,2.52,67.4,50.0,0.971,89.26,12.03,5.61
59.1,0.105,2.71,36.1,25.2,0.969,89.55,5.89,6.14
98.8,0.094,1.55,42.5,24.5,0.9,87.89,8.17,5.21
84.1,0.133,1.83,48.2,33.8,0.974,89.72,10.6,4.55
80.0,0.171,2.53,65.4,51.2,0.929,90.27,12.43,5.27
63.2,0.112,1.31,30.3,17.9,0.934,87.04,6.46,4.7
81.9,0.13,2.18,49.8,35.3,0.907,89.3,9.42,5.29
66.3,0.106,1.71,35.6,23.2,0.97,88.1,6.63,5.37
90.2,0.125,2.38,57.6,41.0,0.943,89.1,10.38,5.55
63.3,0.101,1.68,31.8,19.4,0.972,88.44,6.07,5.23
73.6,0.11,1.92,40.0,26.0,0.962,88.72,7.63,5.24
68.3,0.105,1.95,36.9,23.7,0.972,88.51,6.79,5.43
63.1,0.114,2.22,37.0,25.3,0.976,89.56,6.86,5.4
83.9,0.115,2.58,53.6,38.0,0.971,88.66,9.11,5.88
81.4,0.096,2.62,43.3,28.5,0.917,89.33,6.96,6.23
89.5,0.117,2.2,49.8,34.5,0.906,88.68,9.28,5.37
53.6,0.101,1.55,26.6,15.3,0.95,88.42,5.03,5.29
87.8,0.1,3.2,54.5,38.7,0.912,88.95,7.84,6.96
100.0,0.115,2.06,57.1,39.1,0.969,88.73,10.84,5.27
69.6,0.099,2.24,37.3,24.5,0.976,89.59,6.53,5.72
97.7,0.134,2.22,62.2,44.3,0.91,88.89,11.62,5.35
71.8,0.083,2.28,34.1,20.8,0.919,88.71,5.35,6.38
58.5,0.109,1.68,29.8,18.7,0.95,88.77,5.91,5.04
71.3,0.121,2.32,45.7,31.3,0.958,89.51,8.08,5.65
87.6,0.131,3.01,64.9,50.0,0.941,89.23,10.5,6.18
64.9,0.113,1.2,28.5,16.4,0.93,87.73,6.67,4.28
67.8,0.134,2.12,42.3,29.4,0.924,89.71,8.18,5.17
82.1,0.092,1.54,35.4,20.7,0.953,88.22,7.0,5.05
75.0,0.105,2.59,45.2,31.5,0.96,89.58,7.38,6.12
82.0,0.107,2.67,48.7,33.5,0.923,90.02,7.9,6.17
77.9,0.11,2.04,40.7,27.3,0.926,88.24,7.71,5.28
80.8,0.125,2.13,49.3,33.8,0.937,89.67,9.18,5.37
69.8,0.085,1.66,30.9,17.6,0.936,87.99,5.41,5.71
77.8,0.133,1.2,40.8,26.3,0.967,87.19,9.74,4.18
63.9,0.125,1.96,38.1,25.9,0.935,88.94,7.25,5.26
90.5,0.09,1.99,43.9,27.7,0.978,88.6,7.78,5.64
67.4,0.087,2.12,32.2,19.5,0.925,89.16,5.27,6.11
88.5,0.16,1.2,51.0,34.8,0.955,87.38,13.21,3.86
72.2,0.129,1.24,36.5,23.1,0.961,87.63,8.71,4.19
77.4,0.096,1.36,32.9,18.6,0.95,88.4,6.86,4.79
69.1,0.105,2.14,38.0,24.8,0.929,88.86,6.57,5.79
62.8,0.094,2.39,31.5,20.1,0.921,89.15,5.29,5.96
54.1,0.125,1.52,28.6,17.7,0.948,89.03,6.23,4.59
62.3,0.146,1.96,43.6,30.7,0.953,88.92,8.47,5.16
71.1,0.132,1.81,42.1,27.9,0.921,89.03,8.43,4.99
77.5,0.105,3.12,50.4,35.9,0.927,88.75,7.35,6.86
87.1,0.13,1.91,51.7,36.3,0.969,88.35,10.71,4.83
69.7,0.124,1.89,41.9,28.2,0.965,88.57,8.15,5.14
64.4,0.14,1.69,38.7,26.5,0.915,88.63,8.06,4.81
57.7,0.118,1.2,29.8,18.0,0.975,87.06,6.45,4.62
80.8,0.126,2.42,51.5,36.9,0.95,89.5,9.41,5.47
91.6,0.12,1.97,52.4,35.9,0.94,89.22,10.09,5.19
90.2,0.106,1.91,45.7,29.1,0.916,89.2,8.51,5.38
83.5,0.122,2.19,49.6,34.5,0.958,88.78,9.55,5.2
82.7,0.151,1.31,47.6,31.7,0.974,88.13,11.83,4.03
95.4,0.102,2.99,56.4,39.0,0.905,89.67,8.59,6.57
79.0,0.138,1.2,42.1,26.7,0.942,87.46,9.97,4.22
82.8,0.087,2.99,46.5,31.7,0.97,89.5,6.81,6.83
71.2,0.153,2.09,50.2,37.2,0.976,89.75,10.38,4.84
58.7,0.109,1.91,31.7,19.2,0.906,89.16,5.62,5.63
66.8,0.12,2.44,43.4,31.4,0.963,89.32,7.51,5.78
74.9,0.107,1.93,39.6,25.0,0.923,88.07,7.22,5.48
75.7,0.089,2.57,40.3,26.2,0.943,89.04,6.17,6.54
98.1,0.106,2.25,55.6,38.1,0.963,88.52,9.78,5.69
76.0,0.132,2.46,51.2,36.6,0.944,89.5,9.21,5.56
89.1,0.141,2.62,64.4,47.5,0.909,89.96,11.16,5.77
69.8,0.142,2.01,46.0,32.8,0.947,89.88,9.16,5.02
71.3,0.133,2.58,49.4,35.9,0.909,89.83,8.42,5.86
59.1,0.144,2.36,41.8,30.3,0.928,89.51,7.71,5.42
66.1,0.103,2.77,40.9,28.4,0.945,89.47,6.3,6.5
81.3,0.136,1.92,51.2,36.8,0.979,88.73,10.58,4.83
75.1,0.101,2.78,45.2,31.5,0.958,89.49,7.1,6.37
86.3,0.092,1.71,40.1,23.8,0.924,87.91,7.18,5.59
77.2,0.129,1.2,40.0,25.9,0.97,87.66,9.44,4.24
70.8,0.109,1.42,33.5,20.6,0.918,87.56,6.93,4.84
100.0,0.143,1.93,62.5,44.7,0.931,89.6,13.01,4.81
73.9,0.107,2.23,41.5,27.8,0.952,88.62,7.33,5.66
89.0,0.119,2.11,51.4,35.7,0.933,89.04,9.66,5.32
70.2,0.104,2.49,41.5,28.3,0.958,88.82,6.84,6.07
83.5,0.108,1.5,40.9,25.5,0.952,88.22,8.36,4.9
86.1,0.144,2.96,68.4,52.9,0.953,89.9,11.55,5.92
77.5,0.131,2.77,56.0,41.5,0.934,89.84,9.27,6.04
50.0,0.113,2.57,31.2,20.1,0.904,89.53,5.0,6.24
75.2,0.15,2.73,60.0,46.1,0.97,90.39,10.66,5.63
89.8,0.123,1.32,43.3,27.4,0.906,87.7,9.73,4.45
81.3,0.114,2.45,49.9,34.4,0.937,89.11,8.49,5.87
80.4,0.109,2.47,47.7,32.4,0.924,89.26,7.88,6.05
54.3,0.111,2.58,34.8,23.7,0.924,89.45,5.43,6.41
66.4,0.097,2.52,36.4,23.7,0.918,89.04,5.78,6.3
79.9,0.122,2.32,48.0,33.4,0.922,89.1,8.75,5.48
79.9,0.104,2.3,45.0,30.1,0.976,88.98,7.91,5.69
89.6,0.123,2.7,61.6,45.5,0.978,89.45,10.5,5.87
73.3,0.09,1.79,35.2,20.9,0.946,88.35,6.08,5.78
79.9,0.099,2.28,43.2,28.0,0.942,88.7,7.26,5.95
75.2,0.116,1.82,40.2,26.8,0.904,88.97,7.66,5.25
63.2,0.16,2.02,44.7,32.8,0.964,90.09,9.53,4.7
50.0,0.11,1.2,22.3,12.0,0.914,87.84,4.89,4.57
80.2,0.13,1.66,43.8,29.4,0.911,88.77,9.29,4.71
77.1,0.112,1.88,41.2,26.8,0.934,87.85,7.89,5.22
67.6,0.126,1.89,38.0,25.9,0.928,88.7,7.72,4.93
55.6,0.119,1.93,31.1,20.4,0.908,88.69,5.86,5.31
82.6,0.137,1.51,44.6,29.4,0.912,87.61,10.04,4.45
71.8,0.108,1.93,38.8,25.8,0.979,89.23,7.38,5.26
81.7,0.11,2.64,51.1,36.0,0.959,89.98,8.43,6.06
97.4,0.089,1.95,45.8,28.0,0.948,88.25,8.03,5.7
50.0,0.092,2.75,27.9,18.3,0.924,89.86,4.15,6.73
66.6,0.1,2.72,40.7,27.7,0.934,89.41,6.09,6.68
72.5,0.117,1.81,39.9,25.9,0.95,89.15,7.87,5.07
92.5,0.126,2.38,59.9,43.2,0.963,89.32,10.92,5.48
55.4,0.12,1.44,28.9,18.8,0.976,88.1,6.32,4.58
98.2,0.108,1.57,46.0,28.5,0.91,88.0,9.42,4.88
76.6,0.153,2.16,53.3,38.9,0.915,89.5,10.43,5.11
73.8,0.119,2.35,45.8,32.4,0.945,89.47,8.1,5.65
72.6,0.166,2.91,66.4,52.8,0.975,90.57,11.47,5.78
69.8,0.087,2.02,32.2,19.4,0.936,90.04,5.57,5.79
87.6,0.094,2.19,43.7,27.7,0.951,89.36,7.62,5.74
62.2,0.094,2.15,31.2,19.3,0.923,89.12,5.26,5.94
79.1,0.11,3.0,53.3,38.7,0.965,89.26,8.21,6.5
70.4,0.132,2.77,51.3,37.9,0.948,89.1,8.61,5.96
65.9,0.145,2.29,45.6,33.2,0.931,90.22,8.64,5.28
100.0,0.104,2.5,58.9,40.3,0.943,89.32,9.54,6.18
80.0,0.084,2.27,39.3,24.0,0.956,88.59,6.26,6.28
82.4,0.134,2.64,56.9,41.6,0.917,89.62,9.87,5.77
88.7,0.113,2.53,54.7,38.3,0.927,89.31,9.09,6.02
57.9,0.085,1.95,25.7,14.7,0.92,88.99,4.43,5.81
96.0,0.087,2.15,47.0,29.4,0.977,89.06,7.93,5.92
50.0,0.141,2.18,33.1,22.9,0.903,89.4,6.21,5.33
65.8,0.131,2.18,39.9,27.2,0.905,89.73,7.58,5.27
69.5,0.107,1.85,36.2,22.7,0.928,88.8,6.76,5.35
82.0,0.107,2.27,46.0,30.7,0.943,88.87,8.05,5.71
77.6,0.104,1.85,39.3,24.8,0.926,88.84,7.28,5.4
73.0,0.131,1.81,44.3,30.1,0.969,88.86,9.04,4.9
74.9,0.099,2.04,37.8,23.8,0.914,88.79,6.6,5.74
63.3,0.135,2.23,40.6,28.7,0.929,89.75,7.74,5.25
57.0,0.104,2.71,34.6,23.2,0.939,89.55,5.42,6.39
83.7,0.107,2.46,48.4,32.7,0.916,89.42,8.03,6.03
83.3,0.119,2.66,53.0,37.8,0.923,89.33,8.92,5.94
94.0,0.114,2.99,64.3,47.4,0.976,90.0,10.19,6.31
65.5,0.095,1.81,31.7,19.2,0.942,88.66,5.72,5.55
83.3,0.089,2.46,45.0,29.1,0.97,88.74,7.01,6.41
71.6,0.095,2.48,37.9,24.6,0.922,89.34,6.1,6.2
89.3,0.119,2.23,52.9,37.1,0.949,89.4,9.86,5.36
87.3,0.087,2.55,45.4,30.0,0.961,88.4,7.09,6.4
77.5,0.099,2.14,39.3,25.5,0.934,89.34,7.01,5.61
70.9,0.109,2.44,41.0,28.1,0.95,89.51,7.19,5.71
86.5,0.12,1.39,44.0,28.3,0.969,87.67,9.81,4.48
82.8,0.088,2.1,38.7,23.6,0.911,88.4,6.46,5.99
66.8,0.086,2.45,34.3,21.5,0.928,89.31,5.2,6.6
59.1,0.088,2.61,32.4,20.5,0.966,89.13,4.89,6.63
71.5,0.099,1.67,34.1,20.3,0.918,87.59,6.33,5.39
93.2,0.091,2.06,44.0,27.4,0.944,88.22,7.81,5.63
88.8,0.11,1.57,43.7,27.7,0.935,87.86,8.92,4.9
61.7,0.124,1.91,36.8,24.0,0.953,89.35,7.11,5.18
61.0,0.115,2.26,36.1,25.0,0.953,89.38,6.54,5.52
90.3,0.089,2.62,48.6,31.8,0.946,88.58,7.44,6.54
61.4,0.147,2.55,46.8,35.4,0.976,89.84,8.57,5.47
81.1,0.095,2.21,41.4,26.1,0.914,88.87,6.86,6.03
67.6,0.101,1.77,34.5,21.2,0.967,88.79,6.47,5.34
94.4,0.129,2.03,57.2,40.0,0.939,89.16,11.17,5.12
65.8,0.105,3.2,44.0,31.0,0.953,89.33,6.44,6.83
88.7,0.143,1.4,50.6,33.1,0.922,87.96,11.39,4.44
77.2,0.138,1.5,41.6,27.8,0.908,88.56,9.41,4.42
78.0,0.131,2.19,51.1,36.1,0.962,89.01,9.56,5.34
51.4,0.139,2.45,36.2,25.5,0.92,90.68,6.4,5.66
50.0,0.115,2.53,30.3,20.9,0.931,89.66,5.2,5.82
72.4,0.136,2.24,48.1,34.4,0.904,89.88,8.68,5.55
78.0,0.099,1.34,34.5,20.1,0.952,87.65,7.14,4.83
61.5,0.113,1.99,33.9,21.8,0.955,88.88,6.45,5.26
61.9,0.101,1.22,27.7,15.7,0.972,87.29,5.91,4.69
81.7,0.149,2.3,59.4,44.0,0.971,90.06,11.5,5.16
81.8,0.154,2.33,60.4,45.7,0.956,89.49,11.73,5.15
73.3,0.097,2.04,36.6,22.0,0.926,88.87,6.41,5.71
84.4,0.133,1.51,46.1,30.5,0.93,87.63,10.15,4.54
60.9,0.094,1.69,28.5,16.1,0.931,88.55,5.2,5.48
70.7,0.113,1.29,33.9,20.4,0.91,87.39,7.09,4.78
94.8,0.159,2.07,69.4,51.7,0.976,89.46,14.34,4.84
75.8,0.094,3.2,47.6,33.4,0.965,89.22,6.68,7.13
76.5,0.099,2.05,39.5,24.8,0.912,88.92,6.74,5.87
100.0,0.13,1.89,60.2,42.6,0.976,88.48,12.35,4.88
58.2,0.141,2.21,41.2,29.4,0.967,88.83,7.73,5.32
84.6,0.156,1.52,53.4,38.2,0.974,88.5,12.52,4.27
95.0,0.096,1.54,41.5,24.4,0.923,88.07,8.16,5.08
71.1,0.155,1.79,46.3,33.3,0.927,88.8,9.96,4.64
85.3,0.129,2.54,57.1,41.7,0.938,89.26,10.07,5.67
63.2,0.101,2.27,33.9,21.9,0.918,89.72,5.71,5.93
66.8,0.097,2.02,33.3,20.3,0.937,89.08,5.91,5.62
79.6,0.112,2.47,46.2,31.3,0.901,89.21,7.84,5.89
84.6,0.111,2.95,56.5,41.1,0.97,89.61,8.88,6.36
88.5,0.108,2.47,51.8,35.4,0.913,88.91,8.49,6.1
93.8,0.102,1.59,43.9,26.7,0.94,88.69,8.76,5.02
74.2,0.095,1.2,32.4,18.7,0.974,87.29,6.69,4.85
89.3,0.096,1.23,37.9,21.8,0.966,87.45,8.05,4.71
70.9,0.105,2.53,42.2,29.0,0.962,89.45,7.01,6.02
85.8,0.113,1.72,46.5,30.0,0.948,87.89,8.95,5.2
77.5,0.119,2.51,49.5,35.4,0.935,89.64,8.41,5.89
80.3,0.108,1.87,41.3,26.0,0.936,89.05,7.92,5.22
80.1,0.099,2.29,41.6,27.1,0.907,89.47,7.02,5.93
55.7,0.104,2.45,31.9,21.1,0.905,88.97,5.11,6.24
61.5,0.089,1.71,29.0,17.0,0.967,88.46,5.15,5.64
76.2,0.116,2.51,48.1,33.7,0.933,88.89,8.03,6.0
54.8,0.097,1.77,26.2,15.3,0.904,88.49,4.68,5.59
85.0,0.09,1.75,39.0,23.2,0.953,88.34,7.14,5.46
85.5,0.136,2.51,60.2,44.3,0.955,90.02,10.83,5.56
78.9,0.117,2.42,47.7,32.8,0.918,89.43,8.29,5.75
61.5,0.122,2.33,37.6,25.9,0.933,89.19,6.83,5.51
91.6,0.119,1.55,47.4,30.8,0.946,88.19,10.06,4.71
99.4,0.153,1.91,66.9,48.9,0.948,88.63,14.1,4.74
76.8,0.114,2.44,48.3,33.5,0.941,89.26,8.02,6.02
81.1,0.089,3.2,47.1,31.9,0.929,89.41,6.53,7.21
77.4,0.119,3.01,52.8,38.4,0.906,89.49,8.12,6.5
81.4,0.086,1.87,35.9,20.8,0.902,88.55,6.16,5.82
73.6,0.118,1.77,39.1,25.7,0.937,88.93,7.9,4.95
74.6,0.099,2.96,44.2,30.3,0.916,89.88,6.63,6.66
85.9,0.103,2.4,49.0,33.4,0.975,89.56,8.38,5.85
100.0,0.106,1.87,52.8,34.4,0.951,88.24,9.85,5.36
58.2,0.131,2.16,37.3,25.9,0.947,89.16,7.02,5.31
73.8,0.1,1.48,34.4,20.1,0.933,87.45,6.69,5.14
60.8,0.093,2.6,33.9,21.2,0.926,90.08,5.13,6.6
94.1,0.143,2.8,69.4,52.0,0.914,90.23,11.96,5.8
67.9,0.117,2.87,43.9,31.4,0.905,90.25,7.01,6.27
57.7,0.108,2.66,37.1,25.9,0.951,89.52,5.76,6.43
82.7,0.116,1.94,45.1,30.6,0.962,89.36,8.99,5.02
95.9,0.106,2.55,57.5,39.5,0.969,88.99,9.56,6.01
83.0,0.093,2.83,48.2,32.0,0.958,89.38,7.24,6.66
77.5,0.115,2.57,50.4,36.4,0.972,89.75,8.45,5.97
79.9,0.102,2.53,47.3,32.7,0.979,89.67,7.76,6.1
92.0,0.133,2.2,60.5,44.0,0.977,89.33,11.62,5.21
64.5,0.1,1.65,31.5,19.5,0.947,88.84,5.97,5.27
73.7,0.098,3.03,44.4,31.2,0.918,89.55,6.49,6.84
69.6,0.091,2.08,33.8,20.4,0.909,88.78,5.6,6.04
61.0,0.165,2.71,52.4,41.1,0.98,90.27,9.6,5.46
71.1,0.113,3.2,49.6,36.2,0.925,89.41,7.22,6.87
88.3,0.101,2.55,49.0,33.2,0.903,88.13,7.83,6.26
81.8,0.099,2.69,45.5,31.1,0.931,89.63,7.32,6.21
82.7,0.084,1.63,35.7,20.7,0.96,87.78,6.48,5.51
76.8,0.134,1.74,44.9,31.2,0.971,89.01,9.72,4.62
81.3,0.146,2.73,63.1,48.1,0.938,90.08,10.89,5.79
65.4,0.134,1.83,38.3,25.6,0.924,89.13,7.87,4.87
71.3,0.092,1.43,31.8,18.2,0.962,88.0,6.16,5.17
77.3,0.099,1.27,33.7,19.3,0.94,87.59,7.04,4.79
78.3,0.096,1.99,38.5,23.7,0.907,88.33,6.63,5.8
78.8,0.116,1.99,44.9,30.6,0.971,89.43,8.69,5.16
73.3,0.104,2.6,43.3,29.7,0.952,89.71,7.08,6.12
70.5,0.117,1.61,36.0,22.8,0.903,88.08,7.26,4.96
100.0,0.1,2.79,56.8,39.4,0.901,88.83,8.76,6.49
85.9,0.117,1.49,42.1,26.6,0.907,87.47,8.88,4.74
80.0,0.116,1.51,41.0,26.7,0.966,88.23,8.7,4.72
72.2,0.099,2.17,37.2,23.7,0.939,88.95,6.56,5.67
69.6,0.087,2.13,34.2,20.8,0.927,87.98,5.49,6.23
73.4,0.147,2.39,52.1,38.5,0.92,89.57,9.66,5.39
78.5,0.142,1.51,45.1,30.9,0.941,88.23,10.23,4.4
52.4,0.107,2.28,29.9,19.4,0.907,89.54,4.96,6.02
56.2,0.107,1.26,26.3,15.5,0.949,87.05,5.55,4.75
67.4,0.1,1.2,28.4,15.9,0.93,87.18,6.08,4.67
77.5,0.124,3.01,57.1,42.1,0.969,90.32,9.11,6.27
72.1,0.109,2.62,45.6,31.6,0.96,89.57,7.37,6.18
92.7,0.125,2.1,55.0,38.2,0.901,89.14,10.21,5.39
57.2,0.094,1.2,23.4,12.5,0.913,87.77,4.78,4.9
66.0,0.091,1.87,30.6,18.2,0.938,88.59,5.52,5.54
93.2,0.105,2.32,52.8,36.2,0.953,88.87,9.09,5.8
76.6,0.122,1.87,43.0,29.0,0.957,88.95,8.71,4.93
85.6,0.151,2.88,71.3,55.7,0.965,89.63,12.2,5.84
99.6,0.129,2.41,62.1,45.2,0.904,88.94,11.35,5.47
66.7,0.125,1.64,36.2,23.0,0.901,87.9,7.34,4.93
73.8,0.119,1.3,36.2,22.3,0.948,88.41,8.14,4.45
71.7,0.106,2.54,42.3,29.2,0.958,89.7,7.1,5.97
51.5,0.103,2.52,31.6,20.7,0.963,89.33,4.98,6.34
71.3,0.106,2.48,41.2,27.6,0.912,89.74,6.73,6.13
85.6,0.095,2.94,51.6,35.6,0.977,89.01,7.73,6.68
81.5,0.128,2.33,51.1,36.2,0.918,89.39,9.34,5.47
82.4,0.122,2.15,49.6,34.2,0.92,89.12,9.01,5.5
70.5,0.091,2.48,35.8,23.2,0.912,89.05,5.68,6.3
67.1,0.09,2.72,36.3,23.5,0.903,89.11,5.31,6.83
90.2,0.115,2.44,54.9,38.6,0.965,89.6,9.76,5.62
69.0,0.095,2.12,35.7,22.3,0.9,88.98,5.77,6.19
78.5,0.1,2.58,44.6,30.2,0.937,89.85,7.15,6.24
77.0,0.107,2.15,40.1,26.0,0.907,88.65,7.31,5.49
92.5,0.1,1.86,44.5,27.2,0.904,88.15,8.18,5.44
86.7,0.087,2.16,42.6,26.3,0.975,88.62,7.15,5.97
59.5,0.111,1.94,34.3,22.5,0.966,89.45,6.21,5.52
60.7,0.138,2.06,40.9,29.0,0.932,89.25,7.64,5.35
81.9,0.118,1.68,43.7,28.4,0.937,88.57,8.84,4.95
74.2,0.114,2.6,48.2,34.4,0.969,89.63,8.01,6.02
69.5,0.116,2.21,41.9,29.2,0.964,89.79,7.58,5.54
87.2,0.143,2.46,62.4,46.4,0.955,89.74,11.63,5.37
77.2,0.101,2.34,42.2,28.5,0.943,88.49,7.2,5.86
75.6,0.14,1.65,45.5,30.9,0.949,88.33,9.82,4.63
84.4,0.136,2.76,62.5,47.0,0.931,89.39,10.46,5.98
70.5,0.098,1.99,36.9,23.7,0.942,88.64,6.33,5.82
93.8,0.101,1.92,48.1,31.4,0.943,88.86,8.72,5.51
65.5,0.108,2.21,38.5,25.5,0.969,89.16,6.67,5.77
82.9,0.137,2.22,54.3,38.8,0.917,89.37,10.19,5.33
92.2,0.123,3.2,66.8,50.0,0.92,89.55,10.2,6.55
58.5,0.107,2.4,33.8,22.2,0.917,89.71,5.58,6.06
70.9,0.115,1.86,39.4,26.0,0.946,88.56,7.5,5.26
88.7,0.107,3.05,59.1,42.6,0.956,89.37,8.83,6.69
88.9,0.137,1.28,46.4,30.3,0.919,87.48,10.94,4.24
72.9,0.126,1.86,42.0,28.3,0.954,88.89,8.52,4.92
66.2,0.114,1.82,37.3,24.5,0.95,88.62,6.97,5.35
86.5,0.098,2.1,43.8,28.5,0.926,88.24,7.66,5.72
89.2,0.144,2.27,60.0,44.3,0.918,89.72,11.53,5.21
61.0,0.123,2.32,40.7,28.2,0.971,89.57,7.11,5.72
60.6,0.115,2.31,35.7,24.3,0.946,89.9,6.39,5.58
77.7,0.107,2.41,45.7,30.7,0.956,89.41,7.76,5.89
82.6,0.114,2.07,47.2,32.2,0.974,89.1,8.95,5.28
71.4,0.127,2.74,47.8,34.8,0.916,90.19,8.12,5.88
83.2,0.114,1.29,39.2,23.4,0.928,88.28,8.55,4.58
66.5,0.098,1.2,27.3,14.4,0.935,87.59,5.93,4.6
50.0,0.087,2.47,25.8,15.5,0.919,89.77,3.88,6.64
69.9,0.104,1.93,35.3,22.6,0.967,88.92,6.87,5.14
75.8,0.15,2.96,60.2,45.9,0.907,90.54,10.03,6.0
71.7,0.104,2.62,40.7,28.5,0.919,89.19,6.71,6.07
61.1,0.084,2.39,31.0,19.1,0.915,89.41,4.61,6.73
53.2,0.13,1.86,32.4,22.3,0.976,89.71,6.61,4.91
68.8,0.135,2.44,47.6,34.0,0.95,90.06,8.6,5.53
85.8,0.099,1.9,43.2,27.1,0.957,88.44,7.93,5.45
90.1,0.124,2.13,53.7,37.2,0.909,89.15,9.87,5.44
89.3,0.122,1.94,50.0,33.3,0.916,88.63,9.76,5.13
65.2,0.094,2.23,36.7,23.3,0.965,88.84,5.77,6.36
61.2,0.097,1.97,31.1,19.3,0.945,89.42,5.47,5.69
81.0,0.13,2.6,53.4,38.4,0.904,89.45,9.26,5.77
82.6,0.108,2.33,46.3,31.6,0.945,88.95,8.21,5.64
79.8,0.14,1.85,49.3,34.8,0.938,88.81,10.21,4.83
50.8,0.111,1.88,27.3,17.5,0.912,88.86,5.03,5.43
64.6,0.14,1.46,37.1,24.8,0.947,88.18,8.36,4.44
74.6,0.11,1.2,33.7,19.6,0.914,86.55,7.33,4.6
80.8,0.131,2.57,56.5,41.9,0.965,89.05,9.97,5.67
84.2,0.111,1.92,45.1,29.6,0.949,88.6,8.67,5.21
76.7,0.122,1.49,41.2,26.6,0.97,88.27,8.88,4.64
79.0,0.091,2.32,41.6,26.9,0.934,88.37,6.57,6.33
76.0,0.104,1.74,38.1,23.5,0.941,88.47,7.23,5.27
83.2,0.109,2.07,45.3,30.7,0.961,89.29,8.48,5.35
78.8,0.103,1.45,36.6,22.6,0.944,87.59,7.47,4.89
75.8,0.111,2.42,45.5,31.1,0.946,88.99,7.78,5.85
71.8,0.136,2.14,47.1,33.5,0.944,89.41,9.01,5.23
76.0,0.082,2.35,37.2,23.0,0.939,89.1,5.7,6.52
80.8,0.091,1.89,38.3,23.4,0.964,88.23,6.93,5.53
78.2,0.127,2.22,47.6,33.6,0.939,89.64,9.1,5.24
79.6,0.099,1.37,35.1,21.1,0.972,87.64,7.45,4.71
91.1,0.149,3.2,79.7,62.7,0.965,90.56,12.77,6.24
78.2,0.124,2.31,49.3,34.4,0.955,88.76,9.02,5.47
67.2,0.084,2.95,37.5,25.0,0.972,88.94,5.33,7.03
85.6,0.091,1.97,39.9,25.1,0.943,88.32,7.15,5.59
58.6,0.115,1.58,30.8,19.4,0.966,88.02,6.37,4.83
62.0,0.137,1.85,37.4,25.7,0.919,89.76,7.64,4.89
79.0,0.103,2.08,40.0,25.0,0.906,88.93,7.16,5.58
81.2,0.1,2.04,42.7,28.0,0.955,88.62,7.58,5.62
60.1,0.095,3.03,35.5,23.6,0.924,90.25,5.14,6.9
70.4,0.154,1.67,45.2,31.8,0.951,89.07,10.04,4.5
67.7,0.126,1.8,38.7,25.3,0.906,88.82,7.52,5.14
69.2,0.112,2.46,44.2,31.0,0.976,89.19,7.39,5.99
86.3,0.09,1.31,35.4,19.8,0.941,87.27,7.14,4.97
83.5,0.087,2.08,38.0,22.5,0.901,88.78,6.4,5.93
74.8,0.102,2.17,39.1,25.1,0.938,89.24,6.99,5.59
68.4,0.11,2.32,40.6,28.3,0.963,89.62,7.07,5.74
58.8,0.098,2.27,32.2,20.5,0.969,89.81,5.44,5.91
92.0,0.106,3.09,59.4,42.7,0.937,89.09,8.91,6.68
82.1,0.112,1.66,39.2,24.9,0.91,89.05,8.17,4.8
66.5,0.097,1.78,31.8,19.8,0.972,89.17,6.12,5.21
83.6,0.091,2.4,45.2,30.1,0.978,89.56,7.27,6.22
74.2,0.107,2.21,40.7,26.4,0.905,89.04,6.97,5.83
71.6,0.129,2.28,44.2,31.1,0.906,89.24,8.18,5.41
80.2,0.09,1.4,34.9,19.7,0.945,87.46,6.63,5.26
66.1,0.102,3.19,41.6,28.7,0.943,89.85,6.17,6.74
70.9,0.105,2.33,39.9,26.7,0.947,89.54,6.84,5.84
76.5,0.12,1.31,37.2,22.6,0.925,87.53,8.25,4.51
69.0,0.107,2.41,38.8,25.8,0.904,89.69,6.51,5.96
83.0,0.103,1.55,38.1,23.1,0.946,87.78,7.86,4.84
97.4,0.096,2.56,52.3,34.8,0.912,88.94,8.29,6.31
65.9,0.11,1.44,31.0,18.8,0.927,88.25,6.55,4.74
55.0,0.134,2.6,39.2,28.0,0.947,90.09,6.81,5.75
51.0,0.125,1.49,27.0,16.7,0.917,88.29,5.71,4.73
73.2,0.096,1.61,33.4,19.1,0.943,87.8,6.48,5.16
67.0,0.088,2.17,34.4,21.7,0.957,89.32,5.49,6.28
77.5,0.129,1.79,41.5,26.9,0.905,88.95,8.79,4.72
76.6,0.088,1.82,35.1,20.8,0.95,88.84,6.25,5.62
55.8,0.117,1.34,27.7,16.5,0.941,88.35,5.99,4.62
53.2,0.084,1.94,24.1,13.4,0.908,88.72,3.95,6.09
78.6,0.149,2.54,59.1,44.9,0.957,90.18,10.91,5.42
76.6,0.085,3.04,42.6,28.3,0.925,89.47,5.89,7.24
69.9,0.124,2.51,44.2,31.0,0.915,89.6,7.71,5.73
55.1,0.13,2.44,36.3,24.6,0.923,90.81,6.46,5.63
80.7,0.093,1.26,32.5,18.3,0.944,87.86,6.89,4.71
90.3,0.1,2.09,45.5,28.8,0.946,88.88,8.35,5.46
78.3,0.119,1.77,42.1,27.0,0.914,88.32,8.34,5.05
64.8,0.123,1.34,33.0,21.0,0.975,87.75,7.61,4.34
75.5,0.092,1.46,33.6,18.7,0.926,87.51,6.3,5.34
58.6,0.097,2.43,32.7,21.2,0.921,89.71,5.09,6.42
87.7,0.143,1.82,53.3,37.3,0.915,88.97,11.16,4.78
76.0,0.096,1.36,32.7,18.5,0.91,87.35,6.44,5.08
53.8,0.1,1.78,26.9,16.2,0.979,89.49,5.11,5.27
71.4,0.109,2.24,40.8,27.3,0.954,89.06,7.22,5.65
80.6,0.093,1.76,37.1,22.7,0.963,88.91,7.07,5.25
71.0,0.095,1.49,31.7,18.2,0.932,88.29,6.15,5.16
71.7,0.12,1.64,37.0,24.2,0.933,88.7,7.82,4.73
60.3,0.095,2.54,34.4,22.9,0.979,89.18,5.45,6.31
81.8,0.106,1.2,35.8,20.9,0.916,87.56,7.77,4.61
67.2,0.113,1.97,37.3,24.5,0.926,89.69,6.84,5.45
50.0,0.121,2.04,29.3,19.4,0.916,89.53,5.38,5.45
70.5,0.087,1.72,31.3,17.9,0.923,88.69,5.49,5.7
86.8,0.129,1.62,48.5,33.1,0.953,88.36,10.42,4.65
70.4,0.135,2.59,49.5,36.3,0.925,90.35,8.58,5.77
95.9,0.12,2.59,62.9,45.9,0.97,88.92,10.88,5.78
80.1,0.148,2.15,52.9,37.9,0.904,89.8,10.45,5.06
79.1,0.103,1.83,40.0,24.6,0.928,87.62,7.35,5.44
73.5,0.09,2.16,36.7,22.9,0.969,88.45,6.23,5.88
74.2,0.129,2.3,49.1,34.6,0.95,89.1,8.88,5.53
71.8,0.092,2.04,36.2,22.6,0.962,88.79,6.18,5.85
71.4,0.09,2.32,35.7,22.6,0.926,88.75,5.82,6.14
81.4,0.109,1.92,42.7,27.6,0.93,88.37,8.02,5.33
63.8,0.086,1.2,23.6,12.2,0.971,86.97,5.21,4.54
62.1,0.104,2.0,33.1,21.0,0.96,88.98,6.04,5.48
61.5,0.108,2.44,38.7,26.4,0.931,89.12,6.04,6.41
99.5,0.121,2.12,58.2,40.7,0.917,88.33,10.8,5.39
81.4,0.14,2.27,55.2,39.8,0.909,89.17,10.12,5.46
78.7,0.132,1.96,48.7,34.5,0.969,89.41,9.83,4.96
62.3,0.094,2.0,31.7,19.7,0.956,89.82,5.47,5.79
82.5,0.096,2.19,41.9,27.2,0.949,89.34,7.31,5.74
73.6,0.107,3.07,48.4,34.7,0.962,89.54,7.36,6.58
77.6,0.104,2.52,48.1,32.5,0.973,89.43,7.65,6.29
63.3,0.118,2.45,39.6,27.7,0.961,89.62,7.0,5.65
76.9,0.099,2.2,40.8,26.5,0.934,88.92,6.94,5.88
69.9,0.127,1.43,37.2,24.0,0.914,88.16,7.9,4.71
65.8,0.109,2.71,42.0,29.5,0.957,89.74,6.66,6.3
83.8,0.119,2.55,53.4,37.6,0.92,88.79,8.97,5.95
56.5,0.131,2.28,38.4,27.6,0.963,89.53,6.98,5.51
81.8,0.114,2.08,45.9,30.7,0.927,88.92,8.42,5.46
83.2,0.115,2.37,48.7,33.5,0.913,90.06,8.54,5.7
64.4,0.136,1.98,40.8,27.9,0.92,89.56,7.84,5.21
65.2,0.141,2.46,45.2,32.7,0.921,90.26,8.24,5.49
72.3,0.097,1.68,33.2,19.5,0.93,88.24,6.39,5.19
78.4,0.122,1.2,37.3,22.5,0.921,87.75,8.59,4.34
73.2,0.123,1.5,37.9,23.6,0.918,88.29,8.07,4.69
80.2,0.121,2.17,47.2,31.9,0.931,89.44,8.81,5.35
96.2,0.175,1.95,72.8,55.0,0.969,89.35,15.87,4.58
68.9,0.101,2.03,35.2,21.7,0.906,89.11,6.17,5.71
54.4,0.12,1.45,27.3,16.6,0.924,88.15,5.87,4.65
84.9,0.089,2.25,43.0,26.6,0.945,89.42,6.98,6.17
95.2,0.108,1.58,47.2,29.6,0.97,87.7,9.76,4.83
79.7,0.103,2.35,44.9,29.9,0.923,88.78,7.38,6.09
61.9,0.09,1.39,27.3,15.4,0.928,87.74,5.02,5.44
73.5,0.089,1.68,33.1,19.9,0.964,88.82,6.16,5.38
61.6,0.146,1.61,36.9,25.0,0.93,88.65,8.15,4.52
82.7,0.125,2.39,54.0,39.1,0.968,89.3,9.77,5.53
58.8,0.089,1.87,27.0,15.7,0.936,88.79,4.76,5.67
71.4,0.097,2.31,38.9,25.4,0.946,88.67,6.38,6.1
62.9,0.112,2.67,41.2,28.6,0.945,89.22,6.52,6.32
76.5,0.099,2.99,46.0,31.8,0.91,89.89,6.72,6.84
70.6,0.116,2.22,40.8,27.9,0.928,89.31,7.45,5.48
77.1,0.113,1.55,38.0,24.3,0.919,87.75,7.82,4.86
75.3,0.096,2.73,43.5,29.9,0.955,89.25,6.75,6.44
63.2,0.1,2.86,40.4,27.4,0.975,89.46,6.02,6.7
82.5,0.089,2.07,38.8,23.9,0.917,88.62,6.55,5.93
74.4,0.129,2.76,50.0,36.8,0.907,89.85,8.52,5.87
63.1,0.14,2.27,43.8,31.6,0.941,88.98,8.13,5.39
100.0,0.088,1.27,39.4,21.6,0.931,87.2,7.97,4.94
80.7,0.089,1.78,35.1,20.1,0.903,88.26,6.31,5.55
73.2,0.118,1.85,41.2,27.2,0.974,88.57,8.18,5.04
92.0,0.152,1.92,63.0,45.8,0.975,89.34,13.28,4.74
97.1,0.107,1.63,48.1,30.6,0.968,87.56,9.78,4.92
73.3,0.093,1.62,32.7,18.8,0.922,87.98,6.13,5.33
79.2,0.121,2.77,51.6,36.4,0.91,89.19,8.47,6.09
63.1,0.161,1.23,37.4,25.6,0.947,88.3,9.39,3.98
73.2,0.129,1.74,39.9,26.7,0.923,89.16,8.48,4.7
72.6,0.108,2.41,41.8,28.0,0.916,89.46,6.99,5.98
77.2,0.119,1.82,42.1,28.1,0.951,88.64,8.5,4.95
79.0,0.094,2.3,41.7,27.3,0.96,88.52,6.92,6.03
81.7,0.12,1.9,46.1,31.1,0.942,88.61,9.0,5.13
77.9,0.111,2.32,44.8,30.2,0.926,89.29,7.77,5.76
60.5,0.126,1.58,33.1,21.5,0.941,88.39,6.97,4.75
63.7,0.126,1.2,32.2,19.6,0.948,87.35,7.41,4.35
68.4,0.127,1.9,38.4,25.5,0.904,88.67,7.66,5.01
71.6,0.12,1.21,34.3,21.5,0.936,87.08,7.83,4.39
87.6,0.146,2.07,60.0,43.9,0.948,88.71,11.84,5.07
61.0,0.143,1.53,34.5,22.7,0.91,88.78,7.75,4.45
70.7,0.102,1.54,32.3,19.1,0.936,88.08,6.61,4.88
86.4,0.095,2.84,50.1,34.3,0.928,89.27,7.45,6.73
71.4,0.118,2.24,42.9,29.7,0.969,89.19,7.95,5.39
80.5,0.115,1.33,39.0,24.5,0.939,87.33,8.46,4.61
73.3,0.148,2.08,50.7,36.4,0.934,89.36,9.87,5.14
78.1,0.122,2.03,45.2,30.4,0.92,88.88,8.53,5.3
72.3,0.127,1.2,36.8,23.0,0.977,87.45,8.74,4.21
83.0,0.125,2.27,52.5,37.3,0.977,89.9,9.91,5.3
56.5,0.15,2.58,42.8,32.1,0.929,90.13,7.69,5.56
70.6,0.082,1.89,31.3,19.2,0.974,88.26,5.5,5.69
78.6,0.085,1.95,36.9,21.9,0.949,88.39,6.17,5.98
81.4,0.115,1.82,45.6,29.7,0.962,88.42,8.76,5.2
92.9,0.085,2.29,44.1,27.8,0.907,88.47,6.95,6.35
70.3,0.126,1.98,39.9,27.4,0.902,88.93,7.81,5.1
92.8,0.103,2.0,49.9,32.8,0.941,88.78,8.77,5.69
67.1,0.095,1.7,31.6,18.2,0.906,88.59,5.61,5.64
90.9,0.097,3.12,56.8,40.5,0.971,89.62,8.35,6.8
84.8,0.142,1.97,56.1,39.7,0.966,89.48,11.33,4.95
64.0,0.104,2.45,37.9,25.5,0.957,89.32,6.23,6.09
78.7,0.111,2.23,43.3,29.7,0.903,88.57,7.69,5.63
74.4,0.096,1.2,32.2,17.8,0.937,87.68,6.53,4.93
82.5,0.108,1.91,41.0,25.9,0.906,87.85,7.87,5.21
72.3,0.111,1.52,36.3,22.8,0.974,87.99,7.61,4.77
71.3,0.102,2.59,40.9,27.6,0.949,88.91,6.76,6.06
91.4,0.09,1.47,39.1,22.5,0.913,87.58,7.33,5.34
73.8,0.12,2.35,44.9,31.4,0.945,89.07,8.17,5.49
84.9,0.086,2.6,42.0,26.9,0.909,89.41,6.47,6.49
72.3,0.152,2.24,50.5,36.7,0.912,89.8,9.79,5.16
95.0,0.109,2.1,49.4,32.7,0.906,89.24,9.15,5.4
66.9,0.099,1.9,33.6,21.4,0.97,88.79,6.28,5.36
67.6,0.095,2.04,31.9,19.9,0.944,89.28,5.91,5.39
93.3,0.143,1.43,53.3,36.0,0.926,87.57,12.04,4.43
69.7,0.146,2.19,47.5,33.4,0.9,89.97,8.92,5.33
94.2,0.128,2.63,62.9,46.4,0.938,89.34,11.0,5.72
85.7,0.115,1.66,44.5,29.1,0.941,88.34,9.07,4.9
73.1,0.093,2.11,36.4,22.7,0.927,89.18,6.14,5.92
53.2,0.113,2.05,30.0,19.1,0.939,89.45,5.51,5.45
74.8,0.103,2.26,40.5,26.6,0.908,88.82,6.79,5.96
76.2,0.092,1.83,37.1,22.2,0.974,88.24,6.64,5.59
89.0,0.128,1.35,45.5,29.6,0.921,87.24,10.24,4.45
94.1,0.091,1.54,41.4,24.4,0.976,87.83,8.12,5.1
66.8,0.101,1.2,28.3,15.6,0.939,87.05,6.2,4.57
84.6,0.097,2.49,47.5,32.7,0.969,88.92,7.79,6.1
84.2,0.101,2.3,45.8,30.4,0.946,89.05,7.86,5.83
87.9,0.114,2.09,50.7,34.5,0.968,88.78,9.45,5.37
81.0,0.112,1.75,40.5,26.1,0.901,88.87,7.99,5.07
51.7,0.113,2.02,27.8,17.8,0.915,89.58,5.21,5.34
73.1,0.144,2.09,48.6,34.1,0.928,89.68,9.5,5.11
61.1,0.112,1.84,31.8,20.3,0.924,88.75,6.15,5.17
72.6,0.114,1.86,39.9,26.2,0.976,89.02,7.85,5.08
86.8,0.115,2.75,56.2,40.5,0.932,89.6,9.03,6.23
78.7,0.097,1.47,35.5,21.1,0.978,87.3,7.25,4.89
88.8,0.138,2.6,63.1,47.4,0.952,89.49,11.35,5.56
79.1,0.106,1.29,37.4,22.6,0.967,87.27,7.89,4.74
59.4,0.124,2.9,40.9,29.8,0.932,90.54,6.72,6.1
50.0,0.1,1.2,21.8,12.0,0.915,87.25,4.45,4.91
76.8,0.13,2.33,49.6,34.8,0.904,89.64,8.82,5.63
72.4,0.097,1.77,35.1,21.8,0.953,88.89,6.55,5.36
63.3,0.134,2.02,40.6,28.0,0.978,89.06,8.11,5.0
54.6,0.087,2.03,25.2,14.7,0.909,89.07,4.23,5.97
66.2,0.095,2.4,34.9,22.4,0.962,89.98,5.91,5.91
72.7,0.167,1.2,43.4,29.5,0.929,87.32,10.98,3.95
83.0,0.131,2.08,53.2,38.5,0.979,88.92,10.4,5.12
77.3,0.104,2.19,43.8,29.1,0.97,89.11,7.59,5.77
94.3,0.11,1.77,47.2,30.5,0.918,88.38,9.27,5.09
62.6,0.127,2.04,38.5,26.5,0.961,89.4,7.44,5.18
85.6,0.113,1.77,44.5,29.3,0.959,88.62,9.03,4.93
75.6,0.142,2.38,53.0,38.8,0.961,90.11,10.08,5.26
83.3,0.099,2.28,43.2,28.4,0.907,88.96,7.26,5.95
69.8,0.114,2.21,40.5,27.6,0.965,89.23,7.46,5.43
87.9,0.119,2.43,52.6,36.7,0.921,89.46,9.42,5.58
78.5,0.117,2.72,52.3,37.6,0.947,90.25,8.49,6.16
66.8,0.106,1.6,32.3,19.0,0.909,88.52,6.28,5.14
74.9,0.109,3.2,50.7,36.9,0.945,90.08,7.51,6.75
72.1,0.114,2.3,43.6,30.2,0.973,88.76,7.77,5.61
80.9,0.147,1.85,51.1,36.4,0.914,88.98,10.63,4.8
60.8,0.103,3.2,40.7,28.3,0.968,89.43,5.93,6.87
74.6,0.14,1.89,46.7,32.9,0.935,89.12,9.52,4.91
79.7,0.139,1.49,44.5,29.5,0.926,88.77,10.01,4.44
75.4,0.134,1.85,44.6,30.4,0.905,88.51,8.92,5.0
91.2,0.098,1.82,43.3,27.0,0.942,88.85,8.18,5.29
84.3,0.106,2.64,49.8,34.1,0.916,89.29,8.0,6.22
74.9,0.122,2.04,46.1,31.6,0.975,89.41,8.69,5.3
77.6,0.131,2.15,47.3,33.1,0.919,89.64,9.09,5.21
78.5,0.124,2.13,47.5,32.5,0.947,89.86,8.97,5.29
79.8,0.128,2.68,55.2,40.3,0.945,89.85,9.4,5.87
53.1,0.094,1.94,24.9,14.9,0.927,88.65,4.52,5.51
71.4,0.096,2.0,36.8,22.8,0.968,89.14,6.5,5.67
57.2,0.097,1.76,27.7,16.2,0.915,87.7,4.95,5.59
90.3,0.11,1.89,48.7,32.7,0.965,88.2,9.39,5.18
74.3,0.12,2.36,44.8,31.3,0.917,89.21,7.98,5.61
72.7,0.1,2.46,39.2,25.1,0.903,88.53,6.38,6.15
85.8,0.139,2.95,67.5,52.2,0.976,90.41,11.38,5.94
80.1,0.133,2.05,49.3,35.1,0.951,89.63,9.9,4.98
61.5,0.141,1.97,38.5,27.3,0.95,89.59,8.04,4.78
74.1,0.162,2.3,55.2,41.6,0.921,90.2,10.79,5.12
71.0,0.1,1.87,35.2,21.5,0.911,88.77,6.28,5.59
54.1,0.12,1.78,30.9,20.1,0.956,89.3,6.04,5.11
66.7,0.103,2.26,36.5,24.3,0.941,89.67,6.31,5.78
72.8,0.085,1.9,33.3,19.7,0.925,87.99,5.57,5.97
73.6,0.107,1.96,38.9,24.9,0.925,89.14,7.08,5.49
57.2,0.167,2.4,47.6,36.8,0.971,90.65,9.03,5.27
88.8,0.155,2.26,66.9,50.8,0.971,89.31,13.04,5.13
73.8,0.103,3.1,47.5,33.0,0.922,89.55,6.84,6.95
75.5,0.108,2.56,45.0,30.9,0.964,89.12,7.62,5.91
79.8,0.103,1.72,40.4,25.0,0.918,88.41,7.39,5.46
65.5,0.102,1.9,33.5,21.3,0.965,88.94,6.27,5.34
80.5,0.116,1.41,39.0,24.3,0.91,87.85,8.3,4.7
70.6,0.128,1.61,40.3,26.5,0.961,88.27,8.45,4.78
64.2,0.118,2.73,42.6,30.3,0.944,90.27,7.0,6.09
81.9,0.083,1.96,35.5,20.9,0.909,88.21,6.01,5.91
92.9,0.091,1.41,40.1,22.4,0.949,87.47,7.83,5.12
83.7,0.107,1.2,35.1,19.6,0.915,87.26,8.0,4.38
86.1,0.09,1.36,35.7,19.2,0.916,86.65,6.94,5.14
68.8,0.096,1.7,31.7,19.0,0.936,88.47,6.03,5.27
55.8,0.109,2.1,31.9,21.0,0.977,89.73,5.78,5.52
92.9,0.097,1.9,47.0,29.9,0.971,88.33,8.56,5.49
99.7,0.083,2.45,50.0,31.5,0.966,88.97,7.82,6.39
93.5,0.118,1.63,50.6,33.2,0.968,87.88,10.43,4.85
71.0,0.089,2.71,37.4,25.0,0.94,89.69,5.78,6.47
61.1,0.087,2.03,28.6,17.1,0.93,88.47,4.82,5.94
62.2,0.106,2.33,36.4,24.4,0.971,89.38,6.22,5.85
54.8,0.106,1.84,28.6,17.5,0.906,89.35,5.12,5.58
73.7,0.124,2.61,50.2,36.5,0.98,90.06,8.72,5.76
94.3,0.111,1.44,45.5,28.5,0.944,87.12,9.64,4.71
73.3,0.123,1.48,38.9,25.1,0.943,88.07,8.32,4.68
78.6,0.108,1.62,38.5,24.3,0.923,87.97,7.67,5.02
91.5,0.103,2.69,52.2,35.8,0.914,89.58,8.38,6.23
70.2,0.125,1.98,41.6,28.3,0.954,89.09,8.13,5.11
99.4,0.092,1.63,44.3,26.4,0.929,87.75,8.28,5.35
98.9,0.082,2.0,43.3,26.0,0.924,88.37,7.3,5.93
73.4,0.091,2.19,35.9,22.0,0.913,88.48,5.95,6.03
68.1,0.119,1.56,35.8,22.7,0.943,88.46,7.46,4.79
83.4,0.117,2.18,50.1,34.3,0.947,88.71,8.98,5.59
70.8,0.111,2.03,39.7,26.3,0.935,88.84,7.2,5.51
61.1,0.085,1.85,28.2,16.0,0.901,88.43,4.55,6.21
90.4,0.1,1.47,40.0,24.4,0.939,87.74,8.26,4.85
89.6,0.117,2.54,56.0,39.6,0.922,89.0,9.43,5.94
76.9,0.11,1.87,40.2,26.1,0.911,88.51,7.48,5.37
59.8,0.097,1.2,25.1,13.7,0.946,87.33,5.33,4.71
60.2,0.127,2.28,39.5,27.7,0.954,90.11,7.09,5.57
76.3,0.102,2.29,41.6,28.1,0.942,89.26,7.16,5.81
69.0,0.099,2.57,39.2,26.8,0.949,89.78,6.32,6.19
70.9,0.115,2.31,42.0,28.5,0.949,88.6,7.52,5.59
87.3,0.103,2.17,45.3,29.3,0.91,89.32,7.94,5.7
83.8,0.153,1.86,53.4,38.3,0.917,88.77,11.45,4.67
91.5,0.114,1.86,49.3,32.1,0.901,88.28,9.19,5.36
63.1,0.117,2.44,40.1,27.6,0.979,90.28,7.03,5.7
70.9,0.113,2.02,38.3,24.8,0.917,89.08,7.14,5.36
84.1,0.083,1.38,33.1,18.2,0.965,86.98,6.59,5.02
80.4,0.12,1.93,46.5,31.1,0.962,88.62,9.03,5.15
93.4,0.111,2.07,51.8,35.6,0.956,88.24,9.67,5.35
80.0,0.087,1.2,32.4,18.0,0.936,86.8,6.37,5.09
97.2,0.085,2.47,49.0,31.1,0.947,88.61,7.62,6.43
81.5,0.127,2.1,47.7,33.2,0.915,89.36,9.24,5.16
87.7,0.107,1.42,41.4,24.9,0.908,88.17,8.31,4.99
71.1,0.113,1.95,40.7,26.6,0.928,88.49,7.3,5.58
75.2,0.157,2.05,52.8,38.5,0.966,89.72,11.1,4.76
85.9,0.112,2.57,52.8,37.3,0.945,88.76,8.9,5.93
94.4,0.087,2.56,49.1,32.5,0.961,89.01,7.72,6.36
83.8,0.124,2.64,57.0,42.2,0.971,89.1,9.81,5.81
74.0,0.142,2.29,52.8,38.9,0.945,89.14,9.7,5.45
91.5,0.104,1.77,44.5,27.8,0.929,89.13,8.61,5.17
50.0,0.116,1.65,26.3,16.3,0.968,89.52,5.46,4.82
57.9,0.118,1.75,31.3,19.5,0.918,88.62,6.13,5.11
83.2,0.096,2.07,41.5,25.9,0.902,89.35,7.0,5.93
75.2,0.146,2.09,49.2,35.1,0.904,89.42,9.68,5.09
82.3,0.132,2.61,58.7,43.5,0.947,89.13,9.99,5.88
75.8,0.095,1.97,38.1,24.4,0.971,88.9,6.83,5.58
81.9,0.135,1.2,41.8,26.5,0.945,87.68,10.21,4.09
65.2,0.098,1.5,30.4,17.9,0.933,88.28,5.84,5.21
81.8,0.111,1.61,42.6,27.1,0.946,87.58,8.41,5.06
86.9,0.133,1.61,50.4,34.4,0.954,87.95,10.75,4.69
89.6,0.122,1.2,43.5,26.2,0.961,87.4,10.25,4.25
99.2,0.129,2.88,71.7,53.3,0.928,89.07,11.61,6.17
77.9,0.091,1.2,30.0,16.3,0.931,87.23,6.41,4.69
78.3,0.134,1.81,45.2,30.6,0.902,88.74,9.25,4.89
56.7,0.114,2.43,35.6,24.1,0.952,89.08,5.99,5.95
68.6,0.089,2.39,35.9,23.2,0.962,88.68,5.72,6.28
72.7,0.123,1.37,36.7,23.4,0.941,88.0,8.17,4.49
87.6,0.112,2.7,55.0,38.3,0.93,89.52,8.9,6.18
67.7,0.09,2.63,36.5,24.0,0.927,89.89,5.5,6.64
84.6,0.096,2.01,43.4,27.6,0.952,88.6,7.52,5.77
75.0,0.111,2.11,41.6,27.6,0.926,88.97,7.49,5.55
72.9,0.125,1.64,41.1,27.2,0.948,89.15,8.39,4.9
78.0,0.111,2.23,45.5,31.2,0.974,88.82,8.2,5.55
70.3,0.14,2.21,45.5,32.5,0.926,89.47,8.91,5.1
69.9,0.107,1.86,35.3,21.7,0.905,88.9,6.6,5.36
54.5,0.097,2.42,31.2,19.8,0.97,89.16,4.98,6.26
72.0,0.126,2.27,45.2,31.8,0.922,89.58,8.15,5.55
69.2,0.166,3.2,66.2,52.9,0.979,90.48,10.98,6.03
68.8,0.088,1.65,31.3,18.0,0.967,88.56,5.74,5.46
80.0,0.094,2.77,46.9,32.0,0.934,89.14,6.87,6.82
82.9,0.104,1.67,41.1,25.5,0.95,87.96,7.96,5.16
77.8,0.131,2.36,52.1,37.0,0.922,90.17,9.19,5.67
86.9,0.115,1.2,38.1,22.7,0.907,87.33,8.84,4.3
81.9,0.116,1.84,43.6,28.1,0.942,89.02,8.73,4.99
71.5,0.125,2.34,45.2,30.9,0.934,89.79,8.16,5.53
69.4,0.1,2.22,39.5,26.0,0.978,88.88,6.65,5.94
78.8,0.11,1.2,35.3,21.2,0.948,86.76,8.03,4.4
81.9,0.093,1.89,40.1,24.4,0.96,88.11,7.12,5.63
91.8,0.115,2.84,60.2,43.5,0.911,89.2,9.41,6.4
89.3,0.138,2.61,65.8,49.3,0.958,90.01,11.53,5.71
68.5,0.113,2.58,42.4,29.0,0.905,89.57,6.85,6.19
73.8,0.133,3.2,59.3,45.0,0.949,90.34,9.06,6.55
83.1,0.126,1.23,41.2,26.2,0.967,87.6,9.85,4.18
87.8,0.092,1.9,41.7,25.6,0.939,88.92,7.41,5.62
86.3,0.104,2.12,44.7,28.8,0.917,89.08,8.03,5.56
74.2,0.145,1.73,44.8,31.2,0.935,89.0,9.82,4.56
60.0,0.144,2.16,41.9,30.0,0.967,89.26,8.12,5.17
63.0,0.111,2.75,40.3,28.3,0.957,90.4,6.5,6.2
78.3,0.087,2.16,38.6,24.0,0.948,89.13,6.3,6.12
79.1,0.112,1.2,37.1,22.6,0.956,87.26,8.25,4.49
61.8,0.105,2.44,38.5,26.4,0.967,89.55,6.12,6.29
75.5,0.106,2.09,41.4,27.6,0.912,88.33,7.12,5.82
82.6,0.111,1.2,38.7,23.5,0.967,87.19,8.63,4.49
61.2,0.089,1.79,27.9,16.1,0.965,88.36,5.12,5.45
88.3,0.088,1.23,36.1,20.2,0.938,86.22,7.12,5.07
70.5,0.114,1.96,39.2,26.7,0.932,88.78,7.31,5.37
90.1,0.084,1.85,41.2,24.5,0.975,88.22,7.19,5.72
68.6,0.102,1.34,30.4,17.4,0.966,87.71,6.58,4.61
62.7,0.121,2.23,39.4,27.6,0.979,89.05,7.21,5.47
69.5,0.122,1.56,37.6,24.5,0.951,87.88,7.84,4.8
73.9,0.167,2.76,61.8,47.7,0.903,90.14,10.84,5.7
70.3,0.121,2.18,42.0,27.9,0.912,89.51,7.54,5.57
72.4,0.134,1.97,44.8,31.9,0.966,88.9,9.1,4.92
79.0,0.128,2.73,56.5,41.7,0.951,89.53,9.37,6.04
72.9,0.088,2.23,35.6,22.1,0.916,88.99,5.73,6.22
74.2,0.115,2.27,44.2,29.8,0.901,88.98,7.48,5.91
54.5,0.127,2.07,33.4,23.2,0.921,88.79,6.21,5.37
79.7,0.094,1.94,37.9,23.1,0.911,88.66,6.65,5.69
73.9,0.103,2.3,42.4,28.6,0.97,88.54,7.18,5.9
94.3,0.121,2.86,66.4,49.8,0.971,89.55,10.8,6.15
63.7,0.113,1.2,30.0,18.0,0.967,87.27,6.77,4.42
53.3,0.098,3.03,32.7,22.3,0.908,89.77,4.64,7.05
82.4,0.132,1.6,44.2,28.9,0.911,87.98,9.64,4.59
79.2,0.115,2.2,44.0,30.3,0.911,89.01,8.09,5.43
62.9,0.114,1.24,29.2,17.3,0.921,87.21,6.44,4.54
56.6,0.147,2.85,43.3,32.0,0.906,91.31,7.37,5.88
93.4,0.103,1.41,44.2,26.7,0.979,87.13,9.17,4.82
92.0,0.102,2.66,56.0,39.2,0.968,89.51,8.88,6.31
50.0,0.104,1.98,26.6,16.4,0.906,88.98,4.6,5.78
69.5,0.108,2.02,37.3,24.6,0.911,89.07,6.7,5.56
95.0,0.099,1.47,42.6,25.5,0.921,87.51,8.47,5.03
69.3,0.118,2.71,46.8,34.2,0.962,89.64,7.64,6.13
69.1,0.111,2.03,38.4,25.4,0.957,88.96,7.13,5.39
71.6,0.126,2.46,47.9,33.5,0.95,89.69,8.37,5.72
61.5,0.135,1.2,33.5,21.1,0.973,88.13,7.87,4.26
54.5,0.115,1.65,27.5,16.5,0.903,88.31,5.52,4.99
87.6,0.132,2.23,55.7,39.6,0.913,88.6,10.27,5.43
52.9,0.14,1.31,27.3,16.9,0.915,87.9,6.61,4.13
78.0,0.113,2.28,44.3,29.5,0.905,89.24,7.79,5.68
85.6,0.156,1.77,56.1,40.6,0.949,88.84,12.35,4.54
57.6,0.123,1.71,31.5,19.4,0.917,89.4,6.33,4.97
63.9,0.128,2.36,41.6,29.0,0.939,90.15,7.48,5.55
89.6,0.081,2.19,41.6,24.8,0.955,88.39,6.77,6.14
81.4,0.1,1.54,37.9,23.0,0.948,88.41,7.5,5.05
67.6,0.126,2.66,46.1,33.5,0.923,89.94,7.68,6.01
89.4,0.159,2.35,67.0,51.0,0.933,89.39,12.95,5.17
89.5,0.088,1.2,36.1,20.3,0.927,86.63,7.12,5.07
78.2,0.116,1.95,44.9,29.8,0.968,88.79,8.59,5.23
64.2,0.115,2.29,37.8,25.2,0.934,89.18,6.72,5.62
70.0,0.133,2.04,41.7,28.6,0.905,89.08,8.22,5.07
78.4,0.141,1.2,41.2,26.9,0.95,87.63,10.23,4.03
72.7,0.117,2.13,42.4,28.2,0.916,89.03,7.59,5.59
86.3,0.114,2.48,54.0,37.9,0.927,89.15,8.9,6.07
56.6,0.136,2.06,35.3,24.4,0.926,89.49,6.98,5.06
57.1,0.088,2.13,27.5,15.9,0.906,88.99,4.42,6.23
77.2,0.149,2.61,61.5,46.4,0.976,90.22,10.98,5.6
69.1,0.115,1.31,33.2,20.4,0.944,87.36,7.34,4.53
67.5,0.122,2.47,42.0,29.4,0.912,89.7,7.33,5.73
53.8,0.108,2.27,31.1,20.6,0.944,88.96,5.35,5.82
75.2,0.102,1.29,32.9,18.7,0.936,87.16,7.03,4.67
74.4,0.096,2.45,40.0,26.1,0.928,88.73,6.46,6.19
82.8,0.158,3.0,69.4,54.7,0.938,90.68,11.95,5.81
75.8,0.108,2.27,43.6,29.8,0.954,89.2,7.6,5.74
73.4,0.16,2.38,55.6,41.8,0.916,89.76,10.47,5.31
89.1,0.104,1.57,43.1,26.3,0.943,87.26,8.51,5.07
59.3,0.105,1.79,31.0,19.4,0.965,88.29,5.85,5.3
81.4,0.132,1.59,45.0,29.6,0.918,88.67,9.6,4.69
54.9,0.101,2.3,30.3,19.4,0.941,89.53,5.08,5.97
64.9,0.129,1.84,38.1,25.8,0.977,88.54,7.95,4.79
60.4,0.083,1.81,26.9,15.6,0.964,88.01,4.72,5.71
84.4,0.113,2.45,51.6,35.9,0.947,89.9,8.83,5.84
74.2,0.099,2.93,46.5,32.2,0.96,89.98,6.88,6.76
74.8,0.089,2.06,35.5,22.0,0.942,88.81,6.08,5.83
61.7,0.107,1.31,29.1,17.0,0.979,87.7,6.28,4.64
71.4,0.147,2.12,47.8,34.6,0.914,89.48,9.35,5.11
65.8,0.09,2.2,33.8,21.1,0.958,88.58,5.54,6.1
79.6,0.114,2.52,46.6,32.2,0.9,89.68,7.97,5.85
63.1,0.099,1.94,30.3,18.1,0.91,88.79,5.53,5.48
91.0,0.102,2.54,51.9,35.8,0.958,89.33,8.67,5.99
54.9,0.101,2.46,33.2,22.1,0.961,89.41,5.2,6.39
65.3,0.109,1.95,34.6,22.1,0.903,89.09,6.27,5.52
95.1,0.094,2.51,52.4,34.5,0.927,88.73,8.08,6.48
69.8,0.104,2.57,40.2,26.9,0.909,89.46,6.44,6.24
59.2,0.086,1.55,25.7,14.6,0.971,88.35,4.81,5.33
77.6,0.13,2.58,51.0,37.2,0.936,89.46,9.24,5.52
69.3,0.093,2.04,33.5,19.8,0.935,89.54,5.88,5.69
65.0,0.105,1.98,35.1,22.9,0.966,88.75,6.43,5.46
61.8,0.121,2.05,36.7,25.2,0.956,89.34,7.0,5.24
100.0,0.174,2.72,88.5,70.0,0.974,90.4,16.53,5.36
72.0,0.089,2.72,39.8,26.5,0.975,89.82,6.07,6.56
51.9,0.092,2.34,28.1,17.4,0.925,89.55,4.3,6.54
92.9,0.173,2.23,73.5,56.5,0.952,89.74,14.89,4.94
82.3,0.102,2.05,41.9,27.5,0.943,88.77,7.73,5.43
65.8,0.086,3.2,36.9,24.1,0.948,90.05,5.22,7.06
63.8,0.117,1.76,34.5,22.6,0.95,89.11,6.89,5.0
83.1,0.109,1.88,41.4,26.6,0.905,88.97,8.0,5.18
72.0,0.112,2.25,41.9,29.3,0.972,89.82,7.63,5.5
51.9,0.108,1.65,25.8,15.9,0.911,88.8,4.96,5.2
96.4,0.109,2.62,58.7,41.4,0.934,88.99,9.55,6.14
69.8,0.151,1.36,40.2,27.0,0.923,88.35,9.51,4.22
92.9,0.104,1.74,45.8,28.9,0.944,88.18,8.91,5.14
90.3,0.088,1.9,43.3,26.5,0.977,88.2,7.58,5.71
63.0,0.132,1.6,34.0,22.6,0.933,88.52,7.54,4.51
87.4,0.089,2.62,46.6,31.5,0.948,89.22,7.2,6.48
67.2,0.102,1.44,31.0,17.3,0.911,88.1,6.07,5.11
52.6,0.128,1.62,30.6,20.2,0.937,88.58,6.16,4.97
69.9,0.12,1.76,39.2,25.8,0.973,88.84,7.94,4.93
79.8,0.091,2.52,43.0,28.8,0.975,89.67,6.91,6.22
69.4,0.093,2.83,40.4,27.0,0.944,89.2,5.97,6.76
71.3,0.111,2.36,41.8,28.0,0.961,89.82,7.4,5.65
88.7,0.129,1.44,45.1,29.6,0.9,87.58,10.01,4.5
76.3,0.146,1.79,47.5,33.1,0.943,89.12,10.2,4.65
64.9,0.108,2.89,42.6,30.0,0.959,89.11,6.57,6.48
83.4,0.136,2.11,51.8,37.5,0.926,89.44,10.24,5.06
77.4,0.139,1.38,42.9,28.4,0.972,87.93,10.23,4.19
50.0,0.126,3.2,38.4,28.7,0.962,89.68,5.91,6.5
80.1,0.089,1.82,38.1,23.1,0.962,88.13,6.67,5.72
79.7,0.101,2.06,39.8,24.7,0.902,89.42,7.09,5.61
75.2,0.104,1.76,37.3,23.1,0.915,88.65,6.96,5.36
85.7,0.137,1.62,49.5,33.9,0.957,88.48,10.97,4.51
66.9,0.112,2.75,43.3,30.7,0.945,89.86,6.88,6.29
79.0,0.147,2.2,55.3,40.6,0.946,89.87,10.75,5.15
56.2,0.136,2.26,36.0,25.1,0.901,90.32,6.73,5.34
79.9,0.133,1.46,43.0,28.8,0.935,88.01,9.68,4.44
98.4,0.116,1.95,54.8,37.0,0.963,88.75,10.69,5.13
63.1,0.104,1.79,33.0,21.0,0.953,88.85,6.07,5.45
65.9,0.112,1.69,34.2,21.7,0.946,88.6,6.79,5.03
66.5,0.134,2.33,44.8,32.3,0.956,89.61,8.32,5.38
76.6,0.124,1.93,44.8,30.6,0.968,89.51,8.97,4.99
62.2,0.099,2.45,35.1,23.4,0.968,89.5,5.83,6.01
80.1,0.087,2.46,41.1,25.9,0.936,88.58,6.37,6.45
85.2,0.114,1.88,46.0,30.5,0.925,87.6,8.72,5.28
81.4,0.114,2.33,47.5,32.4,0.929,89.53,8.39,5.66
53.8,0.121,1.87,30.1,19.8,0.942,89.02,6.0,5.02
86.9,0.118,1.71,45.2,29.7,0.907,88.3,9.04,5.0
86.2,0.119,1.57,45.6,29.8,0.947,88.25,9.49,4.8
85.0,0.139,2.14,54.9,39.1,0.936,90.13,10.8,5.09
79.5,0.137,1.73,47.7,32.5,0.961,89.21,10.18,4.68
77.6,0.118,2.79,52.0,37.3,0.922,89.54,8.23,6.32
87.4,0.13,2.91,61.7,46.1,0.905,89.93,10.02,6.15
98.1,0.107,2.34,57.9,40.2,0.972,88.66,9.92,5.84
63.6,0.119,2.22,37.7,25.5,0.905,89.7,6.66,5.66
87.9,0.135,2.11,58.0,41.6,0.974,88.84,11.25,5.16
74.0,0.121,3.2,54.2,40.1,0.94,89.94,8.22,6.58
73.4,0.083,3.08,38.7,25.2,0.905,89.46,5.38,7.19
56.6,0.11,2.0,30.1,18.9,0.91,88.81,5.54,5.43
71.6,0.169,2.0,52.9,39.2,0.943,89.45,11.13,4.75
63.0,0.086,2.26,31.5,19.3,0.901,88.32,4.76,6.62
69.4,0.121,1.51,36.3,23.3,0.973,88.11,7.98,4.55
61.8,0.116,1.2,29.2,17.6,0.964,87.81,6.72,4.35
69.6,0.127,1.43,35.3,22.3,0.94,88.82,8.12,4.35
70.1,0.142,1.95,47.5,33.4,0.974,89.8,9.44,5.03
76.2,0.097,1.63,34.1,20.4,0.921,87.98,6.66,5.12
55.6,0.126,2.83,42.5,30.9,0.968,90.06,6.61,6.43
57.7,0.094,1.37,26.7,14.8,0.964,87.7,5.11,5.23
79.3,0.123,1.43,41.2,27.0,0.947,87.85,8.98,4.59
65.4,0.106,1.2,27.6,15.4,0.926,87.58,6.24,4.43
87.9,0.088,1.78,38.1,22.1,0.945,87.91,7.12,5.35
77.7,0.119,1.9,43.9,29.7,0.977,89.33,8.77,5.0
82.3,0.127,2.06,48.4,33.4,0.907,89.12,9.27,5.22
91.9,0.117,2.08,52.5,35.5,0.916,88.42,9.61,5.47
71.3,0.09,1.79,34.1,20.6,0.952,88.36,5.95,5.74
68.1,0.098,1.57,31.9,18.8,0.954,88.3,6.21,5.14
85.5,0.154,2.31,60.6,45.0,0.913,89.94,11.71,5.18
81.1,0.101,1.65,39.0,24.1,0.965,88.39,7.69,5.07
72.8,0.089,2.49,39.0,25.6,0.974,89.05,6.18,6.31
91.7,0.104,1.36,40.1,23.2,0.906,87.14,8.43,4.76
72.5,0.11,1.73,37.2,23.2,0.978,89.11,7.57,4.92
75.4,0.121,3.12,53.3,39.7,0.922,89.83,8.21,6.5
75.3,0.13,3.19,56.7,42.4,0.925,89.55,8.8,6.45
63.8,0.103,1.42,29.7,17.4,0.904,87.68,5.77,5.15
75.9,0.109,2.7,45.5,31.9,0.94,88.8,7.58,6.01
91.8,0.119,2.91,63.5,47.4,0.976,88.9,10.37,6.12
80.3,0.126,2.63,52.4,37.7,0.913,89.4,9.02,5.81
75.4,0.122,2.07,44.3,30.5,0.946,88.84,8.52,5.2
73.1,0.114,1.2,33.5,19.4,0.922,86.99,7.5,4.47
79.0,0.134,2.14,49.5,35.0,0.901,89.57,9.31,5.31
84.0,0.119,2.31,54.0,38.8,0.979,89.51,9.57,5.65
82.3,0.126,2.22,51.1,36.1,0.957,88.82,9.67,5.28
71.0,0.096,2.34,37.7,24.5,0.959,89.81,6.38,5.92
78.9,0.1,1.69,38.2,23.5,0.953,88.28,7.37,5.19
80.8,0.144,1.86,49.5,34.2,0.911,89.02,10.32,4.8
62.9,0.123,1.2,30.2,18.6,0.917,87.2,6.89,4.38
77.0,0.155,2.55,58.6,44.1,0.931,89.82,10.84,5.4
50.0,0.11,1.65,26.1,16.7,0.98,89.41,5.24,4.99
80.8,0.094,1.98,40.5,25.2,0.954,88.21,7.09,5.71
82.9,0.161,2.23,61.0,46.3,0.935,89.74,12.15,5.02
84.0,0.128,1.82,48.7,32.8,0.939,88.52,9.82,4.97
70.3,0.138,1.56,42.3,28.7,0.974,87.93,9.23,4.59
78.7,0.098,2.23,41.0,26.8,0.916,88.42,6.9,5.95
92.1,0.139,1.21,47.1,30.6,0.926,87.49,11.58,4.07
92.0,0.106,2.48,52.7,36.7,0.93,88.46,8.8,5.99
74.6,0.144,2.43,55.2,41.9,0.972,89.31,10.19,5.42
76.7,0.091,1.83,34.9,20.8,0.962,88.68,6.53,5.35
88.3,0.107,1.85,44.4,28.2,0.947,88.69,8.7,5.1
57.0,0.14,1.61,34.5,23.0,0.925,88.9,7.22,4.78
71.1,0.127,1.91,41.5,28.3,0.916,88.62,8.05,5.16
91.0,0.085,2.0,42.4,25.9,0.926,87.94,6.99,6.06
86.7,0.107,1.94,46.1,30.7,0.974,88.14,8.79,5.24
79.4,0.126,2.82,58.3,43.7,0.973,89.66,9.51,6.13
56.9,0.135,1.23,31.4,20.3,0.934,88.03,6.98,4.5
74.4,0.098,1.65,35.6,21.4,0.926,88.04,6.57,5.41
67.9,0.09,2.47,36.8,24.0,0.971,89.54,5.82,6.33
79.0,0.095,3.13,48.3,33.3,0.936,90.02,6.82,7.08
65.3,0.091,1.67,29.1,16.7,0.903,88.42,5.23,5.57
62.7,0.143,2.61,46.4,34.4,0.928,89.6,8.1,5.73
50.2,0.104,1.52,25.1,14.7,0.949,88.39,4.81,5.21
89.7,0.12,1.91,52.9,36.3,0.976,89.13,10.19,5.19
70.2,0.112,2.11,38.8,25.7,0.934,88.89,7.13,5.44
76.9,0.101,1.75,37.8,22.8,0.919,88.16,6.99,5.41
75.0,0.099,1.89,37.0,22.9,0.931,89.01,6.72,5.51
62.2,0.137,1.42,34.1,22.1,0.905,87.81,7.51,4.54
59.9,0.103,2.44,35.1,23.7,0.972,89.55,5.83,6.02
62.9,0.117,1.65,31.9,19.7,0.903,88.38,6.5,4.92
66.3,0.105,1.77,33.1,20.1,0.9,88.47,6.12,5.41
79.4,0.117,1.71,42.1,27.3,0.949,89.05,8.57,4.91
65.5,0.142,1.74,39.3,26.8,0.912,88.85,8.29,4.75
96.0,0.104,2.17,51.3,34.4,0.924,88.76,9.03,5.68
87.3,0.098,2.13,45.2,29.5,0.939,89.08,7.81,5.78
84.7,0.108,3.2,57.2,42.0,0.963,89.1,8.58,6.67
73.6,0.109,1.98,40.5,26.6,0.931,89.17,7.26,5.57
93.2,0.112,2.05,51.5,35.0,0.977,88.55,9.93,5.18
72.4,0.083,2.77,36.7,23.9,0.936,88.81,5.46,6.72
74.6,0.085,2.21,36.2,22.8,0.974,88.67,6.02,6.0
77.0,0.106,2.05,41.9,27.4,0.936,88.91,7.48,5.6
83.4,0.103,2.03,43.2,27.2,0.941,88.81,7.86,5.49
82.6,0.136,2.2,57.3,41.7,0.977,89.06,10.71,5.35
69.3,0.122,2.59,44.5,31.9,0.954,89.59,7.84,5.68
68.6,0.103,2.77,41.6,28.9,0.912,89.08,6.3,6.6
82.7,0.114,2.62,51.7,36.7,0.948,89.14,8.68,5.96
83.6,0.133,2.33,54.0,39.2,0.918,88.92,9.95,5.42
70.3,0.108,2.21,37.6,24.5,0.925,89.15,6.83,5.51
56.0,0.164,3.12,53.0,41.8,0.967,90.34,8.64,6.13
72.5,0.128,1.86,42.0,28.8,0.955,89.68,8.61,4.88
82.5,0.138,2.45,56.9,42.1,0.923,89.71,10.27,5.54
96.7,0.121,2.69,61.8,44.0,0.9,88.74,10.28,6.01
60.6,0.09,2.62,33.6,22.3,0.942,89.18,5.03,6.69
69.9,0.098,1.72,31.6,18.7,0.92,88.64,6.14,5.15
70.3,0.119,3.2,48.6,36.3,0.902,89.99,7.38,6.59
91.3,0.089,2.94,49.6,32.6,0.905,88.58,7.18,6.91
74.6,0.098,2.63,44.8,30.3,0.954,89.06,6.82,6.57
64.1,0.11,1.6,32.5,20.4,0.933,88.62,6.44,5.05
81.7,0.102,2.59,47.6,32.5,0.921,89.38,7.49,6.36
70.1,0.104,1.2,31.4,18.0,0.97,87.35,6.88,4.57
60.3,0.155,1.98,42.5,30.6,0.966,89.54,8.8,4.83
64.3,0.099,2.15,34.0,21.7,0.937,88.81,5.84,5.82
95.8,0.129,1.88,55.1,38.0,0.922,88.19,11.13,4.95
79.6,0.138,2.89,60.0,45.3,0.941,90.2,10.06,5.97
76.3,0.108,2.15,42.3,28.2,0.96,89.71,7.69,5.5
72.0,0.126,1.62,39.1,25.4,0.901,88.6,7.97,4.9
78.5,0.099,2.48,44.2,30.0,0.949,89.52,7.22,6.12
78.4,0.147,2.3,56.0,41.0,0.957,89.34,10.76,5.21
78.5,0.129,1.22,41.3,25.9,0.965,87.4,9.54,4.33
76.4,0.107,2.77,45.4,31.4,0.917,89.47,7.3,6.22
85.4,0.083,2.15,39.8,24.5,0.916,88.73,6.33,6.3
75.3,0.127,2.59,49.1,35.4,0.917,89.67,8.55,5.74
63.3,0.094,2.31,34.2,22.3,0.975,90.19,5.67,6.04
67.7,0.107,1.93,36.1,22.5,0.911,89.15,6.42,5.62
51.3,0.127,2.31,33.2,23.3,0.961,90.24,6.08,5.46
99.3,0.108,2.05,54.5,36.6,0.979,88.66,10.2,5.35
85.4,0.126,2.25,54.7,39.3,0.976,88.47,10.23,5.35
65.0,0.112,2.4,38.2,26.6,0.933,89.63,6.6,5.78
71.6,0.104,2.17,39.9,26.7,0.967,89.46,7.03,5.68
67.4,0.084,2.33,34.7,22.0,0.954,89.55,5.28,6.57
93.5,0.133,1.91,59.3,41.7,0.969,88.76,11.79,5.03
58.0,0.119,1.81,31.4,20.9,0.913,88.49,6.14,5.12
76.4,0.15,2.49,58.7,44.1,0.961,89.74,10.77,5.45
73.7,0.086,2.83,40.1,26.3,0.947,88.81,5.88,6.83
84.9,0.095,1.84,41.0,25.4,0.943,88.79,7.45,5.5
73.8,0.111,2.26,43.5,30.1,0.958,89.37,7.65,5.68
53.9,0.104,1.4,26.2,15.1,0.922,87.8,5.02,5.22
72.0,0.103,3.0,44.4,30.7,0.906,89.87,6.53,6.79
63.3,0.094,2.67,35.3,23.1,0.94,90.0,5.49,6.43
76.0,0.115,1.81,40.3,26.2,0.924,88.94,7.88,5.12
92.2,0.122,1.92,52.3,35.2,0.921,89.38,10.11,5.17
54.1,0.107,2.7,35.0,24.7,0.98,89.48,5.51,6.35
65.4,0.143,2.19,44.2,31.2,0.916,90.0,8.35,5.3
68.4,0.126,2.42,45.5,31.7,0.919,89.11,7.74,5.89
70.4,0.101,1.61,33.5,20.4,0.927,88.86,6.41,5.23
83.9,0.101,2.39,46.7,30.8,0.94,89.31,7.77,6.01
72.9,0.103,2.03,38.6,25.2,0.97,88.75,7.12,5.42
80.0,0.119,2.25,48.0,33.6,0.914,88.81,8.49,5.65
67.5,0.11,1.9,36.7,24.1,0.949,88.69,6.89,5.32
77.8,0.109,1.99,42.3,27.7,0.929,88.75,7.71,5.48
84.3,0.128,2.15,52.8,37.4,0.964,89.23,10.18,5.19
66.2,0.146,1.81,41.0,28.3,0.948,89.17,8.92,4.6
84.4,0.146,3.2,72.6,57.0,0.964,89.79,11.55,6.29
75.6,0.106,1.57,37.3,23.4,0.968,88.52,7.57,4.93
87.5,0.122,2.35,56.1,40.6,0.973,88.63,10.12,5.54
72.6,0.129,2.25,47.7,34.1,0.98,89.64,8.95,5.33
79.6,0.103,2.48,44.8,30.7,0.95,89.28,7.58,5.92
74.5,0.131,1.2,38.0,24.1,0.951,87.41,9.06,4.2
73.8,0.12,1.26,36.0,22.0,0.911,87.69,7.88,4.57
78.1,0.123,1.83,42.5,28.9,0.908,88.52,8.54,4.98
81.4,0.137,2.56,57.5,42.0,0.939,89.39,10.24,5.62
60.0,0.144,1.97,39.4,28.0,0.955,89.39,8.05,4.9
92.2,0.11,1.95,48.5,31.6,0.92,88.39,9.12,5.32
52.7,0.121,2.11,32.2,22.0,0.926,89.41,5.76,5.58
66.8,0.129,1.68,37.7,25.2,0.956,88.99,8.02,4.71
73.9,0.113,2.34,44.6,30.2,0.917,89.35,7.47,5.98
79.9,0.092,2.2,39.9,25.7,0.942,88.84,6.76,5.9
93.9,0.106,2.35,52.7,35.9,0.943,89.02,9.14,5.77
52.7,0.094,2.86,31.2,20.8,0.973,89.62,4.72,6.61
68.9,0.098,1.98,33.5,21.4,0.932,89.14,6.16,5.43
50.0,0.109,2.16,27.7,18.1,0.917,89.64,4.89,5.67
75.4,0.123,1.61,39.3,24.9,0.914,88.39,8.26,4.76
78.3,0.112,1.47,37.8,23.8,0.923,87.52,7.88,4.79
94.1,0.116,2.1,52.2,35.1,0.922,89.25,9.78,5.34
76.4,0.121,2.15,45.6,31.2,0.96,89.42,8.67,5.26
87.5,0.096,2.44,46.8,30.6,0.947,89.18,7.73,6.05
82.0,0.147,2.39,58.8,44.1,0.955,90.24,11.25,5.22
69.8,0.096,2.23,37.0,23.8,0.95,89.3,6.18,5.99
58.1,0.086,2.94,33.0,22.2,0.938,89.58,4.59,7.19
78.3,0.143,1.94,51.2,36.8,0.974,88.99,10.63,4.82
57.1,0.103,2.01,31.3,19.8,0.965,88.89,5.51,5.67
90.5,0.111,2.24,50.4,34.2,0.917,89.04,8.96,5.62
73.1,0.114,1.51,35.2,21.3,0.934,88.44,7.59,4.64
89.3,0.098,2.44,48.5,32.3,0.923,89.33,7.91,6.13
69.2,0.1,2.14,37.6,24.2,0.96,88.55,6.51,5.77
78.2,0.099,2.15,38.6,24.9,0.928,89.21,6.98,5.53
77.5,0.125,2.37,51.5,36.7,0.951,89.33,9.0,5.73
74.5,0.089,2.29,36.7,23.5,0.923,88.76,5.94,6.17
69.8,0.102,2.31,36.4,23.7,0.914,89.34,6.36,5.72
79.7,0.1,1.91,39.5,24.3,0.901,88.85,6.99,5.65
63.9,0.117,2.88,46.6,34.4,0.98,89.43,7.15,6.52
60.5,0.102,1.37,27.1,15.6,0.918,87.87,5.52,4.91
89.9,0.132,1.76,54.0,37.3,0.967,88.01,11.21,4.82
83.7,0.09,1.82,38.8,23.4,0.966,88.55,7.09,5.46
75.8,0.081,1.74,31.4,17.7,0.919,87.75,5.48,5.74
95.0,0.116,1.23,45.5,27.8,0.933,87.07,10.0,4.55
71.8,0.11,2.92,48.2,34.6,0.967,89.54,7.45,6.47
90.9,0.116,2.42,56.4,40.4,0.955,88.96,9.84,5.73
77.1,0.111,1.78,39.6,25.6,0.93,87.85,7.73,5.12
62.7,0.081,2.45,31.5,19.9,0.976,88.69,4.81,6.56
97.2,0.112,2.02,52.3,35.2,0.927,88.59,9.86,5.31
86.9,0.124,1.95,50.1,34.2,0.917,88.5,9.66,5.18
73.5,0.113,1.62,36.8,23.0,0.912,88.22,7.41,4.96
83.7,0.12,2.11,51.1,35.5,0.956,88.74,9.36,5.46
70.2,0.11,1.78,35.7,22.3,0.902,88.55,6.8,5.26
84.9,0.089,1.61,38.6,22.6,0.968,87.43,7.13,5.41
50.0,0.131,2.58,34.0,23.6,0.924,89.9,5.92,5.76
62.8,0.128,1.69,36.1,23.9,0.93,88.71,7.28,4.96
86.8,0.085,2.8,46.4,30.4,0.964,89.1,6.94,6.69
72.0,0.145,1.74,45.6,31.7,0.965,88.33,9.83,4.64
77.5,0.095,1.35,32.8,18.2,0.932,87.42,6.72,4.88
58.8,0.128,2.36,37.6,26.6,0.944,89.35,6.95,5.42
97.2,0.101,1.88,48.9,31.9,0.954,87.8,9.12,5.37
89.3,0.124,1.31,43.7,27.9,0.955,87.88,10.27,4.26
72.6,0.147,2.23,49.8,36.1,0.943,89.89,9.81,5.08
70.1,0.138,1.45,38.7,25.6,0.968,88.48,9.13,4.24
87.4,0.088,1.2,36.0,19.9,0.967,86.62,7.22,4.98
98.8,0.114,2.44,60.7,43.0,0.968,88.83,10.64,5.71
86.4,0.127,2.84,59.7,44.3,0.921,90.14,9.89,6.04
100.0,0.121,1.9,54.9,37.9,0.921,88.57,10.86,5.05
63.9,0.128,2.71,43.6,31.9,0.911,89.58,7.25,6.01
65.2,0.093,2.5,36.8,23.6,0.966,88.98,5.7,6.46
60.7,0.146,2.43,44.3,32.2,0.905,90.1,7.84,5.64
80.3,0.115,2.02,43.1,28.5,0.911,88.78,8.22,5.24
77.1,0.108,1.8,40.0,25.9,0.974,88.91,7.88,5.08
73.2,0.12,2.27,43.9,30.4,0.91,89.37,7.77,5.65
84.7,0.086,2.42,43.4,27.4,0.91,88.48,6.47,6.71
89.8,0.104,1.47,43.9,27.2,0.973,88.29,8.84,4.96
56.7,0.095,1.94,27.6,16.1,0.925,88.54,4.83,5.7
67.8,0.117,2.01,39.3,26.8,0.971,88.67,7.52,5.22
84.8,0.144,1.96,55.3,39.0,0.93,89.07,11.09,4.98
69.4,0.117,1.76,36.9,23.9,0.93,88.87,7.36,5.02
65.4,0.117,1.43,33.1,20.3,0.911,87.76,6.82,4.85
87.2,0.128,1.95,54.3,38.2,0.973,89.1,10.6,5.12
59.5,0.083,1.96,26.5,15.6,0.961,88.58,4.61,5.74
71.4,0.09,1.86,31.9,18.7,0.918,89.38,5.77,5.52
78.9,0.167,2.42,64.1,49.5,0.958,90.07,12.29,5.21
68.1,0.102,1.42,30.2,17.6,0.908,87.42,6.16,4.9
84.4,0.113,2.24,48.9,34.0,0.942,88.82,8.76,5.58
68.2,0.106,1.2,30.0,17.2,0.92,87.38,6.47,4.63
91.9,0.15,2.07,64.2,46.9,0.968,88.92,12.99,4.94
73.5,0.148,1.2,39.9,25.9,0.941,87.6,9.99,3.99
83.1,0.12,1.66,44.7,29.6,0.974,89.02,9.43,4.74
84.0,0.117,2.09,48.2,32.7,0.947,89.18,9.05,5.33
67.5,0.103,1.39,31.1,18.9,0.94,87.96,6.39,4.87
50.4,0.107,1.39,24.3,14.2,0.956,88.75,5.01,4.85
79.3,0.122,2.59,51.6,37.7,0.963,89.26,9.1,5.67
75.9,0.1,1.3,32.9,19.3,0.901,87.34,6.66,4.94
81.7,0.118,2.04,47.0,31.6,0.942,88.83,8.82,5.33
72.3,0.093,2.84,43.1,29.8,0.962,89.2,6.32,6.82
69.8,0.136,2.17,45.0,32.0,0.933,89.4,8.64,5.21
99.1,0.117,2.11,55.1,37.3,0.904,88.6,10.23,5.39
57.3,0.124,1.74,32.0,20.2,0.901,88.71,6.27,5.1
83.8,0.146,1.74,51.1,37.2,0.964,88.7,11.47,4.46
68.1,0.095,2.02,32.9,20.4,0.916,88.61,5.75,5.72
71.0,0.104,1.2,31.3,17.0,0.914,87.25,6.58,4.76
71.2,0.098,2.61,40.4,26.5,0.923,89.04,6.3,6.41
65.4,0.141,2.2,44.2,31.5,0.908,90.01,8.18,5.41
81.9,0.108,1.23,35.9,20.7,0.904,87.36,7.8,4.6
91.7,0.104,2.61,56.3,39.8,0.97,89.3,9.06,6.22
80.6,0.136,2.44,54.9,40.5,0.924,89.41,9.88,5.55
76.2,0.118,2.32,46.5,32.5,0.947,89.34,8.33,5.58
63.2,0.125,3.2,49.1,37.0,0.969,90.04,7.48,6.56
81.2,0.09,2.15,41.1,25.7,0.978,88.75,6.97,5.89
100.0,0.129,2.87,73.5,55.4,0.955,88.98,12.01,6.12
70.4,0.137,2.11,47.7,34.4,0.976,89.47,9.21,5.18
70.5,0.115,2.33,42.1,29.1,0.934,89.49,7.37,5.72
68.3,0.109,1.82,35.6,22.9,0.963,89.23,6.97,5.1
69.1,0.142,1.2,37.3,25.0,0.975,87.26,9.3,4.01
50.0,0.153,1.2,27.4,17.4,0.904,87.62,6.75,4.07
79.9,0.118,2.06,43.9,29.6,0.925,89.33,8.47,5.18
64.9,0.117,1.98,37.5,25.2,0.959,88.58,7.1,5.28
55.7,0.099,1.51,25.0,13.7,0.925,88.69,4.95,5.06
84.0,0.131,1.96,48.9,33.4,0.901,89.37,9.67,5.06
62.0,0.107,2.33,36.7,24.6,0.965,89.61,6.26,5.85
70.9,0.126,2.75,49.8,35.9,0.913,89.26,7.94,6.26
92.6,0.108,1.75,46.4,29.3,0.926,88.18,9.05,5.12
58.1,0.126,2.3,37.4,26.1,0.973,89.64,6.93,5.39
56.6,0.134,2.97,42.0,31.8,0.917,90.31,6.78,6.2
78.2,0.092,2.48,42.2,27.9,0.972,89.29,6.79,6.22
88.8,0.103,1.72,43.2,27.1,0.934,87.9,8.33,5.19
56.1,0.095,2.15,28.8,17.8,0.973,89.55,5.06,5.69
79.9,0.144,2.19,55.6,41.5,0.97,89.64,10.91,5.09
82.0,0.112,2.42,47.5,32.3,0.933,89.43,8.37,5.68
50.3,0.098,2.12,27.7,17.3,0.974,89.19,4.69,5.9
84.6,0.118,2.34,52.5,37.2,0.951,89.35,9.27,5.66
85.5,0.115,2.61,54.3,38.4,0.938,88.61,8.96,6.05
71.3,0.154,1.57,43.6,30.5,0.942,88.89,10.07,4.33
90.0,0.131,1.44,45.9,29.4,0.905,88.46,10.37,4.43
88.6,0.117,2.4,55.7,38.8,0.965,89.47,9.79,5.69
76.2,0.089,2.02,37.2,23.2,0.923,88.89,6.12,6.08
69.6,0.127,2.53,44.9,32.3,0.922,89.96,7.91,5.68
63.3,0.094,2.64,36.4,24.0,0.957,89.89,5.58,6.53
74.5,0.118,1.2,34.5,20.6,0.93,87.18,7.98,4.32
81.8,0.115,1.68,42.1,27.3,0.941,88.7,8.67,4.86
71.1,0.136,2.04,43.5,30.4,0.934,89.47,8.8,4.94
50.0,0.115,1.59,26.2,16.1,0.94,88.66,5.27,4.97
90.2,0.124,1.86,50.1,33.7,0.918,89.12,10.04,4.99
77.3,0.134,1.46,44.4,29.6,0.971,87.92,9.78,4.54
70.4,0.141,1.88,44.2,30.7,0.949,88.94,9.19,4.81
85.3,0.087,1.62,36.9,20.8,0.919,87.01,6.68,5.52
93.3,0.117,2.27,54.9,37.9,0.907,88.68,9.65,5.68
50.0,0.18,2.55,44.2,34.0,0.943,90.48,8.26,5.35
80.2,0.125,2.3,50.2,35.4,0.937,89.31,9.15,5.49
57.9,0.102,3.2,39.3,27.4,0.975,90.04,5.61,7.01
81.0,0.127,2.57,53.0,37.8,0.918,89.86,9.21,5.75
76.5,0.099,2.55,43.5,29.9,0.971,88.8,7.17,6.07
82.6,0.138,2.06,53.7,38.6,0.961,89.23,10.7,5.02
69.0,0.106,1.95,35.7,22.6,0.938,88.52,6.67,5.36
52.5,0.106,2.74,32.8,22.4,0.97,89.35,5.25,6.25
69.6,0.118,1.97,41.4,28.0,0.969,89.15,7.77,5.33
79.9,0.133,2.12,51.3,36.7,0.957,89.28,9.93,5.16
87.2,0.115,2.01,47.8,31.9,0.908,88.97,8.91,5.37
60.9,0.143,2.37,42.2,30.1,0.913,90.09,7.75,5.45
87.3,0.097,2.55,48.4,33.0,0.947,88.91,7.84,6.17
67.2,0.144,2.63,47.6,35.2,0.92,90.38,8.69,5.48
79.3,0.091,1.95,38.0,22.5,0.944,88.21,6.63,5.73
68.9,0.105,2.19,38.4,25.5,0.945,88.78,6.65,5.76
77.2,0.087,2.27,38.0,23.3,0.947,89.02,6.17,6.17
85.7,0.145,2.83,67.3,51.1,0.946,89.92,11.46,5.87
60.3,0.102,1.21,26.1,15.0,0.93,87.01,5.56,4.7
66.8,0.149,2.11,44.5,32.1,0.917,89.33,8.92,4.98
77.2,0.144,1.78,47.3,33.0,0.941,89.07,10.17,4.65
100.0,0.129,1.83,57.1,39.4,0.94,88.59,11.79,4.84
64.6,0.095,1.67,30.1,17.6,0.922,87.98,5.49,5.48
99.5,0.091,2.37,48.9,30.8,0.904,88.46,7.95,6.16
99.1,0.102,1.2,42.2,24.3,0.916,86.37,9.01,4.68
73.8,0.103,2.03,39.1,25.3,0.944,88.13,7.0,5.58
71.4,0.131,1.2,36.3,22.6,0.943,87.93,8.59,4.22
66.7,0.155,1.75,42.5,29.3,0.911,89.27,9.19,4.62
74.2,0.086,1.99,35.2,20.8,0.948,89.02,5.89,5.97
58.1,0.09,1.9,28.3,16.9,0.934,88.66,4.75,5.95
74.1,0.153,2.44,56.4,42.9,0.952,89.53,10.54,5.35
93.0,0.118,2.72,63.0,46.2,0.971,89.04,10.34,6.09
67.7,0.147,3.08,55.3,42.2,0.925,89.93,8.97,6.16
72.1,0.108,2.1,40.2,26.2,0.928,88.85,7.06,5.7
54.6,0.092,2.68,31.0,19.9,0.954,89.05,4.67,6.65
79.5,0.102,2.83,48.0,33.4,0.976,89.28,7.71,6.23
78.2,0.083,1.86,35.4,20.8,0.939,88.13,5.95,5.96
75.8,0.102,2.72,44.9,30.5,0.914,89.72,6.91,6.49
72.4,0.151,1.2,42.3,28.1,0.975,87.86,10.37,4.08
71.5,0.113,2.25,40.6,27.4,0.938,89.13,7.4,5.48
81.0,0.123,2.9,56.8,41.6,0.937,89.84,9.1,6.24
74.7,0.111,2.15,42.0,28.3,0.943,88.71,7.62,5.51
78.8,0.091,2.0,38.7,23.6,0.92,88.17,6.42,6.03
77.6,0.146,2.0,51.0,36.6,0.963,89.25,10.6,4.81
88.5,0.144,2.83,69.1,52.8,0.951,89.82,11.82,5.84
83.1,0.121,1.3,41.5,26.5,0.976,87.44,9.56,4.34
77.3,0.096,1.9,37.4,23.2,0.916,89.04,6.64,5.63
93.2,0.101,2.52,53.9,36.2,0.95,89.25,8.68,6.21
80.0,0.116,2.26,47.6,32.6,0.941,89.55,8.53,5.58
90.7,0.158,2.69,75.2,58.7,0.972,89.66,13.61,5.53
82.3,0.109,2.44,47.5,31.8,0.902,89.33,7.88,6.03
52.9,0.095,1.86,27.5,16.5,0.961,88.49,4.72,5.84
90.7,0.17,2.39,72.8,56.3,0.95,89.53,14.29,5.1
76.6,0.092,1.44,32.8,18.8,0.949,87.73,6.5,5.05
74.4,0.112,1.2,34.7,20.9,0.97,86.88,7.91,4.39
78.4,0.103,1.79,38.0,23.6,0.947,88.18,7.48,5.08
70.9,0.098,2.14,36.3,22.9,0.957,89.14,6.5,5.58
77.7,0.111,1.69,39.4,24.8,0.952,88.12,8.02,4.91
67.9,0.102,2.19,36.7,22.9,0.906,89.47,6.14,5.98
90.3,0.123,2.13,52.7,36.6,0.909,88.9,9.83,5.36
73.6,0.093,1.2,29.3,16.0,0.927,86.9,6.16,4.75
70.4,0.107,1.83,35.4,22.4,0.954,88.77,6.98,5.07
63.9,0.141,2.57,44.6,33.6,0.902,89.92,7.91,5.63
78.2,0.103,2.34,43.7,30.0,0.962,89.23,7.58,5.77
77.2,0.118,1.75,40.4,26.6,0.916,88.27,8.17,4.95
79.7,0.111,2.41,48.4,33.2,0.945,88.31,8.15,5.94
62.7,0.097,2.98,36.2,24.7,0.916,89.18,5.42,6.69
55.8,0.101,1.89,28.0,17.7,0.914,88.76,5.01,5.58
82.5,0.096,2.47,44.3,29.4,0.927,89.26,7.16,6.18
92.8,0.136,2.39,64.3,47.2,0.974,90.1,11.97,5.37
62.7,0.121,1.86,34.5,22.7,0.919,88.8,6.77,5.1
94.1,0.124,1.53,48.1,31.2,0.904,87.73,10.26,4.68
78.4,0.124,2.93,56.9,42.6,0.971,89.86,9.23,6.17
74.9,0.108,2.64,43.9,30.5,0.935,89.53,7.38,5.96
70.2,0.122,1.96,40.0,27.2,0.95,89.15,7.92,5.05
58.4,0.104,2.71,35.7,24.7,0.971,89.6,5.74,6.23
86.9,0.118,2.38,54.3,38.1,0.96,88.51,9.57,5.67
65.7,0.142,2.7,49.4,37.3,0.964,90.1,8.75,5.65
65.6,0.096,1.2,28.7,15.8,0.938,87.12,5.77,4.98
86.9,0.094,1.9,42.1,25.9,0.955,87.83,7.61,5.53
52.4,0.097,2.89,31.2,21.4,0.977,90.0,4.86,6.41
56.7,0.095,3.2,35.9,24.7,0.971,90.07,5.11,7.04
74.8,0.126,1.91,44.6,30.6,0.949,89.15,8.69,5.14
78.5,0.098,1.9,38.6,23.5,0.907,88.42,6.83,5.65
80.8,0.118,2.44,51.2,36.6,0.978,89.43,9.13,5.61
71.4,0.135,2.27,46.8,33.1,0.918,89.24,8.65,5.41
100.0,0.114,2.37,58.3,40.0,0.929,88.46,10.28,5.68
72.3,0.112,1.2,31.7,18.9,0.911,87.17,7.17,4.43
72.2,0.092,1.98,35.3,21.2,0.913,88.17,5.94,5.94
65.4,0.129,2.5,44.9,32.7,0.964,89.71,7.91,5.67
76.5,0.127,1.2,37.1,22.6,0.91,87.31,8.59,4.31
82.4,0.094,1.29,33.8,18.7,0.915,86.86,6.93,4.88
89.4,0.104,1.21,38.7,22.5,0.914,87.58,8.26,4.68
57.1,0.093,2.43,30.1,19.3,0.93,89.19,4.84,6.22
72.0,0.097,1.64,33.2,19.9,0.956,88.27,6.54,5.08
80.4,0.133,1.5,44.2,29.1,0.952,88.14,9.94,4.44
82.0,0.101,2.13,44.0,28.3,0.958,89.16,7.73,5.69
75.1,0.139,1.48,42.1,28.5,0.958,88.18,9.73,4.33
81.5,0.091,2.33,40.3,25.5,0.9,88.48,6.53,6.17
65.3,0.115,3.2,46.9,34.3,0.955,90.07,6.98,6.72
93.7,0.107,1.92,49.5,32.4,0.955,87.94,9.32,5.31
86.9,0.117,1.2,40.6,24.5,0.905,86.76,9.01,4.51
58.9,0.142,1.87,37.7,25.8,0.934,89.17,7.62,4.95
62.1,0.09,2.34,30.6,19.3,0.906,89.05,4.95,6.17
62.4,0.125,2.3,38.3,26.6,0.915,89.46,6.94,5.52
83.1,0.091,2.52,44.3,28.6,0.939,88.9,6.94,6.39
59.6,0.107,1.8,29.3,17.9,0.901,88.84,5.59,5.25
71.0,0.119,1.96,39.0,26.1,0.908,88.78,7.5,5.2
80.5,0.109,1.2,35.1,20.8,0.907,87.2,7.73,4.54
74.2,0.082,2.41,36.1,22.2,0.91,88.69,5.39,6.69
78.1,0.161,1.44,46.8,32.5,0.904,87.99,11.1,4.22
62.2,0.11,2.2,38.8,25.9,0.949,88.92,6.33,6.12
82.1,0.152,1.66,50.4,35.4,0.914,88.61,11.14,4.53
67.6,0.13,2.06,41.3,28.7,0.969,89.66,8.32,4.96
71.1,0.083,2.58,37.8,23.9,0.971,89.17,5.62,6.73
77.9,0.129,1.88,47.0,32.6,0.955,88.76,9.37,5.02
76.2,0.089,1.73,33.7,19.2,0.905,88.19,5.96,5.66
75.3,0.141,2.1,50.7,35.9,0.971,88.96,10.04,5.05
66.0,0.086,1.78,29.2,16.0,0.933,87.81,5.15,5.67
71.4,0.115,1.63,36.5,22.9,0.914,88.06,7.34,4.98
75.0,0.134,3.03,58.2,43.9,0.962,89.58,9.41,6.18
58.5,0.104,1.2,26.2,14.4,0.928,88.17,5.53,4.75
69.4,0.083,2.43,33.6,20.9,0.94,89.76,5.27,6.38
79.7,0.137,2.03,51.2,36.9,0.959,89.85,10.17,5.03
59.7,0.098,1.69,29.5,17.2,0.908,88.07,5.2,5.68
88.9,0.11,2.27,48.8,33.1,0.914,89.61,8.72,5.6
90.2,0.137,2.12,60.4,43.1,0.977,88.88,11.77,5.14
60.1,0.093,2.76,34.7,23.4,0.957,90.14,5.22,6.66
91.3,0.122,1.53,46.3,30.1,0.918,88.13,9.95,4.66
73.3,0.085,1.84,33.8,19.8,0.946,88.05,5.77,5.85
80.0,0.119,2.61,50.6,36.4,0.915,90.07,8.49,5.96
69.0,0.088,2.0,33.9,19.8,0.969,89.28,5.75,5.89
86.1,0.12,2.37,54.7,38.2,0.936,88.87,9.43,5.8
79.9,0.131,2.71,57.9,42.5,0.965,89.81,9.86,5.87
65.2,0.121,2.38,40.5,28.7,0.978,88.9,7.53,5.39
61.0,0.136,1.79,37.7,25.4,0.978,88.98,7.92,4.76
57.5,0.109,1.92,30.3,18.6,0.911,88.9,5.54,5.46
77.3,0.109,2.71,50.3,35.9,0.976,89.33,8.04,6.26
81.9,0.146,2.18,55.2,39.8,0.922,90.0,10.75,5.14
82.8,0.14,2.0,52.6,37.1,0.929,88.67,10.5,5.01
73.6,0.096,2.29,38.5,25.2,0.905,88.99,6.25,6.15
61.1,0.118,1.46,30.6,19.0,0.952,88.47,6.69,4.58
66.8,0.118,1.98,38.1,25.5,0.952,88.63,7.29,5.22
88.8,0.096,2.06,44.9,29.3,0.962,88.29,8.03,5.58
69.2,0.133,2.05,44.5,31.1,0.976,89.71,8.72,5.1
76.7,0.114,1.9,42.0,27.3,0.934,89.25,7.94,5.3
62.1,0.118,1.95,35.5,23.4,0.933,88.96,6.64,5.35
79.0,0.147,2.04,53.2,37.8,0.951,89.63,10.75,4.95
69.5,0.147,2.83,54.3,41.0,0.953,90.65,9.5,5.71
87.6,0.102,1.2,37.9,21.9,0.936,86.72,8.14,4.66
84.3,0.116,2.45,51.7,36.4,0.974,89.56,9.28,5.57
69.1,0.091,2.06,33.4,20.3,0.904,88.68,5.55,6.03
73.5,0.133,2.07,46.3,33.6,0.961,88.81,9.15,5.06
68.4,0.108,1.9,36.9,23.3,0.917,88.83,6.59,5.6
58.0,0.084,2.35,28.9,17.5,0.94,89.12,4.44,6.5
64.7,0.142,2.58,50.5,37.6,0.968,89.66,8.7,5.8
77.4,0.107,1.2,33.8,19.0,0.926,86.95,7.46,4.53
78.9,0.108,3.15,55.0,40.0,0.972,89.54,8.05,6.82
76.8,0.136,2.17,48.8,35.0,0.936,89.48,9.52,5.13
71.4,0.131,2.15,44.3,32.2,0.956,89.75,8.73,5.08
86.2,0.101,1.4,40.0,23.3,0.958,87.84,8.1,4.94
75.8,0.124,1.81,43.0,28.9,0.921,88.75,8.44,5.1
83.4,0.103,2.78,50.6,35.4,0.972,89.15,8.11,6.25
53.7,0.121,2.13,32.9,22.4,0.91,89.98,5.78,5.69
50.0,0.099,2.31,26.3,16.5,0.947,89.44,4.59,5.74
78.4,0.101,1.87,40.1,25.6,0.974,88.34,7.52,5.34
57.9,0.099,3.09,35.7,24.4,0.902,89.87,5.04,7.07
72.5,0.119,2.02,42.7,29.0,0.943,88.43,7.92,5.39
71.4,0.135,2.67,49.5,36.2,0.92,89.68,8.64,5.73
94.0,0.108,2.02,48.8,31.4,0.915,88.43,9.07,5.38
79.8,0.105,2.27,44.8,29.8,0.919,88.79,7.48,5.99
77.0,0.092,2.28,40.3,26.1,0.972,89.09,6.73,5.98
85.0,0.102,2.56,47.5,31.9,0.934,89.56,7.9,6.02
79.4,0.129,2.47,51.2,36.9,0.919,90.12,9.21,5.55
69.5,0.155,1.86,47.3,34.0,0.974,89.15,10.2,4.64
87.9,0.105,2.68,53.5,36.8,0.926,89.15,8.32,6.43
61.7,0.112,1.6,32.0,19.7,0.958,88.22,6.44,4.97
78.9,0.105,1.51,37.2,22.6,0.943,88.09,7.61,4.89
56.4,0.15,1.95,37.9,27.3,0.954,88.94,7.86,4.82
77.4,0.116,2.3,46.7,32.0,0.915,89.11,7.98,5.85
77.3,0.093,1.59,35.3,21.2,0.954,88.07,6.68,5.28
95.1,0.091,2.06,47.5,30.3,0.972,88.22,8.2,5.79
56.2,0.104,1.41,26.3,15.0,0.908,87.83,5.18,5.08
67.8,0.107,1.97,35.5,23.0,0.926,89.27,6.56,5.41
84.9,0.11,2.59,52.6,36.9,0.978,89.27,8.89,5.91
79.0,0.099,1.68,36.9,22.6,0.918,88.6,6.97,5.29
77.2,0.098,1.49,33.6,19.4,0.905,88.37,6.64,5.06
63.5,0.11,2.29,35.0,23.0,0.904,89.57,6.16,5.68
67.9,0.098,1.71,32.6,19.2,0.922,88.3,6.01,5.43
89.9,0.127,3.2,67.5,51.0,0.94,90.25,10.44,6.46
74.4,0.104,2.2,40.9,27.3,0.922,88.18,6.96,5.88
79.5,0.098,2.61,45.1,30.5,0.922,88.71,7.02,6.42
73.6,0.115,1.44,36.7,22.5,0.967,88.21,7.94,4.62
60.8,0.099,2.33,33.6,22.5,0.961,90.2,5.65,5.95
86.2,0.117,1.6,42.0,26.5,0.925,88.38,9.09,4.62
81.0,0.108,2.01,43.1,28.5,0.928,88.87,7.95,5.42
100.0,0.122,1.72,55.3,37.2,0.978,88.07,11.59,4.77
62.8,0.123,2.62,42.4,30.3,0.976,90.0,7.37,5.75
84.9,0.125,2.26,53.4,37.9,0.978,89.62,10.1,5.29
59.3,0.1,2.16,33.2,21.7,0.975,89.46,5.62,5.9
76.9,0.125,2.78,53.5,39.7,0.95,89.73,8.92,6.0
86.7,0.106,2.11,46.2,30.7,0.925,89.17,8.32,5.55
50.1,0.128,2.62,36.7,26.4,0.978,90.16,6.13,5.98
72.5,0.136,3.0,55.8,42.8,0.959,90.18,9.22,6.06
68.2,0.151,2.17,49.1,36.3,0.957,90.02,9.59,5.12
66.6,0.1,2.23,36.8,23.8,0.964,88.84,6.27,5.88
79.6,0.107,2.58,46.2,31.3,0.948,89.33,7.9,5.84
88.4,0.102,2.82,54.3,38.4,0.947,89.32,8.34,6.51
73.4,0.106,2.16,38.7,24.6,0.929,88.65,7.05,5.49
77.5,0.096,1.78,35.8,21.7,0.912,87.98,6.6,5.43
76.4,0.115,2.53,48.0,33.8,0.935,89.23,8.02,5.99
75.0,0.13,2.39,47.8,34.1,0.941,89.91,8.98,5.32
61.9,0.142,2.53,45.5,34.2,0.97,89.92,8.33,5.47
88.3,0.1,2.45,48.5,32.4,0.932,89.07,8.0,6.06
78.5,0.102,2.2,44.3,29.2,0.971,89.09,7.6,5.83
79.7,0.125,2.23,49.7,34.5,0.925,89.49,9.01,5.51
65.3,0.108,2.45,39.0,26.3,0.976,89.64,6.69,5.83
69.5,0.108,1.38,31.8,18.4,0.903,87.77,6.62,4.81
72.9,0.124,2.76,49.9,36.0,0.942,89.7,8.31,6.01
56.6,0.097,2.32,29.1,18.1,0.926,89.75,4.94,5.89
54.7,0.098,1.68,25.2,14.9,0.924,88.36,4.81,5.23
67.8,0.107,2.19,37.8,24.8,0.906,89.67,6.41,5.89
81.3,0.133,2.76,60.0,44.6,0.955,89.52,10.05,5.97
67.2,0.111,2.25,39.2,26.1,0.931,89.2,6.76,5.8
62.8,0.136,1.73,37.6,25.5,0.976,89.24,8.15,4.62
65.2,0.105,1.46,30.0,17.4,0.957,88.82,6.37,4.7
69.5,0.1,3.2,44.5,31.9,0.935,89.01,6.37,6.98
70.8,0.153,1.23,41.2,27.3,0.95,88.13,10.04,4.11
100.0,0.084,2.27,46.6,28.7,0.905,88.67,7.39,6.31
87.7,0.131,1.81,50.9,35.7,0.947,88.51,10.59,4.81
87.3,0.113,2.62,54.9,38.9,0.953,89.45,9.21,5.96
89.0,0.099,1.49,39.7,23.5,0.908,87.22,7.81,5.09
63.0,0.098,2.9,38.3,26.0,0.955,89.37,5.75,6.65
60.3,0.121,2.04,35.7,24.1,0.938,89.45,6.69,5.34
61.7,0.18,1.99,47.1,35.4,0.938,89.56,10.14,4.64
91.0,0.115,1.94,50.9,34.5,0.958,88.7,9.8,5.19
68.4,0.104,1.8,35.0,22.0,0.936,88.4,6.47,5.4
60.0,0.096,1.92,29.1,17.5,0.919,88.68,5.14,5.65
69.8,0.102,2.46,40.3,26.4,0.924,89.72,6.43,6.27
72.1,0.108,1.24,32.7,19.3,0.959,86.89,7.29,4.49
78.2,0.103,1.73,38.4,24.1,0.906,88.33,7.12,5.39
78.0,0.143,2.85,63.0,48.1,0.967,90.11,10.54,5.98
65.1,0.112,2.05,36.7,24.3,0.947,89.23,6.71,5.47
83.2,0.11,1.81,43.9,28.2,0.958,88.3,8.57,5.12
67.3,0.12,1.46,34.4,21.6,0.927,88.28,7.33,4.69
73.1,0.085,1.51,30.0,16.0,0.918,87.4,5.53,5.42
83.2,0.155,2.59,67.0,51.2,0.964,89.69,12.12,5.53
67.3,0.143,1.69,38.9,25.6,0.908,89.47,8.51,4.57
68.2,0.085,2.5,33.9,20.7,0.913,89.42,5.19,6.53
82.1,0.12,1.61,42.1,27.8,0.923,88.27,8.89,4.74
64.7,0.126,2.04,39.0,27.2,0.928,89.45,7.41,5.26
70.4,0.12,2.07,40.9,27.6,0.916,88.89,7.55,5.42
81.7,0.109,1.72,41.5,27.0,0.973,88.45,8.41,4.93
99.6,0.086,2.14,45.1,27.6,0.902,88.25,7.55,5.98
82.3,0.105,1.2,36.8,21.3,0.964,86.77,8.1,4.54
80.7,0.113,2.06,43.6,28.9,0.933,88.88,8.31,5.25
81.4,0.102,2.32,45.4,30.6,0.967,88.85,7.85,5.78
62.1,0.105,1.68,32.6,20.8,0.964,88.58,6.14,5.31
76.4,0.107,2.21,42.2,27.5,0.91,89.22,7.26,5.81
74.6,0.141,2.18,51.3,36.8,0.953,89.39,9.81,5.23
78.9,0.107,2.2,43.6,28.1,0.93,88.03,7.65,5.7
76.4,0.092,1.43,34.8,20.2,0.966,87.29,6.64,5.24
79.6,0.14,2.15,55.2,39.9,0.968,88.98,10.49,5.27
71.3,0.102,1.24,30.6,17.5,0.915,87.36,6.47,4.74
75.7,0.157,1.79,49.6,36.1,0.938,88.87,10.84,4.57
60.3,0.15,2.1,41.9,30.0,0.948,89.55,8.38,5.0
71.2,0.132,2.2,45.6,32.3,0.944,89.75,8.66,5.27
91.7,0.113,1.5,46.7,29.4,0.92,87.5,9.28,5.04
78.8,0.123,1.96,44.7,30.2,0.922,89.01,8.75,5.11
74.7,0.106,2.5,45.6,31.9,0.969,89.12,7.48,6.1
97.8,0.132,1.61,54.1,36.6,0.903,88.01,11.35,4.77
58.7,0.1,1.2,25.6,14.2,0.921,86.86,5.26,4.87
61.7,0.124,2.36,38.9,27.0,0.918,89.47,6.86,5.67
95.6,0.156,1.63,58.6,41.2,0.93,88.71,13.51,4.34
75.6,0.126,1.78,44.2,29.6,0.955,88.42,8.87,4.99
72.1,0.121,2.17,43.0,29.9,0.943,89.02,8.01,5.37
60.6,0.119,2.14,36.3,24.2,0.943,90.15,6.65,5.46
80.4,0.102,2.61,47.5,32.3,0.959,89.38,7.69,6.17
81.5,0.119,1.98,47.5,32.4,0.965,89.0,9.16,5.19
61.9,0.109,2.13,34.6,22.6,0.913,89.03,6.03,5.75
73.3,0.091,1.25,29.5,16.0,0.909,87.49,5.92,4.99
71.0,0.129,2.41,46.3,33.5,0.924,90.03,8.23,5.62
78.1,0.159,1.75,52.6,37.9,0.966,88.85,11.66,4.51
61.6,0.128,3.2,46.9,35.2,0.943,90.51,7.24,6.47
90.0,0.097,1.99,43.3,26.6,0.911,88.97,7.73,5.6
86.0,0.095,2.31,44.3,28.7,0.913,88.17,7.3,6.07
70.6,0.152,2.42,54.1,40.5,0.972,90.2,10.19,5.32
72.4,0.16,2.06,50.3,36.3,0.929,89.34,10.51,4.78
73.4,0.129,2.32,47.3,33.2,0.92,89.96,8.5,5.57
65.7,0.109,3.2,46.5,33.5,0.955,89.58,6.69,6.95
69.7,0.084,1.72,32.4,19.2,0.969,88.45,5.54,5.84
71.8,0.101,1.2,30.9,17.1,0.935,86.47,6.59,4.69
94.4,0.126,1.45,49.4,32.4,0.963,88.17,11.13,4.43
86.4,0.091,2.6,46.2,30.6,0.934,89.08,7.14,6.47
86.2,0.105,1.86,44.4,28.6,0.955,88.93,8.46,5.24
79.4,0.101,3.2,51.5,36.3,0.946,89.3,7.44,6.93
61.6,0.114,2.46,37.9,26.1,0.972,89.68,6.65,5.69
74.5,0.122,1.77,41.2,26.9,0.926,89.24,8.22,5.01
86.6,0.1,1.71,42.4,26.9,0.962,88.14,8.11,5.23
59.9,0.113,1.88,32.3,21.4,0.955,89.14,6.32,5.1
82.6,0.088,1.2,33.2,18.2,0.967,87.02,6.87,4.84
100.0,0.118,2.24,60.2,42.2,0.949,88.34,10.91,5.52
87.7,0.123,2.45,57.0,40.6,0.937,89.13,9.88,5.77
92.0,0.138,1.62,51.3,34.7,0.904,88.74,11.15,4.6
77.6,0.093,1.32,33.4,18.4,0.967,86.58,6.78,4.93
86.6,0.097,1.64,41.5,25.4,0.973,88.39,8.01,5.18
66.4,0.14,2.6,47.9,35.4,0.936,89.74,8.5,5.64
84.6,0.093,2.5,44.0,28.4,0.918,89.76,7.03,6.26
82.9,0.138,2.21,54.1,39.3,0.952,89.51,10.61,5.1
78.5,0.101,2.92,47.0,32.5,0.91,89.18,7.05,6.66
90.8,0.105,1.26,38.9,22.5,0.903,87.38,8.41,4.63
68.5,0.104,2.0,35.4,22.3,0.923,89.41,6.4,5.53
72.8,0.137,2.38,49.4,35.9,0.954,89.86,9.24,5.35
76.1,0.115,2.49,48.7,34.3,0.965,89.27,8.22,5.92
62.6,0.136,2.5,41.9,30.5,0.913,90.38,7.56,5.54
77.7,0.123,2.46,51.4,36.6,0.976,89.14,9.07,5.67
54.4,0.089,2.76,29.2,18.5,0.944,89.98,4.45,6.56
87.6,0.101,2.48,52.3,35.9,0.974,88.24,8.44,6.2
75.6,0.11,1.52,35.9,21.4,0.912,88.09,7.41,4.84
68.7,0.096,1.87,33.8,20.8,0.937,88.45,6.04,5.6
65.0,0.125,1.25,33.2,20.4,0.934,87.17,7.39,4.49
72.2,0.114,2.6,44.8,31.1,0.933,90.0,7.47,6.0
83.3,0.102,2.7,51.1,35.6,0.974,88.54,8.06,6.33
81.6,0.104,1.49,38.9,24.1,0.968,88.3,8.03,4.85
66.5,0.131,1.91,41.9,28.7,0.964,88.61,8.19,5.11
64.8,0.135,1.22,33.7,21.3,0.923,88.05,7.9,4.27
82.9,0.117,2.04,47.1,31.3,0.927,88.63,8.74,5.39
66.3,0.149,1.69,40.2,28.1,0.921,88.31,8.86,4.54
75.7,0.099,1.52,36.4,22.5,0.963,87.74,7.06,5.15
76.5,0.154,2.09,53.2,39.4,0.931,89.71,10.72,4.96
78.7,0.111,3.04,54.2,39.2,0.978,89.31,8.33,6.51
85.3,0.113,2.5,51.9,36.0,0.929,89.35,8.71,5.96
59.8,0.135,1.97,36.3,25.3,0.914,89.63,7.19,5.04
52.1,0.086,2.08,25.4,15.4,0.974,89.57,4.27,5.94
68.2,0.123,3.04,50.6,38.2,0.963,89.95,7.87,6.43
96.6,0.127,2.73,67.1,49.2,0.947,89.81,11.31,5.93
99.3,0.117,1.94,56.6,38.2,0.969,88.84,10.99,5.15
97.0,0.088,2.35,49.9,32.6,0.976,88.64,8.09,6.17
72.7,0.13,1.6,39.7,26.9,0.969,88.91,8.95,4.44
53.6,0.096,2.11,27.3,17.5,0.972,89.5,4.89,5.59
50.0,0.113,2.48,32.0,21.5,0.922,89.72,5.06,6.33
67.6,0.093,2.61,37.8,24.5,0.941,89.62,5.79,6.53
72.6,0.155,1.78,48.3,34.0,0.964,89.23,10.55,4.58
90.6,0.11,2.6,55.2,38.8,0.942,89.41,9.14,6.04
85.4,0.148,2.17,58.2,43.4,0.951,90.05,11.7,4.98
77.7,0.133,1.96,49.7,35.1,0.974,88.79,9.81,5.07
64.3,0.101,3.05,40.5,28.4,0.924,89.82,5.85,6.92
63.5,0.148,1.92,42.6,29.7,0.943,89.42,8.63,4.93
78.0,0.103,1.55,38.3,23.5,0.945,88.26,7.44,5.15
83.4,0.098,1.76,40.5,25.0,0.929,88.11,7.37,5.49
79.7,0.082,2.46,39.2,24.6,0.929,88.76,5.95,6.58
62.6,0.147,1.61,38.6,26.0,0.962,88.85,8.62,4.48
82.8,0.082,2.51,42.8,27.8,0.974,89.11,6.46,6.63
80.1,0.107,1.67,40.4,26.1,0.951,88.11,7.97,5.07
62.2,0.141,2.06,40.4,28.4,0.939,88.61,8.04,5.03
65.6,0.11,3.2,45.8,32.9,0.96,89.53,6.75,6.79
83.3,0.106,1.66,41.7,25.8,0.98,88.67,8.43,4.95
72.2,0.096,1.2,28.4,15.4,0.907,87.56,6.1,4.65
94.1,0.103,2.78,58.6,41.1,0.952,89.02,9.03,6.49
81.0,0.12,1.4,40.4,25.5,0.944,88.41,8.92,4.53
69.2,0.091,1.69,31.7,18.3,0.949,88.16,5.83,5.44
74.9,0.117,2.46,45.3,31.9,0.902,88.9,7.68,5.9
75.8,0.101,2.44,44.1,30.2,0.976,89.12,7.31,6.04
66.3,0.124,1.2,32.9,20.0,0.907,87.71,7.29,4.51
64.0,0.147,1.93,41.9,29.7,0.925,89.21,8.5,4.93
83.4,0.119,2.53,52.8,37.5,0.924,89.6,8.97,5.88
85.1,0.13,3.11,64.7,49.2,0.959,89.88,10.34,6.26
82.2,0.107,1.48,39.5,24.4,0.954,87.71,8.18,4.83
93.2,0.134,2.63,63.7,46.8,0.905,89.76,11.02,5.78
68.5,0.09,1.77,28.9,16.4,0.912,88.83,5.45,5.31
95.1,0.113,2.62,58.5,41.5,0.926,89.26,9.7,6.03
64.2,0.097,1.58,29.3,16.8,0.956,88.4,5.8,5.04
62.8,0.116,1.98,36.9,24.9,0.974,88.62,6.91,5.34
53.9,0.102,2.29,29.6,18.8,0.925,89.92,4.94,5.99
69.7,0.123,2.58,45.9,32.9,0.942,89.49,7.88,5.83
69.0,0.13,2.39,45.0,32.1,0.93,89.33,8.15,5.51
81.3,0.102,1.89,41.2,25.8,0.946,88.86,7.67,5.37
77.9,0.101,1.85,39.2,24.4,0.95,88.39,7.26,5.39
60.7,0.112,2.99,41.5,29.8,0.941,89.65,6.26,6.63
70.3,0.09,2.24,34.8,21.2,0.931,88.89,5.72,6.08
70.5,0.125,1.86,42.0,28.4,0.97,88.53,8.37,5.01
53.7,0.098,2.37,31.3,20.9,0.964,89.22,4.96,6.31
63.2,0.132,2.41,43.5,31.3,0.98,90.12,7.98,5.45
65.8,0.14,1.42,36.7,24.0,0.933,88.72,8.37,4.38
92.2,0.095,2.34,47.9,30.9,0.903,88.85,7.7,6.22
77.3,0.104,1.35,37.4,22.4,0.952,87.26,7.46,5.02
82.9,0.105,1.78,43.4,27.9,0.963,88.53,8.17,5.31
57.0,0.119,1.61,31.4,20.0,0.975,87.96,6.46,4.86
89.3,0.112,2.04,47.6,31.8,0.901,89.16,8.82,5.4
90.6,0.136,1.88,57.3,39.7,0.97,88.79,11.68,4.9
51.0,0.094,2.0,25.9,16.3,0.941,88.7,4.41,5.89
66.5,0.119,1.2,31.2,18.8,0.93,87.9,7.18,4.35
80.9,0.087,2.06,38.6,23.8,0.918,88.62,6.28,6.14
82.7,0.135,1.55,46.0,30.9,0.965,88.16,10.54,4.36
